Barangay,Location Code,Post Number,Existing Pole ID,Pole Description,Latitude,Longitude,Classification
Awang,AWG-POST-001,1,JB7.11E,OS/STEEL/30FT,8.45551299811545,124.466948004175,Nearest barangay reference point
Awang,AWG-POST-002,2,JB7@11E,OS/STEEL/30FT,8.45551299811545,124.466948004175,Nearest barangay reference point
Awang,AWG-POST-003,3,JB7.11F,OS/STEEL/30FT,8.45375900114604,124.467379002559,Nearest barangay reference point
Awang,AWG-POST-004,4,JB7@11F,OS/STEEL/30FT,8.45375900114604,124.467379002559,Nearest barangay reference point
Awang,AWG-POST-005,5,JB7.11,A5/WOOD/35FT,8.45876060527453,124.467665038218,Nearest barangay reference point
Awang,AWG-POST-006,6,JB7.11,A5/WOOD/35FT,8.45876060527453,124.467665038218,Nearest barangay reference point
Awang,AWG-POST-007,7,JB7@11,A5/WOOD/35FT,8.45876060527453,124.467665038218,Nearest barangay reference point
Awang,AWG-POST-008,8,JB7.11D,OS/STEEL/30FT,8.45637399612528,124.467809000761,Nearest barangay reference point
Awang,AWG-POST-009,9,JB7@11D,OS/STEEL/30FT,8.45637399612528,124.467809000761,Nearest barangay reference point
Awang,AWG-POST-010,10,JB7.11A,OS/STEEL/30FT,8.45783859857259,124.468450031893,Nearest barangay reference point
Awang,AWG-POST-011,11,JB7@11A,OS/STEEL/30FT,8.45783859857259,124.468450031893,Nearest barangay reference point
Awang,AWG-POST-012,12,JB7.11C,OS/STEEL/30FT,8.45700460483789,124.468461032632,Nearest barangay reference point
Awang,AWG-POST-013,13,JB7@11C,OS/STEEL/30FT,8.45700460483789,124.468461032632,Nearest barangay reference point
Awang,AWG-POST-014,14,JB7.10B,OS/STEEL/30FT,8.46167495367332,124.468498485006,Nearest barangay reference point
Awang,AWG-POST-015,15,JB7@10B,OS/STEEL/30FT,8.46167495367332,124.468498485006,Nearest barangay reference point
Awang,AWG-POST-016,16,JB7.11B,OS/STEEL/30FT,8.45772760573401,124.468844034785,Nearest barangay reference point
Awang,AWG-POST-017,17,JB7@11B,OS/STEEL/30FT,8.45772760573401,124.468844034785,Nearest barangay reference point
Awang,AWG-POST-018,18,JB7.10A,OS/STEEL/30FT,8.4618027376639,124.468935364978,Nearest barangay reference point
Awang,AWG-POST-019,19,JB7@10A,OS/STEEL/30FT,8.4618027376639,124.468935364978,Nearest barangay reference point
Awang,AWG-POST-020,20,JB7.11CA,OS/STEEL/30FT,8.45643660120701,124.469340034997,Nearest barangay reference point
Awang,AWG-POST-021,21,JB7@11CA,OS/STEEL/30FT,8.45643660120701,124.469340034997,Nearest barangay reference point
Awang,AWG-POST-022,22,Opol,Kulambog,8.45807830004364,124.4698483177,Nearest barangay reference point
Awang,AWG-POST-023,23,Opol,Kulambog,8.45807830004364,124.4698483177,Nearest barangay reference point
Awang,AWG-POST-024,24,JB7.10,A1/WOOD/35FT,8.46143151109168,124.470214362597,Nearest barangay reference point
Awang,AWG-POST-025,25,JB7@10,A1/WOOD/35FT,8.46143151109168,124.470214362597,Nearest barangay reference point
Awang,AWG-POST-026,26,JB7@10,BN10KVA/COMMON,8.46160507981726,124.470214362597,Nearest barangay reference point
Awang,AWG-POST-027,27,JB7.9,A2/WOOD/35FT,8.46303563150307,124.471845306032,Nearest barangay reference point
Awang,AWG-POST-028,28,JB7@9,A2/WOOD/35FT,8.46303563150307,124.471845306032,Nearest barangay reference point
Awang,AWG-POST-029,29,JB7.8,A2/WOOD/35FT,8.46454429807942,124.472389627405,Nearest barangay reference point
Awang,AWG-POST-030,30,JB7@8,A2/WOOD/35FT,8.46454429807942,124.472389627405,Nearest barangay reference point
Awang,AWG-POST-031,31,JB7.7A,OS/STEEL/30FT,8.46530402977696,124.473284230807,Nearest barangay reference point
Awang,AWG-POST-032,32,JB7.7A,OS/STEEL/30FT,8.46530402977696,124.473284230807,Nearest barangay reference point
Awang,AWG-POST-033,33,JB7.6A,OS/STEEL/30FT,8.46786036075785,124.473478695451,Nearest barangay reference point
Awang,AWG-POST-034,34,JB7.6A,OS/STEEL/30FT,8.46786036075785,124.473478695451,Nearest barangay reference point
Awang,AWG-POST-035,35,JB7.7,A1-1/WOOD/35FT,8.46610651002028,124.473529486784,Nearest barangay reference point
Awang,AWG-POST-036,36,JB7@7,A1-1/WOOD/35FT,8.46610651002028,124.473529486784,Nearest barangay reference point
Awang,AWG-POST-037,37,JB7.6,A4/WOOD/35FT,8.46782380092975,124.47422451708,Nearest barangay reference point
Awang,AWG-POST-038,38,JB7@6,A4/WOOD/35FT,8.46782380092975,124.47422451708,Nearest barangay reference point
Awang,AWG-POST-039,39,J55.5H,OS/STEEL/30FT,8.45589668455055,124.475248696857,Nearest barangay reference point
Awang,AWG-POST-040,40,J55@5H,OS/STEEL/30FT,8.45589668455055,124.475248696857,Nearest barangay reference point
Awang,AWG-POST-041,41,J55.5G,OS/STEEL/30FT,8.45673915079444,124.475563267809,Nearest barangay reference point
Awang,AWG-POST-042,42,J55@5G,OS/STEEL/30FT,8.45673915079444,124.475563267809,Nearest barangay reference point
Awang,AWG-POST-043,43,J55.5F,OS/STEEL/30FT,8.45810632571087,124.475606351084,Nearest barangay reference point
Awang,AWG-POST-044,44,J55@5F,OS/STEEL/30FT,8.45810632571087,124.475606351084,Nearest barangay reference point
Awang,AWG-POST-045,45,JB7.5,A4/WOOD/35FT,8.46755063530445,124.475911291524,Nearest barangay reference point
Awang,AWG-POST-046,46,JB7@5,A4/WOOD/35FT,8.46755063530445,124.475911291524,Nearest barangay reference point
Awang,AWG-POST-047,47,JB15B,OS/STEEL/30FT,8.48546644210397,124.476954749317,Nearest barangay reference point
Awang,AWG-POST-048,48,JB15B,OS/STEEL/30FT,8.48546644210397,124.476954749317,Nearest barangay reference point
Awang,AWG-POST-049,49,JB7.3,A4/WOOD/35FT,8.47145416879032,124.477050642281,Nearest barangay reference point
Awang,AWG-POST-050,50,JB7@3,A4/WOOD/35FT,8.47145416879032,124.477050642281,Nearest barangay reference point
Awang,AWG-POST-051,51,JB15,CN10KVA/COMMON,8.48393873917643,124.477175529711,Nearest barangay reference point
Awang,AWG-POST-052,52,JB15,A5/STEEL/35FT,8.48375754105631,124.477183159106,Nearest barangay reference point
Awang,AWG-POST-053,53,JB15,A5/STEEL/35FT,8.48375754105631,124.477183159106,Nearest barangay reference point
Awang,AWG-POST-054,54,J55.5E,OS/STEEL/30FT,8.457592260438,124.477219118217,Nearest barangay reference point
Awang,AWG-POST-055,55,J55@5E,OS/STEEL/30FT,8.457592260438,124.477219118217,Nearest barangay reference point
Awang,AWG-POST-056,56,JB15A,OS/STEEL/30FT,8.48462700345429,124.477227326315,Nearest barangay reference point
Awang,AWG-POST-057,57,JB15A,OS/STEEL/30FT,8.48462700345429,124.477227326315,Nearest barangay reference point
Awang,AWG-POST-058,58,JB7.5A,OS/STEEL/30FT,8.46642360295022,124.477267900725,Nearest barangay reference point
Awang,AWG-POST-059,59,JB7.5A,OS/STEEL/30FT,8.46642360295022,124.477267900725,Nearest barangay reference point
Awang,AWG-POST-060,60,JB7.4,A4/WOOD/35FT,8.4703861418555,124.477298328667,Nearest barangay reference point
Awang,AWG-POST-061,61,JB7@4,A4/WOOD/35FT,8.4703861418555,124.477298328667,Nearest barangay reference point
Awang,AWG-POST-062,62,JB14,A1/STEEL/35FT,8.48279906927523,124.477488758501,Nearest barangay reference point
Awang,AWG-POST-063,63,JB14,A1/STEEL/35FT,8.48279906927523,124.477488758501,Nearest barangay reference point
Awang,AWG-POST-064,64,JB13,A1/STEEL/35FT,8.4820394205348,124.477892772333,Nearest barangay reference point
Awang,AWG-POST-065,65,JB13,A1/STEEL/35FT,8.4820394205348,124.477892772333,Nearest barangay reference point
Awang,AWG-POST-066,66,JB12,A6/STEEL/35FT,8.48127046581505,124.478232653709,Nearest barangay reference point
Awang,AWG-POST-067,67,JB12,A6/STEEL/35FT,8.48127046581505,124.478232653709,Nearest barangay reference point
Awang,AWG-POST-068,68,JB9,A2/STEEL/35FT,8.47726772082449,124.478319212297,Nearest barangay reference point
Awang,AWG-POST-069,69,JB9,A2/STEEL/35FT,8.47726772082449,124.478319212297,Nearest barangay reference point
Awang,AWG-POST-070,70,JB9A,OS/STEEL/30FT,8.47770865910047,124.478375567326,Nearest barangay reference point
Awang,AWG-POST-071,71,JB9A,OS/STEEL/30FT,8.47770865910047,124.478375567326,Nearest barangay reference point
Awang,AWG-POST-072,72,JB10C,OS/STEEL/30FT,8.47928353895379,124.478498777892,Nearest barangay reference point
Awang,AWG-POST-073,73,JB10C,OS/STEEL/30FT,8.47928353895379,124.478498777892,Nearest barangay reference point
Awang,AWG-POST-074,74,JB10A,OS/STEEL/30FT,8.47815918327962,124.478527612984,Nearest barangay reference point
Awang,AWG-POST-075,75,JB10A,OS/STEEL/30FT,8.47815918327962,124.478527612984,Nearest barangay reference point
Awang,AWG-POST-076,76,JB10,A6/WOOD/35FT,8.47861058550612,124.478535297764,Nearest barangay reference point
Awang,AWG-POST-077,77,JB10,A6/WOOD/35FT,8.47861058550612,124.478535297764,Nearest barangay reference point
Awang,AWG-POST-078,78,JB7.2,A4/WOOD/35FT,8.47234164393608,124.478564492746,Nearest barangay reference point
Awang,AWG-POST-079,79,JB7@2,A4/WOOD/35FT,8.47234164393608,124.478564492746,Nearest barangay reference point
Awang,AWG-POST-080,80,JB10B,OS/STEEL/30FT,8.4787646948272,124.478610425479,Nearest barangay reference point
Awang,AWG-POST-081,81,JB10B,OS/STEEL/30FT,8.4787646948272,124.478610425479,Nearest barangay reference point
Awang,AWG-POST-082,82,JB11,A2/STEEL/35FT,8.48023916005043,124.478637669747,Nearest barangay reference point
Awang,AWG-POST-083,83,JB11,A2/STEEL/35FT,8.48023916005043,124.478637669747,Nearest barangay reference point
Awang,AWG-POST-084,84,JB8,A1/WOOD/35FT,8.4761225014142,124.478684411817,Nearest barangay reference point
Awang,AWG-POST-085,85,JB8,A1/WOOD/35FT,8.4761225014142,124.478684411817,Nearest barangay reference point
Awang,AWG-POST-086,86,J55.5D,OS/STEEL/30FT,8.45783299061735,124.47882198923,Nearest barangay reference point
Awang,AWG-POST-087,87,J55@5D,OS/STEEL/30FT,8.45783299061735,124.47882198923,Nearest barangay reference point
Awang,AWG-POST-088,88,JB7.1,A2/WOOD/35FT,8.47394032124244,124.47891285049,Nearest barangay reference point
Awang,AWG-POST-089,89,JB7@1,A2/WOOD/35FT,8.47394032124244,124.47891285049,Nearest barangay reference point
Awang,AWG-POST-090,90,JB7,A4/A5-1WOOD/35FT,8.4753498575932,124.478985992693,Nearest barangay reference point
Awang,AWG-POST-091,91,JB7,A4/A5-1WOOD/35FT,8.4753498575932,124.478985992693,Nearest barangay reference point
Awang,AWG-POST-092,92,JB10D,OS/STEEL/30FT,8.47815918327962,124.479115076363,Nearest barangay reference point
Awang,AWG-POST-093,93,JB8A,OS/STEEL/30FT,8.47602686185925,124.479250125801,Nearest barangay reference point
Awang,AWG-POST-094,94,JB8A,OS/STEEL/30FT,8.4760268610315,124.479250125803,Nearest barangay reference point
Awang,AWG-POST-095,95,J55.5C,OS/STEEL/30FT,8.45953418319677,124.480148340951,Nearest barangay reference point
Awang,AWG-POST-096,96,J55@5C,OS/STEEL/30FT,8.45953418319677,124.480148340951,Nearest barangay reference point
Awang,AWG-POST-097,97,J55.5B,OS/STEEL/30FT,8.46076271518462,124.48087706167,Nearest barangay reference point
Awang,AWG-POST-098,98,J55@5B,OS/STEEL/30FT,8.46076271518462,124.48087706167,Nearest barangay reference point
Awang,AWG-POST-099,99,J55.5A,OS/STEEL/30FT,8.46138196953235,124.481246787786,Nearest barangay reference point
Awang,AWG-POST-100,100,J55@5A,OS/STEEL/30FT,8.46138196953235,124.481246787786,Nearest barangay reference point
Awang,AWG-POST-101,101,JB6,A1/WOOD/35FT,8.47445236811399,124.481472836312,Nearest barangay reference point
Awang,AWG-POST-102,102,J51.24H,OS/STEEL/30FT,8.4923889973744,124.481778003101,Nearest barangay reference point
Awang,AWG-POST-103,103,J51.24G,OS/STEEL/30FT,8.49275899721995,124.481825000347,Nearest barangay reference point
Awang,AWG-POST-104,104,J55.5K,OS/STEEL/30FT,8.45934558733205,124.48210325071,Nearest barangay reference point
Awang,AWG-POST-105,105,J55@5K,OS/STEEL/30FT,8.45934558733205,124.48210325071,Nearest barangay reference point
Awang,AWG-POST-106,106,J55@5,BN10KVA/COMMON,8.46137923347691,124.482142638074,Nearest barangay reference point
Awang,AWG-POST-107,107,J55.5,A5/STEEL/35FT,8.46114367592076,124.482157896863,Nearest barangay reference point
Awang,AWG-POST-108,108,J55@5,A5/STEEL/35FT,8.46114367592076,124.482157896863,Nearest barangay reference point
Awang,AWG-POST-109,109,J55.5J,OS/STEEL/30FT,8.45973082603296,124.482166635566,Nearest barangay reference point
Awang,AWG-POST-110,110,J55@5J,OS/STEEL/30FT,8.45973082603296,124.482166635566,Nearest barangay reference point
Awang,AWG-POST-111,111,J55.5I,OS/STEEL/30FT,8.4600879709963,124.482220177265,Nearest barangay reference point
Awang,AWG-POST-112,112,J55@5I,OS/STEEL/30FT,8.4600879709963,124.482220177265,Nearest barangay reference point
Awang,AWG-POST-113,113,JB5,A1/WOOD/35FT,8.47406021798396,124.4825886185,Nearest barangay reference point
Awang,AWG-POST-114,114,J55.4,A4/STEEL/35FT,8.46214287737443,124.483413427139,Nearest barangay reference point
Awang,AWG-POST-115,115,J55@4,A4/STEEL/35FT,8.46214287737443,124.483413427139,Nearest barangay reference point
Awang,AWG-POST-116,116,J51.24F,OS/STEEL/30FT,8.49271700150793,124.483526999591,Nearest barangay reference point
Awang,AWG-POST-117,117,J51.24E,OS/STEEL/30FT,8.4924659970104,124.483989002777,Nearest barangay reference point
Awang,AWG-POST-118,118,Opol,Guiangkan,8.49182978777557,124.484046620923,Nearest barangay reference point
Awang,AWG-POST-119,119,J51.24D,OS/STEEL/30FT,8.49221599534516,124.484443997253,Nearest barangay reference point
Awang,AWG-POST-120,120,J55.3,A2/STEEL/35FT,8.46173031933303,124.485058706463,Nearest barangay reference point
Awang,AWG-POST-121,121,J55@3,A2/STEEL/35FT,8.46173031933303,124.485058706463,Nearest barangay reference point
Awang,AWG-POST-122,122,J51.24C,OS/STEEL/30FT,8.49127200299734,124.485307998277,Nearest barangay reference point
Awang,AWG-POST-123,123,J51.24B,OS/STEEL/30FT,8.49071099843665,124.485378003159,Nearest barangay reference point
Awang,AWG-POST-124,124,JB4D,OS/STEEL/30FT,8.47355903298174,124.485695403174,Nearest barangay reference point
Awang,AWG-POST-125,125,Opol,Awang,8.47392550615936,124.485938710767,Nearest barangay reference point
Awang,AWG-POST-126,126,JB4B,OS/STEEL/30FT,8.47338103946471,124.486328121118,Nearest barangay reference point
Awang,AWG-POST-127,127,J51.24A,OS/STEEL/30FT,8.48922299751382,124.48635300351,Nearest barangay reference point
Awang,AWG-POST-128,128,J55.2,A4/STEEL/35FT,8.46173182826945,124.486384473643,Nearest barangay reference point
Awang,AWG-POST-129,129,J55@2,A4/STEEL/35FT,8.46173182826945,124.486384473643,Nearest barangay reference point
Awang,AWG-POST-130,130,JB4,A6/WOOD/30FT,8.47285959418317,124.486704971153,Nearest barangay reference point
Awang,AWG-POST-131,131,JB4A,OS/STEEL/30FT,8.47309780378615,124.486724856977,Nearest barangay reference point
Awang,AWG-POST-132,132,J51.24,A5/STEEL/35FT,8.48930599534762,124.486778002423,Nearest barangay reference point
Awang,AWG-POST-133,133,J55.1,A4/STEEL/35FT,8.46147115584862,124.486985540614,Nearest barangay reference point
Awang,AWG-POST-134,134,J55@1,A4/STEEL/35FT,8.46147115584862,124.486985540614,Nearest barangay reference point
Awang,AWG-POST-135,135,JB4C,OS/STEEL/30FT,8.47273760844496,124.487470438421,Nearest barangay reference point
Awang,AWG-POST-136,136,J51.23,A1/STEEL/35FT,8.4892700028854,124.488094000286,Nearest barangay reference point
Awang,AWG-POST-137,137,J55.1A,OS/STEEL/30FT,8.4600599756542,124.488258083195,Nearest barangay reference point
Awang,AWG-POST-138,138,J55.1A,OS/STEEL/30FT,8.4600599756542,124.488258083195,Nearest barangay reference point
Awang,AWG-POST-139,139,J55,C7/WOOD/35FT,8.4624336492835,124.489232646865,Nearest barangay reference point
Awang,AWG-POST-140,140,J55,C7/WOOD/35FT,8.4624336492835,124.489232646865,Nearest barangay reference point
Awang,AWG-POST-141,141,J51.22,A2/STEEL/35FT,8.48922600086482,124.489290002203,Nearest barangay reference point
Awang,AWG-POST-142,142,JB3,A6/STEEL/35FT,8.47213489484028,124.489322639517,Nearest barangay reference point
Awang,AWG-POST-143,143,J51.17A,OS/STEEL/30FT,8.48619399893785,124.49033999984,Nearest barangay reference point
Awang,AWG-POST-144,144,JB2A,OS/WOOD/30FT,8.47161514258901,124.490573859846,Nearest barangay reference point
Awang,AWG-POST-145,145,J51.11H,OS/STEEL/30FT,8.47805000009741,124.49069899772,Nearest barangay reference point
Awang,AWG-POST-146,146,J51.21,A1-1/STEEL/35FT,8.4889840036128,124.490979999654,Nearest barangay reference point
Awang,AWG-POST-147,147,JB2,A1/WOOD/35FT,8.47148276042803,124.491210909078,Nearest barangay reference point
Awang,AWG-POST-148,148,J51.11G,OS/STEEL/30FT,8.47835599686193,124.491211998566,Nearest barangay reference point
Awang,AWG-POST-149,149,J51.13A,OS/STEEL/30FT,8.48135700349168,124.491472003256,Nearest barangay reference point
Awang,AWG-POST-150,150,J51.17,A4/STEEL/35FT,8.48552700337712,124.491529998846,Nearest barangay reference point
Awang,AWG-POST-151,151,J51.16,A1-1/STEEL/35FT,8.48493400382644,124.491608000333,Nearest barangay reference point
Awang,AWG-POST-152,152,J51.11E,OS/STEEL/30FT,8.47528299702437,124.4916729991,Nearest barangay reference point
Awang,AWG-POST-153,153,J51.15,A2/STEEL/35FT,8.48311200333796,124.491685001244,Nearest barangay reference point
Awang,AWG-POST-154,154,J51.11A,OS/STEEL/30FT,8.47960600385041,124.491775996896,Nearest barangay reference point
Awang,AWG-POST-155,155,J51.11B,OS/STEEL/30FT,8.47880000382476,124.491791997608,Nearest barangay reference point
Awang,AWG-POST-156,156,J51.14,A2/STEEL/35FT,8.48230199931126,124.491962997797,Nearest barangay reference point
Awang,AWG-POST-157,157,J51.13,A4/STEEL/35FT,8.48136399905095,124.491985999137,Nearest barangay reference point
Awang,AWG-POST-158,158,J54,C14/WOOD/35FT,8.46467399501524,124.492004395061,Nearest barangay reference point
Awang,AWG-POST-159,159,J54,C14/WOOD/35FT,8.46467399501524,124.492004395061,Nearest barangay reference point
Awang,AWG-POST-160,160,J51.20,A4/STEEL/35FT,8.48889999610631,124.492015998535,Nearest barangay reference point
Awang,AWG-POST-161,161,J51.16A,OS/STEEL/30FT,8.48514099925634,124.492020003732,Nearest barangay reference point
Awang,AWG-POST-162,162,J51.11F,OS/STEEL/30FT,8.47418400107337,124.492232002827,Nearest barangay reference point
Awang,AWG-POST-163,163,J51.12,A1-1/STEEL/35FT,8.48110078146378,124.492298801371,Nearest barangay reference point
Awang,AWG-POST-164,164,J51.18,A2/STEEL/35FT,8.48642299711976,124.492365995802,Nearest barangay reference point
Awang,AWG-POST-165,165,J51.16B,OS/STEEL/30FT,8.48499699566355,124.492477000518,Nearest barangay reference point
Awang,AWG-POST-166,166,J51.11C,OS/STEEL/30FT,8.47756599823608,124.492485002839,Nearest barangay reference point
Awang,AWG-POST-167,167,J51.11,A1-1/STEEL/35FT,8.4807350038225,124.492619000057,Nearest barangay reference point
Awang,AWG-POST-168,168,J51.11D,OS/STEEL/30FT,8.47662199859236,124.492624998782,Nearest barangay reference point
Awang,AWG-POST-169,169,J51.19,A3/STEEL/35FT,8.48744799845068,124.492662996334,Nearest barangay reference point
Awang,AWG-POST-170,170,J51.13B,OS/STEEL/30FT,8.48209199637319,124.493012996561,Nearest barangay reference point
Awang,AWG-POST-171,171,JB1,A1/WOOD/35FT,8.47081518841289,124.493156404686,Nearest barangay reference point
Awang,AWG-POST-172,172,J53,C1/WOOD/35FT,8.46784019820799,124.493705745634,Nearest barangay reference point
Awang,AWG-POST-173,173,J52B,OS/WOOD/30FT,8.46903228759766,124.49388885498,Nearest barangay reference point
Awang,AWG-POST-174,174,J52A,OS/WOOD/30FT,8.4697437286377,124.494033813477,Nearest barangay reference point
Awang,AWG-POST-175,175,J51.10,A1/STEEL/35FT,8.47955499830908,124.494369999288,Nearest barangay reference point
Awang,AWG-POST-176,176,J52,C8/A5-1/WOOD/40FT,8.47015249094001,124.495108080551,Nearest barangay reference point
Awang,AWG-POST-177,177,J51.10A,OS/STEEL/30FT,8.47983400338049,124.495185999233,Nearest barangay reference point
Awang,AWG-POST-178,178,J51.9,A2/STEEL/35FT,8.47898799822499,124.49519799622,Nearest barangay reference point
Awang,AWG-POST-179,179,J51.9A,OS/STEEL/30FT,8.47869299553318,124.495276999036,Nearest barangay reference point
Awang,AWG-POST-180,180,J51.10B,OS/STEEL/30FT,8.48021599583272,124.495641998012,Nearest barangay reference point
Awang,AWG-POST-181,181,J52C,OS/WOOD/30FT,8.47035354366545,124.496246290692,Nearest barangay reference point
Awang,AWG-POST-182,182,J52I,OS/WOOD/30FT,8.47192573547363,124.496253967285,Nearest barangay reference point
Awang,AWG-POST-183,183,J51.8,A2/STEEL/35FT,8.47874899886512,124.496287996955,Nearest barangay reference point
Awang,AWG-POST-184,184,JC27@3,A5/STEEL/35FT,8.44873471278782,124.496366749978,Nearest barangay reference point
Awang,AWG-POST-185,185,J52D,OS/WOOD/30FT,8.47065520295279,124.49653982212,Nearest barangay reference point
Awang,AWG-POST-186,186,J52E,OS/WOOD/30FT,8.47074455799125,124.496877699072,Nearest barangay reference point
Awang,AWG-POST-187,187,J51.6E,OS/STEEL/30FT,8.48211199712817,124.496910997995,Nearest barangay reference point
Awang,AWG-POST-188,188,JC27@2,A2/STEEL/35FT,8.44851603614347,124.497141565694,Nearest barangay reference point
Awang,AWG-POST-189,189,J52F,OS/WOOD/30FT,8.47132583942572,124.497143821663,Nearest barangay reference point
Awang,AWG-POST-190,190,Opol,Carabao Valley,8.4721339618996,124.497252013221,Nearest barangay reference point
Awang,AWG-POST-191,191,J52H,OS/WOOD/30FT,8.47201517073792,124.497293610867,Nearest barangay reference point
Awang,AWG-POST-192,192,J52G,OS/WOOD/30FT,8.47179698944092,124.497535705566,Nearest barangay reference point
Awang,AWG-POST-193,193,J51.7,A4/STEEL/35FT,8.47865999879131,124.497885002096,Nearest barangay reference point
Awang,AWG-POST-194,194,J51.2A,OS/WOOD/30FT,8.47240200215369,124.498244002765,Nearest barangay reference point
Awang,AWG-POST-195,195,J51.3,A4/STEEL/35FT,8.47307099750586,124.498343999559,Nearest barangay reference point
Awang,AWG-POST-196,196,J51.4,A1/STEEL/35FT,8.47468300383974,124.498511996273,Nearest barangay reference point
Awang,AWG-POST-197,197,J51.6,A4/STEEL/35FT,8.47812399896168,124.498573996136,Nearest barangay reference point
Awang,AWG-POST-198,198,J51.5,A2/STEEL/35FT,8.47643199887426,124.498716001818,Nearest barangay reference point
Awang,AWG-POST-199,199,J51.2,A1-1/STEEL/35FT,8.47244499943053,124.498740995574,Nearest barangay reference point
Awang,AWG-POST-200,200,J51.1,A1/STEEL/35FT,8.47202800233459,124.498927001978,Nearest barangay reference point
Awang,AWG-POST-201,201,J51.1A,OS/WOOD/30FT,8.4716979958455,124.498951999069,Nearest barangay reference point
Awang,AWG-POST-202,202,J51.6D,OS/STEEL/30FT,8.48115099547584,124.499345000036,Nearest barangay reference point
Awang,AWG-POST-203,203,J51,HT/WOOD/25FT,8.47092278781379,124.499467176849,Nearest barangay reference point
Awang,AWG-POST-204,204,J51,C1/A5-1/WOOD/35FT,8.47092278781379,124.499467176849,Nearest barangay reference point
Awang,AWG-POST-205,205,J51.6A,OS/STEEL/30FT,8.47824700133251,124.499496997782,Nearest barangay reference point
Awang,AWG-POST-206,206,JC25,C2/WOOD/35FT,8.4491776674986,124.499537609518,Nearest barangay reference point
Awang,AWG-POST-207,207,J51.6C,OS/STEEL/30FT,8.47961799911378,124.500018003321,Nearest barangay reference point
Awang,AWG-POST-208,208,J51.6B,OS/STEEL/30FT,8.47869500082865,124.500058001006,Nearest barangay reference point
Awang,AWG-POST-209,209,J50,C8/WOOD/35FT,8.47106802197612,124.500297555234,Nearest barangay reference point
Awang,AWG-POST-210,210,JC24,C2/CONCRETE/35FT,8.44959709753426,124.500374888501,Nearest barangay reference point
Awang,AWG-POST-211,211,JC18@4,C7/STEEL/40FT,8.45385299532894,124.50082099959,Nearest barangay reference point
Awang,AWG-POST-212,212,JC23,C1/CONCRETE/35FT,8.4500839519871,124.500901316726,Nearest barangay reference point
Awang,AWG-POST-213,213,J51.6F,OS/STEEL/30FT,8.47926600336089,124.500961998271,Nearest barangay reference point
Awang,AWG-POST-214,214,JC22,C1/CONCRETE/35FT,8.45062885950043,124.50147413599,Nearest barangay reference point
Awang,AWG-POST-215,215,JC18@3,C1/STEEL/35FT,8.45371799908248,124.501503001947,Nearest barangay reference point
Awang,AWG-POST-216,216,J51.6G,OS/STEEL/30FT,8.47958199979277,124.501805000277,Nearest barangay reference point
Awang,AWG-POST-217,217,JC21,C8/STEEL/35FT,8.45110210174336,124.50191921505,Nearest barangay reference point
Awang,AWG-POST-218,218,JC18@2,C2/STEEL/35FT,8.45361000255847,124.502158998016,Nearest barangay reference point
Awang,AWG-POST-219,219,J49,C4-1/STEEL/40FT,8.4713994666299,124.502205540896,Nearest barangay reference point
Awang,AWG-POST-220,220,JC20,C2/STEEL/35FT,8.45199951902033,124.502309001982,Nearest barangay reference point
Awang,AWG-POST-221,221,JC19@2,C1/STEEL/35FT,8.45230408674388,124.50244422241,Nearest barangay reference point
Awang,AWG-POST-222,222,J51.6H,OS/STEEL/30FT,8.48028999831011,124.502561000183,Nearest barangay reference point
Awang,AWG-POST-223,223,JC19@1,C1/STEEL/35FT,8.45252876821879,124.50256277395,Nearest barangay reference point
Awang,AWG-POST-224,224,JC18@1,C2/STEEL/35FT,8.45381199840533,124.502620999271,Nearest barangay reference point
Awang,AWG-POST-225,225,JC19,C2/CONCRETE/35FT,8.452784,124.502708,Nearest barangay reference point
Awang,AWG-POST-226,226,JC18.5,A2/STEEL/35FT,8.45332510064697,124.502918629395,Nearest barangay reference point
Awang,AWG-POST-227,227,J48,C2/WOOD/35FT,8.4712202280133,124.503012803854,Nearest barangay reference point
Awang,AWG-POST-228,228,J51.6I,OS/STEEL/30FT,8.48072200033244,124.503013003687,Nearest barangay reference point
Awang,AWG-POST-229,229,JC18,2C7/STEEL/40FT,8.45372010507434,124.503147360172,Nearest barangay reference point
Awang,AWG-POST-230,230,JC11@.6,C7/STEEL/35FT,8.45934764357571,124.503833078553,Nearest barangay reference point
Awang,AWG-POST-231,231,JC17,C4/STEEL/40FT,8.45422470179961,124.503934110271,Nearest barangay reference point
Awang,AWG-POST-232,232,JC11@5,C4/STEEL/35FT,8.45943900247894,124.503958999613,Nearest barangay reference point
Awang,AWG-POST-233,233,JC16A,OS/STEEL/30FT,8.456246,124.504259,Nearest barangay reference point
Awang,AWG-POST-234,234,JC11@4,C4/STEEL/35FT,8.45903700368268,124.504289002698,Nearest barangay reference point
Awang,AWG-POST-235,235,J47,C8/WOOD/35FT,8.47119570442376,124.504295320723,Nearest barangay reference point
Awang,AWG-POST-236,236,JC16,C2/STEEL/35FT,8.45499400114654,124.504659996494,Nearest barangay reference point
Awang,AWG-POST-237,237,J46.3,A5/WOOD/35FT,8.46632858293533,124.504688176793,Nearest barangay reference point
Awang,AWG-POST-238,238,J46@3,A5/WOOD/35FT,8.46632858293533,124.504688176793,Nearest barangay reference point
Awang,AWG-POST-239,239,J46.2,A6/WOOD/35FT,8.46746728308611,124.504835912495,Nearest barangay reference point
Awang,AWG-POST-240,240,J46.4,C1/STEEL/35FT,8.47118027220024,124.504922999184,Nearest barangay reference point
Awang,AWG-POST-241,241,JC11@3,C1/STEEL/35FT,8.4595119955671,124.504935998268,Nearest barangay reference point
Awang,AWG-POST-242,242,J46.3A,OS/WOOD/30FT,8.46618915787501,124.504990201062,Nearest barangay reference point
Awang,AWG-POST-243,243,J46.3A,OS/WOOD/30FT,8.46618915787501,124.504990201062,Nearest barangay reference point
Awang,AWG-POST-244,244,J46.1,A2/WOOD/35FT,8.46931991648268,124.505066871183,Nearest barangay reference point
Awang,AWG-POST-245,245,JC11@2B,OS/STEEL/30FT,8.46134100203575,124.505196004432,Nearest barangay reference point
Awang,AWG-POST-246,246,JC11@2C,OS/STEEL/30FT,8.46184800028397,124.50522099616,Nearest barangay reference point
Awang,AWG-POST-247,247,JC11@2A,OS/STEEL/30FT,8.46066500113816,124.505270003776,Nearest barangay reference point
Awang,AWG-POST-248,248,JC15,C4/STEEL/35FT,8.45554800015581,124.505298999698,Nearest barangay reference point
Awang,AWG-POST-249,249,JC11@2D,OS/STEEL/30FT,8.46235400387873,124.505508998541,Nearest barangay reference point
Awang,AWG-POST-250,250,JC11@2,C4/STEEL/35FT,8.460067600132,124.505655391719,Nearest barangay reference point
Awang,AWG-POST-251,251,J46,C1/A5-1/WOOD/35FT,8.47116041847047,124.505668611741,Nearest barangay reference point
Awang,AWG-POST-252,252,JC14,C2/STEEL/35FT,8.45724099623954,124.505868001657,Nearest barangay reference point
Awang,AWG-POST-253,253,JC11@2E,OS/STEEL/30FT,8.46286899577159,124.505986995725,Nearest barangay reference point
Awang,AWG-POST-254,254,JC13,C2/STEEL/35FT,8.4581527360677,124.506196601159,Nearest barangay reference point
Awang,AWG-POST-255,255,JC11@1,C1/STEEL/35FT,8.45962268997652,124.506364505642,Nearest barangay reference point
Awang,AWG-POST-256,256,JC11@2F,OS/STEEL/30FT,8.4632430026312,124.506585999641,Nearest barangay reference point
Awang,AWG-POST-257,257,JC12,C1/STEEL/35FT,8.45870491563576,124.506684881925,Nearest barangay reference point
Awang,AWG-POST-258,258,J45,C2/WOOD/35FT,8.47113466926026,124.507011385181,Nearest barangay reference point
Awang,AWG-POST-259,259,JC11,C8/C7-1/STEEL/35FT,8.45916100282319,124.507146997952,Nearest barangay reference point
Awang,AWG-POST-260,260,J44,C3/WOOD/35FT,8.47090966298647,124.507274768951,Nearest barangay reference point
Awang,AWG-POST-261,261,J43.6,C2/STEEL/35FT,8.47020393350758,124.507469994517,Nearest barangay reference point
Awang,AWG-POST-262,262,Opol,Basak,8.46832908266212,124.507640162179,Nearest barangay reference point
Awang,AWG-POST-263,263,J43.5,C1/STEEL/35FT,8.46959374310834,124.507745432726,Nearest barangay reference point
Awang,AWG-POST-264,264,JC2A,OS/WOOD/30FT,8.46859610639513,124.507888667286,Nearest barangay reference point
Awang,AWG-POST-265,265,JC10,C1/STEEL/35FT,8.46003199933066,124.507986002724,Nearest barangay reference point
Awang,AWG-POST-266,266,J43.4,C4/STEEL/35FT,8.4687302197517,124.508009956919,Nearest barangay reference point
Awang,AWG-POST-267,267,JC2,C2/STEEL/40FT,8.46710555535741,124.508317489747,Nearest barangay reference point
Awang,AWG-POST-268,268,JC5,C2/WOOD/35FT,8.46418060214891,124.50846400165,Nearest barangay reference point
Awang,AWG-POST-269,269,JC5,C2/WOOD/35FT,8.46418060214891,124.50846400165,Nearest barangay reference point
Awang,AWG-POST-270,270,JC3,C14/C7-1/STEEL/35FT,8.46656500267934,124.508542999765,Nearest barangay reference point
Awang,AWG-POST-271,271,JC3,C14/C7-1/STEEL/35FT,8.46656500267934,124.508542999765,Nearest barangay reference point
Awang,AWG-POST-272,272,JC6A,OS/STEEL/30FT,8.46318005760933,124.50859106899,Nearest barangay reference point
Awang,AWG-POST-273,273,JC1,C1/STEEL/40FT,8.4683700041627,124.508618000563,Nearest barangay reference point
Awang,AWG-POST-274,274,JC9,C2/C7-1/STEEL/40FT,8.460692,124.508665,Nearest barangay reference point
Awang,AWG-POST-275,275,JC6,C4/STEEL/45FT,8.46323277983644,124.508692747359,Nearest barangay reference point
Awang,AWG-POST-276,276,JC9@1,C8/STEEL/40FT,8.460587,124.508801,Nearest barangay reference point
Awang,AWG-POST-277,277,JC4,C2/CONCRETE/35FT,8.46581693295039,124.508856387301,Nearest barangay reference point
Awang,AWG-POST-278,278,JC4,C2/CONCRETE/35FT,8.46581693295039,124.508856387301,Nearest barangay reference point
Awang,AWG-POST-279,279,J43.3,2C7/C7-1/STEEL/40FT,8.46936599774744,124.508892001611,Nearest barangay reference point
Awang,AWG-POST-280,280,JC9@2,C14-1/STEEL/40FT,8.460283,124.509018,Nearest barangay reference point
Awang,AWG-POST-281,281,JC3.1,C14/STEEL/35FT,8.46685286757012,124.50912312152,Nearest barangay reference point
Awang,AWG-POST-282,282,JC8,C2/STEEL/35FT,8.46152258189923,124.509204741955,Nearest barangay reference point
Awang,AWG-POST-283,283,J43.2,C14-1/WOOD/35FT,8.46983300313065,124.509360997989,Nearest barangay reference point
Awang,AWG-POST-284,284,JC9@3,C14-1/STEEL/40FT,8.460188,124.509428,Nearest barangay reference point
Awang,AWG-POST-285,285,JC7,C4/A5-1/STEEL/45FT,8.46244387083739,124.509534290553,Nearest barangay reference point
Awang,AWG-POST-286,286,JC3.2,C2/STEEL/35FT,8.46705599637707,124.509558000085,Nearest barangay reference point
Awang,AWG-POST-287,287,J43.1,C14-1/WOOD/35FT,8.47029100388142,124.509675000653,Nearest barangay reference point
Awang,AWG-POST-288,288,J43,C14-1/WOOD/35FT,8.47075399585954,124.509879002225,Nearest barangay reference point
Awang,AWG-POST-289,289,JC9@4,C14-2/STEEL/40FT,8.460129,124.509908,Nearest barangay reference point
Awang,AWG-POST-290,290,JC9@4S,SP/STEEL/30FT,8.46022191534424,124.509982146973,Nearest barangay reference point
Awang,AWG-POST-291,291,JC7@1,A1/STEEL/35FT,8.46275872921667,124.510052862795,Nearest barangay reference point
Awang,AWG-POST-292,292,JC3.3,C7/STEEL/35FT,8.46755399827276,124.510136998888,Nearest barangay reference point
Awang,AWG-POST-293,293,JCA1,C14-1/STEEL/40FT,8.459875,124.510203,Nearest barangay reference point
Awang,AWG-POST-294,294,J42,2C7/STEEL/40FT,8.47192399728311,124.510227998453,Nearest barangay reference point
Awang,AWG-POST-295,295,J42.2,C14-1/WOOD/35FT,8.47151800244652,124.510229003007,Nearest barangay reference point
Awang,AWG-POST-296,296,JC7@2,A2/STEEL/35FT,8.46303647703792,124.510449756064,Nearest barangay reference point
Awang,AWG-POST-297,297,JC7@3,A1/STEEL/35FT,8.46339043822891,124.510737672521,Nearest barangay reference point
Awang,AWG-POST-298,298,JCA2,2C7/STEEL/40FT,8.45934,124.510781,Nearest barangay reference point
Awang,AWG-POST-299,299,J41,C8/WOOD/35FT,8.4724831617529,124.510876369706,Nearest barangay reference point
Awang,AWG-POST-300,300,J42.1,C4/WOOD/35FT,8.47165890803717,124.510972620678,Nearest barangay reference point
Awang,AWG-POST-301,301,JC7.4,A1/STEEL/35FT,8.46377643243537,124.511052252036,Nearest barangay reference point
Awang,AWG-POST-302,302,JC7@4,A1/STEEL/35FT,8.46377643243537,124.511052252036,Nearest barangay reference point
Awang,AWG-POST-303,303,JCA3@3,2C7/STEEL/40FT,8.457157,124.511266,Nearest barangay reference point
Awang,AWG-POST-304,304,JCA3,C14-1/STEEL/40FT,8.45845,124.511301,Nearest barangay reference point
Awang,AWG-POST-305,305,JC7.5,A1/STEEL/35FT,8.46407968534968,124.511311672326,Nearest barangay reference point
Awang,AWG-POST-306,306,JC7@5,A1/STEEL/35FT,8.46407968534968,124.511311672326,Nearest barangay reference point
Awang,AWG-POST-307,307,JCA3@1,C14-2/STEEL/40FT,8.457987,124.511347,Nearest barangay reference point
Awang,AWG-POST-308,308,JCA3@4S,STUDPOLE/STEEL/40FT,8.45682700133044,124.511354997479,Nearest barangay reference point
Awang,AWG-POST-309,309,JCA2@1,2C7/STEEL/40FT,8.459447,124.511429,Nearest barangay reference point
Awang,AWG-POST-310,310,JC7.13,AN25KVA,8.4623448311773,124.511586510767,Nearest barangay reference point
Awang,AWG-POST-311,311,JC7@13,AN25KVA,8.4623448311773,124.511586510767,Nearest barangay reference point
Awang,AWG-POST-312,312,JC7.13,A5/STEEL/35FT,8.46227330408922,124.511594142176,Nearest barangay reference point
Awang,AWG-POST-313,313,JC7@13,A5/STEEL/35FT,8.46227330408922,124.511594142176,Nearest barangay reference point
Awang,AWG-POST-314,314,JC7.6,A2/STEEL/35FT,8.46441119358977,124.51159724139,Nearest barangay reference point
Awang,AWG-POST-315,315,JC7@6,A2/STEEL/35FT,8.46441119358977,124.51159724139,Nearest barangay reference point
Awang,AWG-POST-316,316,JCA3@2,C14-1/STEEL/40FT,8.457492,124.51164,Nearest barangay reference point
Awang,AWG-POST-317,317,JCA3@4,C14-2/STEEL/40FT,8.456647,124.511781,Nearest barangay reference point
Awang,AWG-POST-318,318,JCA5@5,C14-1/STEEL/40FT,8.452553,124.511841,Nearest barangay reference point
Awang,AWG-POST-319,319,JC7.12,A1/STEEL/35FT,8.4620868502255,124.511942924903,Nearest barangay reference point
Awang,AWG-POST-320,320,JC7@12,A1/STEEL/35FT,8.4620868502255,124.511942924903,Nearest barangay reference point
Awang,AWG-POST-321,321,JCA5@4,C14-1/STEEL/40FT,8.45285,124.512012,Nearest barangay reference point
Awang,AWG-POST-322,322,JC7.7,A4/STEEL/35FT,8.46440594675374,124.512044355467,Nearest barangay reference point
Awang,AWG-POST-323,323,JC7@7,A4/STEEL/35FT,8.46440594675374,124.512044355467,Nearest barangay reference point
Awang,AWG-POST-324,324,JCA3@5,C2/STEEL/35FT,8.456244,124.512069,Nearest barangay reference point
Awang,AWG-POST-325,325,JCA4,C14-2/STEEL/40FT,8.455693,124.512169,Nearest barangay reference point
Awang,AWG-POST-326,326,JCA5@3,C14/STEEL/40FT,8.453323,124.512236,Nearest barangay reference point
Awang,AWG-POST-327,327,JC7.8,A1-1/STEEL/35FT,8.46380289931706,124.512240071373,Nearest barangay reference point
Awang,AWG-POST-328,328,JC7@8,A1-1/STEEL/35FT,8.46380289931706,124.512240071373,Nearest barangay reference point
Awang,AWG-POST-329,329,JC7.11,A4/STEEL/35FT,8.46188184493776,124.512325828402,Nearest barangay reference point
Awang,AWG-POST-330,330,JC7@11,A4/STEEL/35FT,8.46188184493776,124.512325828402,Nearest barangay reference point
Awang,AWG-POST-331,331,JC7.10,A6/STEEL/35FT,8.46239050180517,124.512325906042,Nearest barangay reference point
Awang,AWG-POST-332,332,JC7@10,A6/STEEL/35FT,8.46239050180517,124.512325906042,Nearest barangay reference point
Awang,AWG-POST-333,333,JC7.9,A2/A5-1/STEEL/35FT,8.46301112594849,124.512333940629,Nearest barangay reference point
Awang,AWG-POST-334,334,JC7@9,A2/A5-1/STEEL/35FT,8.46301112594849,124.512333940629,Nearest barangay reference point
Awang,AWG-POST-335,335,J40,C8/WOOD/35FT,8.47383191906836,124.512360203572,Nearest barangay reference point
Awang,AWG-POST-336,336,JC7.10,AN25KVA,8.46246107415879,124.512364053213,Nearest barangay reference point
Awang,AWG-POST-337,337,JC7@10,AN25KVA,8.46246107415879,124.512364053213,Nearest barangay reference point
Awang,AWG-POST-338,338,JCA5@2,C14/STEEL/40FT,8.453863,124.512392,Nearest barangay reference point
Awang,AWG-POST-339,339,JCA5,C14-2/A5-1/STEEL/40FT,8.455219,124.512413,Nearest barangay reference point
Awang,AWG-POST-340,340,JCA5@1,2C7/STEEL/40FT,8.454221,124.512497,Nearest barangay reference point
Awang,AWG-POST-341,341,JCA5@1A,2J6/STEEL/30FT,8.45453700224198,124.512640999409,Nearest barangay reference point
Awang,AWG-POST-342,342,JC7.14,A1/STEEL/35FT,8.46310267729509,124.512715413938,Nearest barangay reference point
Awang,AWG-POST-343,343,JC7@14,A1/STEEL/35FT,8.46310267729509,124.512715413938,Nearest barangay reference point
Awang,AWG-POST-344,344,JC7.15,AN15KVA,8.46326099014319,124.513203688715,Nearest barangay reference point
Awang,AWG-POST-345,345,JC7@15,AN15KVA,8.46326099014319,124.513203688715,Nearest barangay reference point
Awang,AWG-POST-346,346,JC7.15,A5/STEEL/35FT,8.46319900270726,124.513211320732,Nearest barangay reference point
Awang,AWG-POST-347,347,JC7@15,A5/STEEL/35FT,8.46319900270726,124.513211320732,Nearest barangay reference point
Awang,AWG-POST-348,348,J39,C1/WOOD/35FT,8.47534756578288,124.513677805264,Nearest barangay reference point
Awang,AWG-POST-349,349,JCA6,A4/WOOD/35FT,8.45446673221887,124.513695985079,Nearest barangay reference point
Awang,AWG-POST-350,350,JCA7,A1/CONCRETE/35FT,8.45446765422822,124.514525877312,Nearest barangay reference point
Awang,AWG-POST-351,351,JCA8,A4/WOOD/35FT,8.45447352156044,124.515312183648,Nearest barangay reference point
Awang,AWG-POST-352,352,JCA9,A2/WOOD/35FT,8.45405819825829,124.515921548009,Nearest barangay reference point
Awang,AWG-POST-353,353,IR53@4G,OS/STEEL/30FT,8.46645329302699,124.52311471737,Nearest barangay reference point
Awang,AWG-POST-354,354,IR53@4H,OS/STEEL/30FT,8.46214708814382,124.52361284297,Nearest barangay reference point
Awang,AWG-POST-355,355,IR53@4D,OS/STEEL/30FT,8.46037084649413,124.524259391851,Nearest barangay reference point
Awang,AWG-POST-356,356,IR53@4F,OS/STEEL/30FT,8.46500841916172,124.524276996751,Nearest barangay reference point
Awang,AWG-POST-357,357,IR53@4E,OS/STEEL/30FT,8.46335205666209,124.524863785207,Nearest barangay reference point
Awang,AWG-POST-358,358,IR53@4C,OS/STEEL/30FT,8.46163794899381,124.525219090331,Nearest barangay reference point
Awang,AWG-POST-359,359,IR53@4A,OS/STEEL/30FT,8.46324979317309,124.525849825382,Nearest barangay reference point
Awang,AWG-POST-360,360,IR53@4B,OS/STEEL/30FT,8.46264847131129,124.525936242478,Nearest barangay reference point
Bagocboc,BGC-POST-001,1,JB7.11F,BAGOCBOC,8.43317108000346,124.475229649532,Nearest barangay reference point
Bagocboc,BGC-POST-002,2,JCB14F,OS/WOOD/30FT,8.41102667766764,124.484641546281,Nearest barangay reference point
Bagocboc,BGC-POST-003,3,JCB14E,OS/WOOD/30FT,8.41064581106712,124.48516575089,Nearest barangay reference point
Bagocboc,BGC-POST-004,4,JCB17,A2/CONCRETE/35FT,8.40832028206699,124.485397813248,Nearest barangay reference point
Bagocboc,BGC-POST-005,5,JCB14C,OS/WOOD/30FT,8.41071546413805,124.485505967192,Nearest barangay reference point
Bagocboc,BGC-POST-006,6,JCB14DA,OS/WOOD/30FT,8.41152275025409,124.485540771099,Nearest barangay reference point
Bagocboc,BGC-POST-007,7,JCB14D,OS/WOOD/30FT,8.41104068199703,124.485544946137,Nearest barangay reference point
Bagocboc,BGC-POST-008,8,JCB16,A1/CONCRETE/35FT,8.40868246409582,124.485552375544,Nearest barangay reference point
Bagocboc,BGC-POST-009,9,JCB15A,OS/WOOD/30FT,8.41005412585206,124.485654743997,Nearest barangay reference point
Bagocboc,BGC-POST-010,10,JCB15,A1-1/CONCRETE/35FT,8.40984293856725,124.485915479591,Nearest barangay reference point
Bagocboc,BGC-POST-011,11,JCB14B,OS/WOOD/30FT,8.41037180012314,124.485931267337,Nearest barangay reference point
Bagocboc,BGC-POST-012,12,JCB14,A4/CONCRETE/40FT,8.41067283078445,124.486049254768,Nearest barangay reference point
Bagocboc,BGC-POST-013,13,JCB14A,OS/WOOD/30FT,8.41046852690306,124.486407526909,Nearest barangay reference point
Bagocboc,BGC-POST-014,14,JCB13,A1/CONCRETE/35FT,8.41050142086553,124.48677889944,Nearest barangay reference point
Bagocboc,BGC-POST-015,15,JCB13,AN15KVA/COMMON,8.41058534420538,124.48677889944,Nearest barangay reference point
Bagocboc,BGC-POST-016,16,JCB12,A6/CONCRETE/35FT,8.41017293408255,124.488012715588,Nearest barangay reference point
Bagocboc,BGC-POST-017,17,JCB11,A3/WOOD/35FT,8.40984042398717,124.488908321943,Nearest barangay reference point
Bagocboc,BGC-POST-018,18,JCB10,A4/WOOD/35FT,8.40982399545275,124.49037616083,Nearest barangay reference point
Bagocboc,BGC-POST-019,19,JC30@3C,OS/STEEL/30FT,8.44124553481959,124.491110778714,Nearest barangay reference point
Bagocboc,BGC-POST-020,20,JCB9,A6/WOOD/35FT,8.41134162280699,124.492270890047,Nearest barangay reference point
Bagocboc,BGC-POST-021,21,JC30@3B,OS/STEEL/30FT,8.44201575172391,124.492326241691,Nearest barangay reference point
Bagocboc,BGC-POST-022,22,JC30@3A,OS/STEEL/30FT,8.44240416996405,124.492878857901,Nearest barangay reference point
Bagocboc,BGC-POST-023,23,JCB8,A6/WOOD/35FT,8.41242171110019,124.493614168266,Nearest barangay reference point
Bagocboc,BGC-POST-024,24,JC30@3,AN10KVA/COMMON,8.44304920420031,124.494103205282,Nearest barangay reference point
Bagocboc,BGC-POST-025,25,JC30@3,A5/STEEL/35FT,8.44309307321886,124.494103205282,Nearest barangay reference point
Bagocboc,BGC-POST-026,26,JC30@2,A2/STEEL/35FT,8.44387502155385,124.494757917543,Nearest barangay reference point
Bagocboc,BGC-POST-027,27,JCB7,A6/WOOD/35FT,8.4134726601733,124.494934053524,Nearest barangay reference point
Bagocboc,BGC-POST-028,28,JC35B,OS/STEEL/30FT,8.43785463832319,124.495084723458,Nearest barangay reference point
Bagocboc,BGC-POST-029,29,JC30@1A,OS/STEEL/30FT,8.44473869811897,124.495138954915,Nearest barangay reference point
Bagocboc,BGC-POST-030,30,JC30@1,A4/STEEL/35FT,8.44421256728184,124.495214640794,Nearest barangay reference point
Bagocboc,BGC-POST-031,31,JC35A,OS/STEEL/30FT,8.43742288649083,124.495338862762,Nearest barangay reference point
Bagocboc,BGC-POST-032,32,JC30@1B,OS/STEEL/30FT,8.44495570455241,124.495357385944,Nearest barangay reference point
Bagocboc,BGC-POST-033,33,JC31,C2/CONCRETE/35FT,8.44325459562243,124.495406337083,Nearest barangay reference point
Bagocboc,BGC-POST-034,34,JC30@1C,OS/STEEL/30FT,8.44467482069155,124.495442715992,Nearest barangay reference point
Bagocboc,BGC-POST-035,35,JC30@4,C1/STEEL/35FT,8.44380300207615,124.495453744497,Nearest barangay reference point
Bagocboc,BGC-POST-036,36,JC30,C8/A5-1/STEEL/35FT,8.44422773458064,124.495483282954,Nearest barangay reference point
Bagocboc,BGC-POST-037,37,JC35,C4/CONCRETE/35FT,8.43717159703375,124.49548529461,Nearest barangay reference point
Bagocboc,BGC-POST-038,38,JC32,C2/CONCRETE/35FT,8.44239209778608,124.495528880507,Nearest barangay reference point
Bagocboc,BGC-POST-039,39,JC34,C2/STEEL/35FT,8.44013988040388,124.495853930712,Nearest barangay reference point
Bagocboc,BGC-POST-040,40,JC33,C8/WOOD/35FT,8.44109491445125,124.495992315933,Nearest barangay reference point
Bagocboc,BGC-POST-041,41,JC29@1,C2/STEEL/35FT,8.44483899903339,124.4960879975,Nearest barangay reference point
Bagocboc,BGC-POST-042,42,JC35C,OS/WOOD/30FT,8.43633173033596,124.496194906533,Nearest barangay reference point
Bagocboc,BGC-POST-043,43,JCB6,A1/WOOD/35FT,8.41452647026935,124.496238679993,Nearest barangay reference point
Bagocboc,BGC-POST-044,44,JC29,C1/STEEL/35FT,8.44540332971845,124.496459494762,Nearest barangay reference point
Bagocboc,BGC-POST-045,45,JC37,C2/CONCRETE/35FT,8.43529819125959,124.496975568525,Nearest barangay reference point
Bagocboc,BGC-POST-046,46,Opol,Enayao,8.43657786761837,124.496990352518,Nearest barangay reference point
Bagocboc,BGC-POST-047,47,JC28@1,C1/STEEL/35FT,8.44625158956573,124.497049255416,Nearest barangay reference point
Bagocboc,BGC-POST-048,48,JC36,C8/STEEL/35FT,8.43654328957201,124.497095122934,Nearest barangay reference point
Bagocboc,BGC-POST-049,49,JC37A,OS/WOOD/30FT,8.43503396026791,124.497212972492,Nearest barangay reference point
Bagocboc,BGC-POST-050,50,JC38,C4/STEEL/40FT,8.4341604821384,124.497449425981,Nearest barangay reference point
Bagocboc,BGC-POST-051,51,JC28,C8/STEEL/35FT,8.44684375974841,124.497554338959,Nearest barangay reference point
Bagocboc,BGC-POST-052,52,JCB5,A1/WOOD/35FT,8.41558790975972,124.497566194646,Nearest barangay reference point
Bagocboc,BGC-POST-053,53,JC27@1,A2/STEEL/35FT,8.44808219027079,124.497733162641,Nearest barangay reference point
Bagocboc,BGC-POST-054,54,JC45,AN10KVA/COMMON,8.42503548233432,124.497943676465,Nearest barangay reference point
Bagocboc,BGC-POST-055,55,JC45,C4/STEEL/35FT,8.42512608139437,124.497951305859,Nearest barangay reference point
Bagocboc,BGC-POST-056,56,JC27,AN10KVA/SPOTLOAD,8.44736456463306,124.49804434502,Nearest barangay reference point
Bagocboc,BGC-POST-057,57,JC27,C1/A5-1/STEEL/35FT,8.44742655346363,124.49804434502,Nearest barangay reference point
Bagocboc,BGC-POST-058,58,JC41,C8/WOOD/35FT,8.43168575869399,124.498189435739,Nearest barangay reference point
Bagocboc,BGC-POST-059,59,JC40,C2/STEEL/35FT,8.43264126218856,124.49818963185,Nearest barangay reference point
Bagocboc,BGC-POST-060,60,JC44@1,C1/STEEL/35FT,8.42601564131118,124.49832847983,Nearest barangay reference point
Bagocboc,BGC-POST-061,61,057,A1/STEEL/35FT,8.43099037060547,124.498402118164,Nearest barangay reference point
Bagocboc,BGC-POST-062,62,JCB4A,OS/WOOD/30FT,8.41690893088493,124.498436978905,Nearest barangay reference point
Bagocboc,BGC-POST-063,63,JC39,C4/STEEL/40FT,8.43353535979987,124.498523566872,Nearest barangay reference point
Bagocboc,BGC-POST-064,64,JC46,C1/WOOD/35FT,8.42424728907645,124.498586850241,Nearest barangay reference point
Bagocboc,BGC-POST-065,65,JC42,C8/STEEL/35FT,8.4302580356598,124.498633788899,Nearest barangay reference point
Bagocboc,BGC-POST-066,66,JC44,C8/STEEL/35FT,8.42677166685463,124.498664550483,Nearest barangay reference point
Bagocboc,BGC-POST-067,67,JC26,C2/CONCRETE/35T,8.44845451004747,124.498714394363,Nearest barangay reference point
Bagocboc,BGC-POST-068,68,JC42B,OS/WOOD/30FT,8.43096244667913,124.49874560502,Nearest barangay reference point
Bagocboc,BGC-POST-069,69,JC46.1,C1/STEEL/35FT,8.42382415651911,124.498868671681,Nearest barangay reference point
Bagocboc,BGC-POST-070,70,JCB4,A1/WOOD/35FT,8.41664648822725,124.498878450509,Nearest barangay reference point
Bagocboc,BGC-POST-071,71,JC42A,OS/STEEL/30FT,8.43022719025613,124.499014914036,Nearest barangay reference point
Bagocboc,BGC-POST-072,72,JC43,C4/STEEL/35FT,8.42778922989965,124.499087836594,Nearest barangay reference point
Bagocboc,BGC-POST-073,73,JCB3A,OS/WOOD/30FT,8.41860031362378,124.499147014968,Nearest barangay reference point
Bagocboc,BGC-POST-074,74,JC47,C2/WOOD/35FT,8.42335511930288,124.499182049185,Nearest barangay reference point
Bagocboc,BGC-POST-075,75,JC47.1,C1/STEEL/35FT,8.42283700302051,124.499279995471,Nearest barangay reference point
Bagocboc,BGC-POST-076,76,JC48,2C7/A5-1/STEEL/40FT,8.4220810731706,124.49938313382,Nearest barangay reference point
Bagocboc,BGC-POST-077,77,JC25A,OS/WOOD/30FT,8.44834735617042,124.499578261748,Nearest barangay reference point
Bagocboc,BGC-POST-078,78,JC48@1,C14-2/STEEL/35FT,8.422021,124.499694,Nearest barangay reference point
Bagocboc,BGC-POST-079,79,JC48@2,C14/STEEL/35FT,8.421982,124.499986,Nearest barangay reference point
Bagocboc,BGC-POST-080,80,JCB3,A1/WOOD/35FT,8.41770697404335,124.500198335767,Nearest barangay reference point
Bagocboc,BGC-POST-081,81,JC49,A2/WOOD/32FT,8.42139274813236,124.500480741263,Nearest barangay reference point
Bagocboc,BGC-POST-082,82,JC48@3,C14/STEEL/35FT,8.42194200041346,124.500616996283,Nearest barangay reference point
Bagocboc,BGC-POST-083,83,JC50,A2/CONCRETE/35FT,8.4206041285268,124.501041629738,Nearest barangay reference point
Bagocboc,BGC-POST-084,84,JC48@4,C14/STEEL/35FT,8.42188199642243,124.501213000063,Nearest barangay reference point
Bagocboc,BGC-POST-085,85,JCB1,A1/WOOD/35FT,8.41985461875854,124.501227707988,Nearest barangay reference point
Bagocboc,BGC-POST-086,86,JC50BA,OS/WOOD/30FT,8.42023757053283,124.501431400498,Nearest barangay reference point
Bagocboc,BGC-POST-087,87,JC50A,OS/WOOD/30FT,8.42047962360085,124.501516409218,Nearest barangay reference point
Bagocboc,BGC-POST-088,88,JCB2,A1/A5-1/WOOD/35FT,8.41876522282264,124.501528366853,Nearest barangay reference point
Bagocboc,BGC-POST-089,89,JC48@5,C14/STEEL/35FT,8.42183700109946,124.501620002934,Nearest barangay reference point
Bagocboc,BGC-POST-090,90,JCE1,A4/STEEL/35FT,8.41790905745407,124.501695779911,Nearest barangay reference point
Bagocboc,BGC-POST-091,91,JC50B,OS/WOOD/30FT,8.42025664401916,124.501812870225,Nearest barangay reference point
Bagocboc,BGC-POST-092,92,JC50C,OS/WOOD/30FT,8.42003026977182,124.501859648153,Nearest barangay reference point
Bagocboc,BGC-POST-093,93,JCB2A,OS/WOOD/30FT,8.41855472640332,124.501864205193,Nearest barangay reference point
Bagocboc,BGC-POST-094,94,JC50D,OS/WOOD/30FT,8.41966087929905,124.501875070855,Nearest barangay reference point
Bagocboc,BGC-POST-095,95,Opol,Bagocboc,8.42027236158032,124.501909669126,Nearest barangay reference point
Bagocboc,BGC-POST-096,96,JCB2B,OS/WOOD/30FT,8.41802104376257,124.502076236531,Nearest barangay reference point
Bagocboc,BGC-POST-097,97,JC48@6,C14/STEEL/35FT,8.42179400109846,124.502100996656,Nearest barangay reference point
Bagocboc,BGC-POST-098,98,JC50F,OS/WOOD/30FT,8.42029723338784,124.502178747207,Nearest barangay reference point
Bagocboc,BGC-POST-099,99,JC50G,OS/WOOD/30FT,8.42062739655376,124.502192242071,Nearest barangay reference point
Bagocboc,BGC-POST-100,100,JC50E,OS/WOOD/30FT,8.41973254457117,124.50220355764,Nearest barangay reference point
Bagocboc,BGC-POST-101,101,JCE2,A1/STEEL/35FT,8.41812355688324,124.502489211422,Nearest barangay reference point
Bagocboc,BGC-POST-102,102,JC48@7,C14/STEEL/35FT,8.4217490021472,124.502711995813,Nearest barangay reference point
Bagocboc,BGC-POST-103,103,JCF7BA,OS/STEEL/30FT,8.42814755977516,124.503026493755,Nearest barangay reference point
Bagocboc,BGC-POST-104,104,JC48@8,C14/STEEL/35FT,8.42170100175183,124.503195003929,Nearest barangay reference point
Bagocboc,BGC-POST-105,105,JCE3,A1/STEEL/35FT,8.4183141605017,124.503286083847,Nearest barangay reference point
Bagocboc,BGC-POST-106,106,JC48@9,C14/STEEL/35FT,8.42165499798644,124.503735003065,Nearest barangay reference point
Bagocboc,BGC-POST-107,107,JCF5,A2/STEEL/35FT,8.42431702429598,124.503954620741,Nearest barangay reference point
Bagocboc,BGC-POST-108,108,JCF6,A2/STEEL/35FT,8.42523777611486,124.503988899182,Nearest barangay reference point
Bagocboc,BGC-POST-109,109,JCF7,A5/STEEL/35FT,8.42601721027865,124.504097279112,Nearest barangay reference point
Bagocboc,BGC-POST-110,110,JCF3A,OS/STEEL/30FT,8.4223843270962,124.504139020323,Nearest barangay reference point
Bagocboc,BGC-POST-111,111,JCF4,A2/STEEL/35FT,8.42355075069524,124.504225273873,Nearest barangay reference point
Bagocboc,BGC-POST-112,112,JC48@10,C14/STEEL/35FT,8.4216069965249,124.504277001138,Nearest barangay reference point
Bagocboc,BGC-POST-113,113,JCF7B,OS/STEEL/30FT,8.42750508633416,124.504377825288,Nearest barangay reference point
Bagocboc,BGC-POST-114,114,JCE4,A1/STEEL/35FT,8.41862546296105,124.504405733558,Nearest barangay reference point
Bagocboc,BGC-POST-115,115,JCF7A,OS/STEEL/30FT,8.42671424835562,124.504578985489,Nearest barangay reference point
Bagocboc,BGC-POST-116,116,JCF3,A1/STEEL/35FT,8.42230972945856,124.504591813199,Nearest barangay reference point
Bagocboc,BGC-POST-117,117,JC48@11,C14/A5-1/STEEL/35FT,8.4215653023436,124.504819937166,Nearest barangay reference point
Bagocboc,BGC-POST-118,118,JCF7C,OS/STEEL/30FT,8.4281405175911,124.505027089289,Nearest barangay reference point
Bagocboc,BGC-POST-119,119,JCF2,A2/STEEL/35FT,8.42080576638736,124.505061957224,Nearest barangay reference point
Bagocboc,BGC-POST-120,120,JC48@12,C14/STEEL/35FT,8.42155099722886,124.505148001131,Nearest barangay reference point
Bagocboc,BGC-POST-121,121,JCF1,A1/STEEL/35FT,8.41979297648542,124.505276868563,Nearest barangay reference point
Bagocboc,BGC-POST-122,122,JCF7D,OS/STEEL/30FT,8.42898222513958,124.505425558816,Nearest barangay reference point
Bagocboc,BGC-POST-123,123,JCE5,A4/A5-1/STEEL/35FT,8.41892461180262,124.505446769029,Nearest barangay reference point
Bagocboc,BGC-POST-124,124,JC48@13,C14/STEEL/35FT,8.42161500408654,124.505627999488,Nearest barangay reference point
Bagocboc,BGC-POST-125,125,JCE6,A2/STEEL/35FT,8.41814149245898,124.505712639059,Nearest barangay reference point
Bagocboc,BGC-POST-126,126,JCE7A,OS/STEEL/30FT,8.41698403573765,124.505783129333,Nearest barangay reference point
Bagocboc,BGC-POST-127,127,JC48@14,C14/STEEL/35FT,8.42167400224929,124.505985003198,Nearest barangay reference point
Bagocboc,BGC-POST-128,128,JCE7,A3/STEEL/35FT,8.41732895171908,124.506194938425,Nearest barangay reference point
Bagocboc,BGC-POST-129,129,JCF1A,OS/STEEL/30FT,8.41967823257156,124.506304574458,Nearest barangay reference point
Bagocboc,BGC-POST-130,130,JCF7E,OS/STEEL/30FT,8.43012375347995,124.506310609689,Nearest barangay reference point
Bagocboc,BGC-POST-131,131,JCE8,A6/STEEL/35FT,8.41646745638767,124.5063655897,Nearest barangay reference point
Bagocboc,BGC-POST-132,132,JC48@15,C14/STEEL/40FT,8.42172600232601,124.506527995747,Nearest barangay reference point
Bagocboc,BGC-POST-133,133,JCE9,A4/STEEL/35FT,8.41556330544142,124.506572371967,Nearest barangay reference point
Bagocboc,BGC-POST-134,134,JCF7F,OS/STEEL/30FT,8.43064410311895,124.506859705489,Nearest barangay reference point
Bagocboc,BGC-POST-135,135,JCF7H,OS/STEEL/30FT,8.43170715332376,124.506954990115,Nearest barangay reference point
Bagocboc,BGC-POST-136,136,JC48@16,C14-2/STEEL/40FT,8.42167000033238,124.507018999216,Nearest barangay reference point
Bagocboc,BGC-POST-137,137,JC48@17,C1/STEEL/40FT,8.42142000165078,124.507467996448,Nearest barangay reference point
Bagocboc,BGC-POST-138,138,JCE10,A2/STEEL/35FT,8.4151908908061,124.507521872734,Nearest barangay reference point
Bagocboc,BGC-POST-139,139,JCF7G,OS/STEEL/30FT,8.43088039357821,124.507529336186,Nearest barangay reference point
Bagocboc,BGC-POST-140,140,JC48@18,C2/STEEL/35FT,8.42116899806259,124.508001996511,Nearest barangay reference point
Bagocboc,BGC-POST-141,141,JCE11,A2/STEEL/35FT,8.41452603843089,124.508183121098,Nearest barangay reference point
Bagocboc,BGC-POST-142,142,JC48.19,C1/STEEL/35FT,8.42105999995085,124.508423995784,Nearest barangay reference point
Bagocboc,BGC-POST-143,143,JCA28@9F,OS/WOOD/30FT,8.43497978247525,124.508677595815,Nearest barangay reference point
Bagocboc,BGC-POST-144,144,JC48@20,C1/STEEL/35FT,8.4209910012825,124.508933999341,Nearest barangay reference point
Bagocboc,BGC-POST-145,145,JCE12,A2/STEEL/35FT,8.41432932015758,124.509159114358,Nearest barangay reference point
Bagocboc,BGC-POST-146,146,JC48@21,C7/STEEL/35FT,8.42091399928726,124.509396995571,Nearest barangay reference point
Bagocboc,BGC-POST-147,147,JCE13,A4/STEEL/35FT,8.41456459683491,124.509939888852,Nearest barangay reference point
Bagocboc,BGC-POST-148,148,JCA28@9E,OS/WOOD/30FT,8.43499599767662,124.510027998011,Nearest barangay reference point
Bagocboc,BGC-POST-149,149,JCE13A,OS/STEEL/30FT,8.4150154563048,124.510307267176,Nearest barangay reference point
Bagocboc,BGC-POST-150,150,JCA28@9CC,OS/STEEL/30FT,8.4344208769075,124.510631815072,Nearest barangay reference point
Bagocboc,BGC-POST-151,151,JCA28.9D,OS/WOOD/30FT,8.43496400392876,124.510639001548,Nearest barangay reference point
Bagocboc,BGC-POST-152,152,JCE14,A2/STEEL/35FT,8.41412596903611,124.510862982345,Nearest barangay reference point
Bagocboc,BGC-POST-153,153,JCA28@9CB,OS/STEEL/30FT,8.43655100414768,124.51088100163,Nearest barangay reference point
Bagocboc,BGC-POST-154,154,JCA28@9CA,OS/STEEL/30FT,8.43568000169557,124.511164995687,Nearest barangay reference point
Bagocboc,BGC-POST-155,155,JCA28@9C,OS/WOOD/30FT,8.43482700168028,124.511177000631,Nearest barangay reference point
Bagocboc,BGC-POST-156,156,JCA5@11,2C7/STEEL/40FT,8.449743,124.511417,Nearest barangay reference point
Bagocboc,BGC-POST-157,157,JCA5@4,ABCN50KVA/SPOTLOAD,8.44951233848323,124.511494878681,Nearest barangay reference point
Bagocboc,BGC-POST-158,158,JCA5@13,C7/STEEL/40FT,8.449449,124.511498,Nearest barangay reference point
Bagocboc,BGC-POST-159,159,JCA5@12,2C7/STEEL/40FT,8.449683,124.511507,Nearest barangay reference point
Bagocboc,BGC-POST-160,160,JCA5@10,C14/STEEL/40FT,8.450175,124.511522,Nearest barangay reference point
Bagocboc,BGC-POST-161,161,JCA5@9,C14-1/STEEL/40FT,8.450627,124.511588,Nearest barangay reference point
Bagocboc,BGC-POST-162,162,JCA5@8,C14/STEEL/40FT,8.451098,124.511679,Nearest barangay reference point
Bagocboc,BGC-POST-163,163,JCA5@7,C14-1/STEEL/40FT,8.451535,124.511735,Nearest barangay reference point
Bagocboc,BGC-POST-164,164,JCA5@6,C14/STEEL/40FT,8.452033,124.511815,Nearest barangay reference point
Bagocboc,BGC-POST-165,165,JCA28@9B,OS/WOOD/30FT,8.43511900236643,124.511815998615,Nearest barangay reference point
Bagocboc,BGC-POST-166,166,JCE15,A2/STEEL/35FT,8.41385976305972,124.511954228901,Nearest barangay reference point
Bagocboc,BGC-POST-167,167,JCA28@4D,OS/STEEL/30FT,8.43855400308936,124.512084998832,Nearest barangay reference point
Bagocboc,BGC-POST-168,168,JCA28@9A,OS/WOOD/30FT,8.43511799984491,124.512402003327,Nearest barangay reference point
Bagocboc,BGC-POST-169,169,JCA28@9AA,OS/WOOD/30FT,8.43541699675347,124.512448000868,Nearest barangay reference point
Bagocboc,BGC-POST-170,170,JCA28@4C,OS/STEEL/30FT,8.4388230192524,124.512577731016,Nearest barangay reference point
Bagocboc,BGC-POST-171,171,JCE16,A2/STEEL/35FT,8.41412463348216,124.513018312682,Nearest barangay reference point
Bagocboc,BGC-POST-172,172,JCA28@4B,OS/STEEL/30FT,8.43883799539862,124.513259003688,Nearest barangay reference point
Bagocboc,BGC-POST-173,173,JCA28@9,A5/WOOD/35FT,8.43513699820824,124.51337700223,Nearest barangay reference point
Bagocboc,BGC-POST-174,174,JCA28@8,A1/WOOD/35FT,8.43560800348811,124.513697998785,Nearest barangay reference point
Bagocboc,BGC-POST-175,175,JCA28@4A,OS/STEEL/30FT,8.43869700155747,124.514016996751,Nearest barangay reference point
Bagocboc,BGC-POST-176,176,JCA28@7,A2/WOOD/35FT,8.43627100430295,124.514175997415,Nearest barangay reference point
Bagocboc,BGC-POST-177,177,JCA28@7,AN15KVA/COMMON,8.43639593481445,124.514183626812,Nearest barangay reference point
Bagocboc,BGC-POST-178,178,JCE17,A1/STEEL/35FT,8.4140197773747,124.514199992743,Nearest barangay reference point
Bagocboc,BGC-POST-179,179,JCA28@6,A2/WOOD/35FT,8.43716099796304,124.514231000677,Nearest barangay reference point
Bagocboc,BGC-POST-180,180,JCA28@5,A2/WOOD/35FT,8.43798900279878,124.514238004067,Nearest barangay reference point
Bagocboc,BGC-POST-181,181,JCA28@4,A2/WOOD/35FT,8.43862200164772,124.514499998268,Nearest barangay reference point
Bagocboc,BGC-POST-182,182,JCA28@6A,OS/STEEL/30FT,8.4366739954127,124.514708998472,Nearest barangay reference point
Bagocboc,BGC-POST-183,183,JCA28@3,A4/WOOD/35FT,8.43923100217486,124.514914004424,Nearest barangay reference point
Bagocboc,BGC-POST-184,184,JCE18,A1/STEEL/35FT,8.41378349294246,124.515335738426,Nearest barangay reference point
Bagocboc,BGC-POST-185,185,JCA28@6B,OS/STEEL/30FT,8.43611199899464,124.515501997562,Nearest barangay reference point
Bagocboc,BGC-POST-186,186,JCA28@2,A2/WOOD/35FT,8.43905199729234,124.515625996842,Nearest barangay reference point
Bagocboc,BGC-POST-187,187,JCE18A,OS/STEEL/30FT,8.41465243652862,124.515780399323,Nearest barangay reference point
Bagocboc,BGC-POST-188,188,JCA28@1,A2/WOOD/35FT,8.4385990012586,124.516124996178,Nearest barangay reference point
Bagocboc,BGC-POST-189,189,JCA28@6C,OS/STEEL/30FT,8.43566400012742,124.516133001271,Nearest barangay reference point
Bagocboc,BGC-POST-190,190,JCE19,A2/STEEL/35FT,8.41351644297333,124.516368467959,Nearest barangay reference point
Bagocboc,BGC-POST-191,191,JCA10,A2/CONCRETE/35FT,8.4536086767912,124.516438627616,Nearest barangay reference point
Bagocboc,BGC-POST-192,192,JCA30,A2/STEEL/35FT,8.43714494603231,124.516594442729,Nearest barangay reference point
Bagocboc,BGC-POST-193,193,JCA29,A1-1/STEEL/35FT,8.43775782318447,124.516735015967,Nearest barangay reference point
Bagocboc,BGC-POST-194,194,JCA28,A2/A5-1/STEEL/35FT,8.438649745661,124.516761081915,Nearest barangay reference point
Bagocboc,BGC-POST-195,195,JCA31,A3/STEEL/35FT,8.43660455887958,124.516779355592,Nearest barangay reference point
Bagocboc,BGC-POST-196,196,JCA12,A4/CONCRETE/35FT,8.45077100156057,124.516888003779,Nearest barangay reference point
Bagocboc,BGC-POST-197,197,JCA11,A6/WOOD/35FT,8.45196289010347,124.516938272864,Nearest barangay reference point
Bagocboc,BGC-POST-198,198,JCA27,A2/STEEL/35FT,8.43928744334181,124.516962498737,Nearest barangay reference point
Bagocboc,BGC-POST-199,199,JCE20,A1/STEEL/35FT,8.41365792566959,124.517158966328,Nearest barangay reference point
Bagocboc,BGC-POST-200,200,JCA13,A2/CONCRETE/35FT,8.44982255436481,124.517278419808,Nearest barangay reference point
Bagocboc,BGC-POST-201,201,JCA32,A2/STEEL/35FT,8.43652585816381,124.517460884201,Nearest barangay reference point
Bagocboc,BGC-POST-202,202,JCA14,A6/CONCRETE/35FT,8.44878665171564,124.517551325262,Nearest barangay reference point
Bagocboc,BGC-POST-203,203,JCA15,A1/CONCRETE/35FT,8.44806903494266,124.517790881865,Nearest barangay reference point
Bagocboc,BGC-POST-204,204,JCA26,A1-1/STEEL/35FT,8.44006645779584,124.517800521403,Nearest barangay reference point
Bagocboc,BGC-POST-205,205,JCA36,A2/STEEL/35FT,8.43501391391208,124.517834481391,Nearest barangay reference point
Bagocboc,BGC-POST-206,206,JCA36,AN50KVA/SPOTLOAD,8.43507781009128,124.517834481391,Nearest barangay reference point
Bagocboc,BGC-POST-207,207,JCA37,AN10KVA/COMMON,8.43481859168104,124.517890044154,Nearest barangay reference point
Bagocboc,BGC-POST-208,208,JCA37,A6/STEEL/35FT,8.43475851024613,124.517896227042,Nearest barangay reference point
Bagocboc,BGC-POST-209,209,JCA35,A1/STEEL/35FT,8.43528231666534,124.517923227287,Nearest barangay reference point
Bagocboc,BGC-POST-210,210,JCA33,A2/STEEL/35FT,8.43623667624093,124.5179421736,Nearest barangay reference point
Bagocboc,BGC-POST-211,211,JCA15@1,A1/STEEL/35FT,8.44757739454509,124.517948376015,Nearest barangay reference point
Bagocboc,BGC-POST-212,212,JCA16,A2/CONCRETE/35FT,8.44710158702206,124.518067538267,Nearest barangay reference point
Bagocboc,BGC-POST-213,213,JCA38,A1-1/STEEL/35FT,8.43441847286275,124.518097575722,Nearest barangay reference point
Bagocboc,BGC-POST-214,214,JCE21,A4/STEEL/35FT,8.41387845151682,124.518191449249,Nearest barangay reference point
Bagocboc,BGC-POST-215,215,JCA24,A4/STEEL/35FT,8.4416302687119,124.518195143611,Nearest barangay reference point
Bagocboc,BGC-POST-216,216,JCA25,A4/STEEL/35FT,8.44056291159597,124.518203269269,Nearest barangay reference point
Bagocboc,BGC-POST-217,217,JCA34,A4/STEEL/35FT,8.43586176022611,124.518204857996,Nearest barangay reference point
Bagocboc,BGC-POST-218,218,JCA39,A/STEEL/35FT,8.43384900334398,124.518247999608,Nearest barangay reference point
Bagocboc,BGC-POST-219,219,JCA40,A4/STEEL/35FT,8.43348000061876,124.518387000664,Nearest barangay reference point
Bagocboc,BGC-POST-220,220,JCA17,A6/CONCRETE/35FT,8.44614492729307,124.518425976858,Nearest barangay reference point
Bagocboc,BGC-POST-221,221,JCA20,OS/WOOD/30FT,8.44363739714027,124.518640637398,Nearest barangay reference point
Bagocboc,BGC-POST-222,222,JCA18,A1/CONCRETE/32FT,8.44544797204436,124.518655892462,Nearest barangay reference point
Bagocboc,BGC-POST-223,223,JCA23,A1/STEEL/35FT,8.44249720607121,124.518729988113,Nearest barangay reference point
Bagocboc,BGC-POST-224,224,JCA41,AN10KVA/SPOTLOAD,8.43366360453079,124.518844923345,Nearest barangay reference point
Bagocboc,BGC-POST-225,225,JCA41,A5/WOOD/35FT,8.43359000196261,124.518855995904,Nearest barangay reference point
Bagocboc,BGC-POST-226,226,JCA19,A1/CONCRETE/35FT,8.44454674981535,124.518994437531,Nearest barangay reference point
Bagocboc,BGC-POST-227,227,JCA22,A1-1/STEEL/35FT,8.44296248465568,124.519022014852,Nearest barangay reference point
Bagocboc,BGC-POST-228,228,JCE22,A3/STEEL/35FT,8.41335383264662,124.519137767203,Nearest barangay reference point
Bagocboc,BGC-POST-229,229,JCA20,A1/WOOD/30FT,8.44406864605845,124.519163751975,Nearest barangay reference point
Bagocboc,BGC-POST-230,230,Opol,BGS-Bayogbayogan,8.44303710736281,124.519316283669,Nearest barangay reference point
Bagocboc,BGC-POST-231,231,JCE22A,OS/STEEL/30FT,8.41285024676722,124.519330133436,Nearest barangay reference point
Bagocboc,BGC-POST-232,232,JCA21,A4/A5-1/CONCRETE/35FT,8.4434617124498,124.519387045875,Nearest barangay reference point
Bagocboc,BGC-POST-233,233,JCA22A,OS/WOOD/30FT,8.44259894932073,124.51948818901,Nearest barangay reference point
Bagocboc,BGC-POST-234,234,JCD1,A4/CONCRETE/35FT,8.44325853519909,124.519769007485,Nearest barangay reference point
Bagocboc,BGC-POST-235,235,JCE22.1,A1/STEEL/35FT,8.41355020835559,124.519822261322,Nearest barangay reference point
Bagocboc,BGC-POST-236,236,Opol,Sto. Niño,8.41816212126098,124.52007617384,Nearest barangay reference point
Bagocboc,BGC-POST-237,237,JCD2,A1-1/STEEL/35FT,8.44405623949352,124.520285750966,Nearest barangay reference point
Bagocboc,BGC-POST-238,238,JCE23,A2/STEEL/35FT,8.41375423400891,124.520553134124,Nearest barangay reference point
Bagocboc,BGC-POST-239,239,JCD3,A2/STEEL/35FT,8.44481530640619,124.520820771837,Nearest barangay reference point
Bagocboc,BGC-POST-240,240,JCD4,A4/STEEL/35FT,8.44499350502725,124.521239364729,Nearest barangay reference point
Bagocboc,BGC-POST-241,241,JCE24,A1/STEEL/35FT,8.41435983030232,124.521416220139,Nearest barangay reference point
Bagocboc,BGC-POST-242,242,JCD5,A4/STEEL/35FT,8.44469175578429,124.521846798169,Nearest barangay reference point
Bagocboc,BGC-POST-243,243,JCE25,A2/STEEL/35FT,8.41490406608078,124.52219917607,Nearest barangay reference point
Bagocboc,BGC-POST-244,244,JCD6,A2/STEEL/35FT,8.44504991634896,124.522655321128,Nearest barangay reference point
Bagocboc,BGC-POST-245,245,JCE26,A4/STEEL/35FT,8.4155533309146,124.52275916535,Nearest barangay reference point
Bagocboc,BGC-POST-246,246,JCE28B,OS/STEEL/30FT,8.41786731619299,124.52279412448,Nearest barangay reference point
Bagocboc,BGC-POST-247,247,JCE28C,OS/STEEL/30FT,8.41826227165525,124.522855474829,Nearest barangay reference point
Bagocboc,BGC-POST-248,248,JCE28AA,OS/STEEL/30FT,8.41720749563737,124.522863021256,Nearest barangay reference point
Bagocboc,BGC-POST-249,249,JCE27,A2/STEEL/35FT,8.41650643817581,124.522984307682,Nearest barangay reference point
Bagocboc,BGC-POST-250,250,JCE28D,OS/STEEL/30FT,8.41852236684609,124.523041387471,Nearest barangay reference point
Bagocboc,BGC-POST-251,251,JCE28A,OS/STEEL/30FT,8.41748887860831,124.523111374785,Nearest barangay reference point
Bagocboc,BGC-POST-252,252,JCD7,A4/STEEL/35FT,8.44462805442557,124.523430725703,Nearest barangay reference point
Bagocboc,BGC-POST-253,253,T.P.,A4/CONCRETE/40FT,8.41712299777448,124.523483004344,Nearest barangay reference point
Bagocboc,BGC-POST-254,254,JCE28,A5/STEEL/35FT,8.41709744271063,124.523490405217,Nearest barangay reference point
Bagocboc,BGC-POST-255,255,JCE30/B,A4/STEEL/35FT,8.41785299943675,124.523588000225,Nearest barangay reference point
Bagocboc,BGC-POST-256,256,JCE30A,OS/STEEL/30FT,8.41826562393052,124.523742454079,Nearest barangay reference point
Bagocboc,BGC-POST-257,257,JCE29/A,A2/STEEL/35FT,8.417635997157,124.523755002424,Nearest barangay reference point
Bagocboc,BGC-POST-258,258,JCD8,A4/STEEL/35FT,8.44351803425214,124.524172278505,Nearest barangay reference point
Bagocboc,BGC-POST-259,259,JCE31/C,A2/STEEL/35FT,8.4186149983622,124.524292996271,Nearest barangay reference point
Bagocboc,BGC-POST-260,260,JCD9,A2/STEEL/35FT,8.443406394747,124.525179356306,Nearest barangay reference point
Bagocboc,BGC-POST-261,261,JCE32/D,A2/WOOD/35FT,8.41943099978708,124.525392998753,Nearest barangay reference point
Bagocboc,BGC-POST-262,262,JCD10,A2/STEEL/35FT,8.44316960587017,124.525954772969,Nearest barangay reference point
Bagocboc,BGC-POST-263,263,JCE33/E,A2/WOOD/35FT,8.4193870001678,124.526024003442,Nearest barangay reference point
Bagocboc,BGC-POST-264,264,JCE33A,OS/STEEL/30FT,8.42012439955386,124.526137579469,Nearest barangay reference point
Bagocboc,BGC-POST-265,265,JCD11,A1-1/STEEL/35FT,8.44251866440602,124.526334971304,Nearest barangay reference point
Bagocboc,BGC-POST-266,266,JCE34/F,A2/WOOD/35FT,8.41888600059309,124.526651001183,Nearest barangay reference point
Bagocboc,BGC-POST-267,267,JCD12,A1/STEEL/35FT,8.44180837780439,124.527033266247,Nearest barangay reference point
Bagocboc,BGC-POST-268,268,JCE35/G,A4/WOOD/35FT,8.41859000063296,124.527125996995,Nearest barangay reference point
Bagocboc,BGC-POST-269,269,JCE36/H,A4/WOOD/35FT,8.41792900198334,124.527646999351,Nearest barangay reference point
Bagocboc,BGC-POST-270,270,JCE37/I,A4/WOOD/35FT,8.41759300123457,124.528083996387,Nearest barangay reference point
Bagocboc,BGC-POST-271,271,JCD13,A4/STEEL/35FT,8.44062645115152,124.528201118995,Nearest barangay reference point
Bagocboc,BGC-POST-272,272,JCE38/J,A2/WOOD/35FT,8.41779099765805,124.528689003637,Nearest barangay reference point
Bagocboc,BGC-POST-273,273,JCD14,A1/STEEL/35FT,8.44055738458566,124.528936548301,Nearest barangay reference point
Bagocboc,BGC-POST-274,274,JCE39/K,A2/WOOD/35FT,8.41768300189774,124.529277999487,Nearest barangay reference point
Bagocboc,BGC-POST-275,275,JCD15,A2/STEEL/35FT,8.44050021817206,124.529569549697,Nearest barangay reference point
Bagocboc,BGC-POST-276,276,Opol,Mansilop,8.45413581769203,124.52968723489,Nearest barangay reference point
Bagocboc,BGC-POST-277,277,JCE40/L,A2/WOOD/35FT,8.41712097357617,124.529892999567,Nearest barangay reference point
Bagocboc,BGC-POST-278,278,JCD16,A1/STEEL/35FT,8.43996704218173,124.530454345915,Nearest barangay reference point
Bagocboc,BGC-POST-279,279,JCE41/M,A4/WOOD/35FT,8.4172820043185,124.530602000237,Nearest barangay reference point
Bagocboc,BGC-POST-280,280,JCE42/N,A2/WOOD/35FT,8.41688099852386,124.531107997515,Nearest barangay reference point
Bagocboc,BGC-POST-281,281,JCD17,A2/STEEL/35FT,8.43947100051786,124.531211983504,Nearest barangay reference point
Bagocboc,BGC-POST-282,282,JCE43/O,A2/WOOD/35FT,8.41651199624266,124.531691996502,Nearest barangay reference point
Bagocboc,BGC-POST-283,283,JCD18,A4/STEEL/35FT,8.43964149244469,124.532038022702,Nearest barangay reference point
Bagocboc,BGC-POST-284,284,JCE44/P,A2/WOOD/35FT,8.41656799886611,124.532090001425,Nearest barangay reference point
Bagocboc,BGC-POST-285,285,JCD17A,OS/STEEL/30FT,8.43904787629424,124.532138020076,Nearest barangay reference point
Bagocboc,BGC-POST-286,286,JCE45,AN15KVA/COMMON,8.41721935842422,124.532379918417,Nearest barangay reference point
Bagocboc,BGC-POST-287,287,JCE45/Q,A3/WOOD/35FT,8.41716100332191,124.53238800446,Nearest barangay reference point
Bagocboc,BGC-POST-288,288,JCD19,A4/STEEL/35FT,8.44038815430464,124.532852404347,Nearest barangay reference point
Bagocboc,BGC-POST-289,289,JCE46/R,A4/WOOD/35FT,8.4169549954494,124.533542001293,Nearest barangay reference point
Bagocboc,BGC-POST-290,290,JCD20,A2/STEEL/35FT,8.43995238154723,124.533666117838,Nearest barangay reference point
Bagocboc,BGC-POST-291,291,JCE46B,2J10/STEEL/30FT,8.41496800363412,124.533725995482,Nearest barangay reference point
Bagocboc,BGC-POST-292,292,JCE46A,2J10/STEEL/30FT,8.41616499634983,124.533737997867,Nearest barangay reference point
Bagocboc,BGC-POST-293,293,JCE46C,2J6/2J10/STEEL/30FT,8.41409400124622,124.534051996722,Nearest barangay reference point
Bagocboc,BGC-POST-294,294,JCD21,A1-1/STEEL/35FT,8.44016167406728,124.534250420665,Nearest barangay reference point
Bagocboc,BGC-POST-295,295,JCE47/S,A2/WOOD/35FT,8.41719100137537,124.534256999951,Nearest barangay reference point
Bagocboc,BGC-POST-296,296,JCE46D,2J6/2J15/STEEL/30FT,8.41281299789304,124.534347999573,Nearest barangay reference point
Bagocboc,BGC-POST-297,297,IR55@11A,OS/STEEL/30FT,8.45183682954921,124.534384279248,Nearest barangay reference point
Bagocboc,BGC-POST-298,298,JCE46E,2J10/STEEL/30FT,8.4121639977849,124.534543177624,Nearest barangay reference point
Bagocboc,BGC-POST-299,299,JCD21A,OS/STEEL/30FT,8.44100053427822,124.534958528798,Nearest barangay reference point
Bagocboc,BGC-POST-300,300,JCE48/T,A2/WOOD/35FT,8.41721700072279,124.535068999562,Nearest barangay reference point
Bagocboc,BGC-POST-301,301,JCE46F,2J6/STEEL/30FT,8.41133300090535,124.535146995648,Nearest barangay reference point
Bagocboc,BGC-POST-302,302,JCE49/U,WAYPOINT  10391,8.41777599882928,124.535220000185,Nearest barangay reference point
Bagocboc,BGC-POST-303,303,JCE50,AN10KVA/COMMON,8.41811836790887,124.535822722353,Nearest barangay reference point
Bagocboc,BGC-POST-304,304,JCE50/V,A2/WOOD/35FT,8.41805100267212,124.5358280009,Nearest barangay reference point
Bagocboc,BGC-POST-305,305,JCD22,A4/A5-1STEEL/35FT,8.44084227978878,124.536001070438,Nearest barangay reference point
Bagocboc,BGC-POST-306,306,JCE51/W,A5/WOOD/35FT,8.41799799717113,124.536360000916,Nearest barangay reference point
Bagocboc,BGC-POST-307,307,JCD23,A1/STEEL/35FT,8.44035127309068,124.53636450837,Nearest barangay reference point
Bagocboc,BGC-POST-308,308,JCD28,A1-1/STEEL/35FT,8.44116355776752,124.536497356647,Nearest barangay reference point
Bagocboc,BGC-POST-309,309,JCE51E,2J10/WOOD/30FT,8.41841799728309,124.536799997953,Nearest barangay reference point
Bagocboc,BGC-POST-310,310,JCE51A,2J6/2J10/STEEL/30FT,8.41782000390979,124.537076002596,Nearest barangay reference point
Bagocboc,BGC-POST-311,311,JCE51F,2J10/WOOD/30FT,8.41871499531566,124.537514995907,Nearest barangay reference point
Bagocboc,BGC-POST-312,312,JCE51G,2J10/WOOD/30FT,8.41913699589376,124.537655997862,Nearest barangay reference point
Bagocboc,BGC-POST-313,313,JCE51B,2J7/STEEL/30FT,8.41749599912366,124.537834996851,Nearest barangay reference point
Bagocboc,BGC-POST-314,314,JCD24,A1/STEEL/35FT,8.43892584941399,124.537881463425,Nearest barangay reference point
Bagocboc,BGC-POST-315,315,JCE51H,2J6/WOOD/30FT,8.41961700406139,124.537948997516,Nearest barangay reference point
Bagocboc,BGC-POST-316,316,JCD29,AN10KVA/COMMON,8.44278736121358,124.537971908285,Nearest barangay reference point
Bagocboc,BGC-POST-317,317,JCD29,A5/STEEL/35FT,8.4430152893752,124.537971908285,Nearest barangay reference point
Bagocboc,BGC-POST-318,318,JCD29C,OS/STEEL/30FT,8.44590252221412,124.537983641256,Nearest barangay reference point
Bagocboc,BGC-POST-319,319,JCD29H,OS/STEEL/30FT,8.44902184746327,124.538009874765,Nearest barangay reference point
Bagocboc,BGC-POST-320,320,JCD29A,OS/STEEL/30FT,8.44328786770305,124.538024706123,Nearest barangay reference point
Bagocboc,BGC-POST-321,321,JCE51C,2J6/2J10/STEEL/30FT,8.41721299568114,124.538430996862,Nearest barangay reference point
Bagocboc,BGC-POST-322,322,JCD29B,OS/STEEL/30FT,8.4436965736929,124.538667772078,Nearest barangay reference point
Bagocboc,BGC-POST-323,323,JCD29G,OS/STEEL/30FT,8.44871566038394,124.538799199984,Nearest barangay reference point
Bagocboc,BGC-POST-324,324,JCD25,A2/STEEL/35FT,8.43783753870059,124.538915710365,Nearest barangay reference point
Bagocboc,BGC-POST-325,325,JCD29D,OS/STEEL/30FT,8.44622623608411,124.539048809029,Nearest barangay reference point
Bagocboc,BGC-POST-326,326,JCD29F,OS/STEEL/30FT,8.44858934093677,124.53950536919,Nearest barangay reference point
Bagocboc,BGC-POST-327,327,JCE51D,2J6/STEEL/30FT,8.41651300184567,124.539552996613,Nearest barangay reference point
Bagocboc,BGC-POST-328,328,JCD26,A1/STEEL/35FT,8.43633331916952,124.539678627628,Nearest barangay reference point
Bagocboc,BGC-POST-329,329,JCD29BA,OS/STEEL/30FT,8.44409001984001,124.539953888618,Nearest barangay reference point
Bagocboc,BGC-POST-330,330,JCD29E,OS/STEEL/30FT,8.44663610234001,124.540571136263,Nearest barangay reference point
Bagocboc,BGC-POST-331,331,JCD27,A5/STEEL/35FT,8.4341023993762,124.541128612762,Nearest barangay reference point
Bagocboc,BGC-POST-332,332,JCD27,AN10KVA/COMMON,8.43438659432249,124.541128612762,Nearest barangay reference point
Bagocboc,BGC-POST-333,333,JCD27A,OS/STEEL/30FT,8.43373853452617,124.542045930834,Nearest barangay reference point
Bagocboc,BGC-POST-334,334,JCD27B,OS/STEEL/30FT,8.43314283602009,124.542772140551,Nearest barangay reference point
Bagocboc,BGC-POST-335,335,JCD27C,OS/STEEL/30FT,8.43294259347211,124.543214279073,Nearest barangay reference point
Barra,BRA-POST-001,1,MF5@9A,OS/WOOD/30FT,8.51771179807455,124.59031546582,Nearest barangay reference point
Barra,BRA-POST-002,2,MFA5@1,ABCN37.5KVA/SPOTLOAD,8.51227831860446,124.590324769049,Nearest barangay reference point
Barra,BRA-POST-003,3,MFA5@1,C14/CONCRETE/35FT,8.51222014447116,124.590332398444,Nearest barangay reference point
Barra,BRA-POST-004,4,MF5@4B,OS/WOOD/30FT,8.51735137403012,124.590377658606,Nearest barangay reference point
Barra,BRA-POST-005,5,MF5@9,A1/WOOD/35FT,8.51796132512391,124.590396853164,Nearest barangay reference point
Barra,BRA-POST-006,6,M30CA,OS/WOOD/30FT,8.50942167374223,124.590455781097,Nearest barangay reference point
Barra,BRA-POST-007,7,MF6B,OS/STEEL/30FT,8.51497225200036,124.590600870447,Nearest barangay reference point
Barra,BRA-POST-008,8,M30CC,OS/WOOD/30FT,8.50918052640099,124.590762554411,Nearest barangay reference point
Barra,BRA-POST-009,9,MFA6,C14/CONCRETE/35FT,8.51235324797827,124.590845872478,Nearest barangay reference point
Barra,BRA-POST-010,10,MF5@5LA,OS/WOOD/30FT,8.51712883450092,124.590951148421,Nearest barangay reference point
Barra,BRA-POST-011,11,M30CB,OS/WOOD/30FT,8.50969484133311,124.591072264716,Nearest barangay reference point
Barra,BRA-POST-012,12,MF5@5L,OS/WOOD/30FT,8.51736076176167,124.591168910265,Nearest barangay reference point
Barra,BRA-POST-013,13,MF5@10,A1/WOOD/35FT,8.51800910197199,124.591175029054,Nearest barangay reference point
Barra,BRA-POST-014,14,MF6C,OS/WOOD/30FT,8.51508210217652,124.591281277252,Nearest barangay reference point
Barra,BRA-POST-015,15,MF5@5K,OS/WOOD/30FT,8.51737844757736,124.591489015147,Nearest barangay reference point
Barra,BRA-POST-016,16,MF5@5JA,OS/WOOD/30FT,8.51735972120461,124.591744145789,Nearest barangay reference point
Barra,BRA-POST-017,17,MFA7,C14/CONCRETE/35FT,8.51255801246417,124.591753627947,Nearest barangay reference point
Barra,BRA-POST-018,18,MF5@11,A1/WOOD/35FT,8.51805059239269,124.591781795025,Nearest barangay reference point
Barra,BRA-POST-019,19,MF5@5J,OS/WOOD/30FT,8.51734684780241,124.591901237145,Nearest barangay reference point
Barra,BRA-POST-020,20,M35D,OS/WOOD/30FT,8.50797077114582,124.591985306753,Nearest barangay reference point
Barra,BRA-POST-021,21,MF5@12,A1/WOOD/35FT,8.51806006394327,124.592039203271,Nearest barangay reference point
Barra,BRA-POST-022,22,M35C,OS/WOOD/30FT,8.50737799944575,124.592090996963,Nearest barangay reference point
Barra,BRA-POST-023,23,MF5@5G,OS/WOOD/30FT,8.51754960604013,124.592106677592,Nearest barangay reference point
Barra,BRA-POST-024,24,MF5@5M,OS/WOOD/30FT,8.51718557998539,124.59214406088,Nearest barangay reference point
Barra,BRA-POST-025,25,MFA7@1,ABCN37.5KVA/SPOTLOAD,8.5127284528818,124.592148194342,Nearest barangay reference point
Barra,BRA-POST-026,26,MFA7@1,C14/CONCRETE/35FT,8.51268173184746,124.592155881104,Nearest barangay reference point
Barra,BRA-POST-027,27,M35E,OS/WOOD/30FT,8.507741001012,124.592372997224,Nearest barangay reference point
Barra,BRA-POST-028,28,MF5@5H,OS/WOOD/30FT,8.51754407398403,124.592464249581,Nearest barangay reference point
Barra,BRA-POST-029,29,MF5@13,A5/WOOD/35FT,8.51808571256698,124.592510350049,Nearest barangay reference point
Barra,BRA-POST-030,30,MFA8,ABCN37.5KVA/SPOTLOAD,8.51282477398776,124.592529664069,Nearest barangay reference point
Barra,BRA-POST-031,31,MFA8,C14/CONCRETE/35FT,8.51277192196771,124.59254077482,Nearest barangay reference point
Barra,BRA-POST-032,32,MA12@4,A5/WOOD/40FT,8.51091115986816,124.5925492233,Nearest barangay reference point
Barra,BRA-POST-033,33,MFA8@5,C14/CONCRETE/35FT,8.51393161452817,124.592832523707,Nearest barangay reference point
Barra,BRA-POST-034,34,Opol,Looc,8.5130802287436,124.592839572428,Nearest barangay reference point
Barra,BRA-POST-035,35,MFA8@9,AN25KVA/SPOTLOAD,8.51502239826672,124.592870978987,Nearest barangay reference point
Barra,BRA-POST-036,36,MFA8@9,A5/STEEL/35FT,8.51495599539614,124.592881002943,Nearest barangay reference point
Barra,BRA-POST-037,37,MF5@5I,OS/WOOD/30FT,8.51757223717869,124.592907484621,Nearest barangay reference point
Barra,BRA-POST-038,38,MFA8@4,C14/CONCRETE/35FT,8.51394090104509,124.592922872787,Nearest barangay reference point
Barra,BRA-POST-039,39,MFA8@3,C14/CONCRETE/35FT,8.51354890665771,124.592990871529,Nearest barangay reference point
Barra,BRA-POST-040,40,MFA8@8,AN25KVA/SPOTLOAD,8.51432110876486,124.593024997126,Nearest barangay reference point
Barra,BRA-POST-041,41,MFA8@2,C14/C7-1/CONCRETE/40FT,8.51317290339361,124.593059871869,Nearest barangay reference point
Barra,BRA-POST-042,42,MFA8@8,A1/STEEL/35FT,8.51425149053976,124.593070773493,Nearest barangay reference point
Barra,BRA-POST-043,43,MFA8@1,C14/C7-1/CONCRETE/35FT,8.51291366365995,124.593103450859,Nearest barangay reference point
Barra,BRA-POST-044,44,M38@2,C8/STEEL/35FT,8.50592300058138,124.59314499686,Nearest barangay reference point
Barra,BRA-POST-045,45,MFA8@7,A4/STEEL/35FT,8.51368763633151,124.593161401511,Nearest barangay reference point
Barra,BRA-POST-046,46,MA12@3,A1/WOOD/35FT,8.51104795252475,124.593268139136,Nearest barangay reference point
Barra,BRA-POST-047,47,M38@3,C2/STEEL/35FT,8.50613899934312,124.593283001206,Nearest barangay reference point
Barra,BRA-POST-048,48,MFA8@6,A4/STEEL/35FT,8.51321423176281,124.593344001448,Nearest barangay reference point
Barra,BRA-POST-049,49,MFA8@6,AN25KVA/SPOTLOAD,8.51324833491392,124.593349172198,Nearest barangay reference point
Barra,BRA-POST-050,50,MFA9,C14/CONCRETE/35FT,8.51297442914474,124.59338935671,Nearest barangay reference point
Barra,BRA-POST-051,51,M38@4,C2/STEEL/35FT,8.50640390677918,124.593663596795,Nearest barangay reference point
Barra,BRA-POST-052,52,M38@9,C8/STEEL/35FT,8.50639166847776,124.593861112175,Nearest barangay reference point
Barra,BRA-POST-053,53,MFA10,C14/CONCRETE/35FT,8.51304399419455,124.594031999308,Nearest barangay reference point
Barra,BRA-POST-054,54,MA12@2,A1/WOOD/35FT,8.51110536855915,124.594052685274,Nearest barangay reference point
Barra,BRA-POST-055,55,M38@10,C7/STEEL/35FT,8.50608611029265,124.594133336542,Nearest barangay reference point
Barra,BRA-POST-056,56,M40@4,A4/STEEL/35FT,8.50428172387183,124.594490071759,Nearest barangay reference point
Barra,BRA-POST-057,57,MFA11,C14-1/CONCRETE/35FT,8.51302865584534,124.594687469617,Nearest barangay reference point
Barra,BRA-POST-058,58,M40@5D,OS/WOOD/30FT,8.50490357726813,124.594914698973,Nearest barangay reference point
Barra,BRA-POST-059,59,MA12@1,A1-1/WOOD/35FT,8.51098274131525,124.595030518099,Nearest barangay reference point
Barra,BRA-POST-060,60,M40@3,C1-1/CONCRETE/35FT,8.50328754826515,124.595087535423,Nearest barangay reference point
Barra,BRA-POST-061,61,M40@3,ABCN25KVA/SPOTLOAD,8.50333141728371,124.595087535423,Nearest barangay reference point
Barra,BRA-POST-062,62,M41B,OS/STEEL/30FT,8.50361066822926,124.595154502678,Nearest barangay reference point
Barra,BRA-POST-063,63,M40@5,AN15KVA/SPOTLOAD,8.50476952642203,124.595367152244,Nearest barangay reference point
Barra,BRA-POST-064,64,M40@5,A5/WOOD/35FT,8.50469704717398,124.595374781638,Nearest barangay reference point
Barra,BRA-POST-065,65,M41,C1/CONCRETE/35FT,8.50327069482308,124.595380896552,Nearest barangay reference point
Barra,BRA-POST-066,66,M41,AN37.5KVA/COMMON,8.50330598077279,124.595380896552,Nearest barangay reference point
Barra,BRA-POST-067,67,MFA11@0,C14/C7-1CONCRETE/35FT,8.51305933376766,124.595485421525,Nearest barangay reference point
Barra,BRA-POST-068,68,M40@5A,OS/WOOD/30FT,8.50423503667117,124.595495648682,Nearest barangay reference point
Barra,BRA-POST-069,69,M40@5BA,OS/WOOD/30FT,8.5038945192426,124.595510288479,Nearest barangay reference point
Barra,BRA-POST-070,70,M40@5B,OS/WOOD/30FT,8.50422162562609,124.595609474927,Nearest barangay reference point
Barra,BRA-POST-071,71,M41A,OS/STEEL/30FT,8.50347781920652,124.595678290621,Nearest barangay reference point
Barra,BRA-POST-072,72,MA10@2,C4/STEEL/35FT,8.51008803180202,124.59581139418,Nearest barangay reference point
Barra,BRA-POST-073,73,MA15,C1/WOOD/35FT,8.51397365578547,124.595839874673,Nearest barangay reference point
Barra,BRA-POST-074,74,MA17@5C,J6/WOOD/30FT,8.51809468156174,124.595849282712,Nearest barangay reference point
Barra,BRA-POST-075,75,M40@5C,OS/WOOD/30FT,8.50424962118269,124.595908708871,Nearest barangay reference point
Barra,BRA-POST-076,76,MA10@1,C2/STEEL/35FT,8.50989324329162,124.595914412207,Nearest barangay reference point
Barra,BRA-POST-077,77,MA6@3A,OS/STEEL/30FT,8.50646721738671,124.595944249827,Nearest barangay reference point
Barra,BRA-POST-078,78,M42A,OS/STEEL/30FT,8.50341915749909,124.596012804502,Nearest barangay reference point
Barra,BRA-POST-079,79,MA3C,OS,8.50493006420503,124.596062009759,Nearest barangay reference point
Barra,BRA-POST-080,80,MFA11@1,C14/C7-1/CONCRETE/35FT,8.5130732535238,124.596070230288,Nearest barangay reference point
Barra,BRA-POST-081,81,MA3B,OS,8.50449957283229,124.596091689947,Nearest barangay reference point
Barra,BRA-POST-082,82,MA3D,OS,8.50532728418086,124.596097722989,Nearest barangay reference point
Barra,BRA-POST-083,83,MA10,C1-1/STEEL/35FT,8.50967556373001,124.596135610585,Nearest barangay reference point
Barra,BRA-POST-084,84,MA14,C3/WOOD/35FT,8.51237602097523,124.596155698812,Nearest barangay reference point
Barra,BRA-POST-085,85,MA16,C1/WOOD/35FT,8.51487403981234,124.596195686464,Nearest barangay reference point
Barra,BRA-POST-086,86,MA6@3,A5/STEE/35FT,8.50707,124.596201,Nearest barangay reference point
Barra,BRA-POST-087,87,MA13,C1/WOOD/35FT,8.51165168403698,124.596216331645,Nearest barangay reference point
Barra,BRA-POST-088,88,MA11,2C7/STEEL/35FT,8.51042607812923,124.596220100721,Nearest barangay reference point
Barra,BRA-POST-089,89,MA11@1,C1/STEEL/35FT,8.51064548780338,124.596249920747,Nearest barangay reference point
Barra,BRA-POST-090,90,MA12,C1-1/A5-1/STEEL/35FT,8.51089930634305,124.596286185401,Nearest barangay reference point
Barra,BRA-POST-091,91,MA6@2B,OS/STEEL/30FT,8.50666294250722,124.596287240034,Nearest barangay reference point
Barra,BRA-POST-092,92,MA17@5B,4J6/WOOD/30FT,8.51779285204565,124.596395359012,Nearest barangay reference point
Barra,BRA-POST-093,93,M42,CN10KVA/COMMON,8.5033639535149,124.596411503538,Nearest barangay reference point
Barra,BRA-POST-094,94,M42,C1/CONCRETE/35FT,8.50332844458996,124.59641516862,Nearest barangay reference point
Barra,BRA-POST-095,95,MA5C,OS,8.5058058061236,124.596482364422,Nearest barangay reference point
Barra,BRA-POST-096,96,MA5D,OS/STEEL/30FT,8.50610059753298,124.596489743197,Nearest barangay reference point
Barra,BRA-POST-097,97,MA17,C4-1/WOOD/35FT,8.51576855650712,124.596522999784,Nearest barangay reference point
Barra,BRA-POST-098,98,MA8.3,C7/CONCRETE/35FT,8.50918222123024,124.596526657953,Nearest barangay reference point
Barra,BRA-POST-099,99,MA6@2,A1/STEEL/35FT,8.507127,124.596542,Nearest barangay reference point
Barra,BRA-POST-100,100,MA8@1,C7/CONCRETE/35FT,8.50883794292354,124.596572434524,Nearest barangay reference point
Barra,BRA-POST-101,101,MA9,C2/C7-1/STEEL/40FT,8.50940181119186,124.596573562551,Nearest barangay reference point
Barra,BRA-POST-102,102,MFA12,C14/CONCRETE/35FT,8.51308774937248,124.596596021264,Nearest barangay reference point
Barra,BRA-POST-103,103,MA3A,OS,8.50451868417233,124.596623600848,Nearest barangay reference point
Barra,BRA-POST-104,104,MA17@1,A2/WOOD/35FT,8.51607756718793,124.596628961379,Nearest barangay reference point
Barra,BRA-POST-105,105,MA6@2A,OS/STEEL/30FT,8.50687600636395,124.596648667499,Nearest barangay reference point
Barra,BRA-POST-106,106,Opol,Marphel Subd.,8.50515991706921,124.596725957314,Nearest barangay reference point
Barra,BRA-POST-107,107,MA8@2,C8/C7-1/STEEL/35FT,8.50919653603177,124.596737926627,Nearest barangay reference point
Barra,BRA-POST-108,108,MA5A,OS/STEEL/30FT,8.50625364704278,124.596770367617,Nearest barangay reference point
Barra,BRA-POST-109,109,MA8,C2/STEEL/35FT,8.50890149054845,124.596792244928,Nearest barangay reference point
Barra,BRA-POST-110,110,MA4B,OS/STEEL/30FT,8.50517239306722,124.596822488717,Nearest barangay reference point
Barra,BRA-POST-111,111,MA5B,OS/STEEL/30FT,8.50580664422585,124.596833320781,Nearest barangay reference point
Barra,BRA-POST-112,112,MA7.1,C7/CONCRETE/35FT,8.50787022693301,124.596845783611,Nearest barangay reference point
Barra,BRA-POST-113,113,MA8@5,C2/STEEL/35FT,8.50871743141692,124.596863235642,Nearest barangay reference point
Barra,BRA-POST-114,114,MA17@2,A1/WOOD/35FT,8.51645550771744,124.596865248373,Nearest barangay reference point
Barra,BRA-POST-115,115,MA6@4,A5/STEEL/35FT,8.50674974468056,124.59690694661,Nearest barangay reference point
Barra,BRA-POST-116,116,MA6@4,AN25KVA/SPOTLOAD,8.50678514565026,124.596912075634,Nearest barangay reference point
Barra,BRA-POST-117,117,MA8@6,C14/STEEL/35FT,8.50820679962893,124.59693498946,Nearest barangay reference point
Barra,BRA-POST-118,118,MA7,C8/C7-1WOOD/35FT,8.5079184409493,124.596935493175,Nearest barangay reference point
Barra,BRA-POST-119,119,MFA12@1,C14/CONCRETE/35FT,8.5130916888501,124.596944463003,Nearest barangay reference point
Barra,BRA-POST-120,120,MA6@1,A4/STEEL/35FT,8.50713899885488,124.596974997874,Nearest barangay reference point
Barra,BRA-POST-121,121,M42.1,C7/C8/CONCRETE/35FT,8.50332409849161,124.596994265603,Nearest barangay reference point
Barra,BRA-POST-122,122,MA17@5A,J5/J8/WOOD/30FT,8.51762569777897,124.5970147471,Nearest barangay reference point
Barra,BRA-POST-123,123,MA6A,OS,8.50736685317904,124.597048312557,Nearest barangay reference point
Barra,BRA-POST-124,124,MA17@3,A1/WOOD/35FT,8.51680377845799,124.597069259374,Nearest barangay reference point
Barra,BRA-POST-125,125,MA5,06-jul-19 8:39:17am,8.50597930795434,124.597082509573,Nearest barangay reference point
Barra,BRA-POST-126,126,MA6,C2/A5-1/WOOD/35FT,8.50679771688329,124.597083602184,Nearest barangay reference point
Barra,BRA-POST-127,127,720,C3/STEEL/35FT,8.50788887787637,124.597088081062,Nearest barangay reference point
Barra,BRA-POST-128,128,MA4@1,CN50KVA/COMMON,8.50573119942763,124.597091220671,Nearest barangay reference point
Barra,BRA-POST-129,129,MA2,C14/WOOD/35FT,8.50394477050873,124.59711569872,Nearest barangay reference point
Barra,BRA-POST-130,130,MA2,CN10KVA/SPOTLOAD,8.50403346222016,124.59711569872,Nearest barangay reference point
Barra,BRA-POST-131,131,MA42@1,C14/STEEL/40FT,8.50487800312042,124.597119000984,Nearest barangay reference point
Barra,BRA-POST-132,132,MA1.1,C1/WOOD/40FT,8.50361461865322,124.597121903028,Nearest barangay reference point
Barra,BRA-POST-133,133,MA1,C8/CONCRETE/35FT,8.50337346512688,124.597126511441,Nearest barangay reference point
Barra,BRA-POST-134,134,M43,CN37.5KVA/SPOTLOAD,8.50334962008429,124.597126514941,Nearest barangay reference point
Barra,BRA-POST-135,135,MA1@0,C8/STEEL/40FT,8.50345557861653,124.597173146336,Nearest barangay reference point
Barra,BRA-POST-136,136,MA4@1,C15/CONCRETE/35FT,8.50574073700146,124.597175144006,Nearest barangay reference point
Barra,BRA-POST-137,137,M43,C8/CONCRETE/35FT,8.50333500144278,124.597176996564,Nearest barangay reference point
Barra,BRA-POST-138,138,MA4,C14/WOOD/35FT,8.50515576865701,124.597185202411,Nearest barangay reference point
Barra,BRA-POST-139,139,MA7C,OS/STEEL/30FT,8.50880996359605,124.59726448405,Nearest barangay reference point
Barra,BRA-POST-140,140,MA3@1,A5/WOOD/35FT,8.50466395722203,124.597283408655,Nearest barangay reference point
Barra,BRA-POST-141,141,MA3@1,CN25KVA/COMMON,8.50469924317174,124.597283408655,Nearest barangay reference point
Barra,BRA-POST-142,142,MFA13,C14/CONCRETE/35FT,8.5131242933371,124.597307728613,Nearest barangay reference point
Barra,BRA-POST-143,143,MA17@4,A1/WOOD/35FT,8.51726385588387,124.597334045084,Nearest barangay reference point
Barra,BRA-POST-144,144,MD18@6C,OS/CONCRETE/30FT,8.50720407375871,124.597346787458,Nearest barangay reference point
Barra,BRA-POST-145,145,MD17@5D,OS/CONCRETE/30FT,8.50692265142684,124.597380655333,Nearest barangay reference point
Barra,BRA-POST-146,146,MA4@1A,OS/STEEL/30FT,8.50570194939139,124.597427508587,Nearest barangay reference point
Barra,BRA-POST-147,147,MD16@4C,OS/CONCRETE/30FT,8.506649,124.597442,Nearest barangay reference point
Barra,BRA-POST-148,148,MA7B,OS/STEEL/30FT,8.50849103344986,124.59745667811,Nearest barangay reference point
Barra,BRA-POST-149,149,MA9@1,ABCN333KVA/SPOTLOAD,8.50988704861006,124.597457175709,Nearest barangay reference point
Barra,BRA-POST-150,150,MA17@5,A5/WOOD/35FT,8.51750181820763,124.597458014896,Nearest barangay reference point
Barra,BRA-POST-151,151,MA17@5,CN15KVA/COMMON,8.51756762173546,124.597458014896,Nearest barangay reference point
Barra,BRA-POST-152,152,M43.1A,OS/STEEL/30FT,8.50368141300133,124.597461962137,Nearest barangay reference point
Barra,BRA-POST-153,153,MA9@1,C14/STEEL/35FT,8.50981838405927,124.597464805103,Nearest barangay reference point
Barra,BRA-POST-154,154,MA3@1AA,OS/STEEL/30FT,8.50497021227005,124.597471515691,Nearest barangay reference point
Barra,BRA-POST-155,155,M43.1B,OS/STEEL/30FT,8.50385265249886,124.597551480984,Nearest barangay reference point
Barra,BRA-POST-156,156,MD16@1K,OS/WOOD/30FT,8.50623244790224,124.597595146965,Nearest barangay reference point
Barra,BRA-POST-157,157,MD17@5C,OS/CONCRETE/30FT,8.50692379803776,124.597603143789,Nearest barangay reference point
Barra,BRA-POST-158,158,MD24D,OS/CONCRETE/30FT,8.50741121197874,124.597614373727,Nearest barangay reference point
Barra,BRA-POST-159,159,MA3@1A,OS/STEEL/30FT,8.5046127290901,124.597652313319,Nearest barangay reference point
Barra,BRA-POST-160,160,MA4@1B,OS/STEEL/30FT,8.50573296658779,124.59766228675,Nearest barangay reference point
Barra,BRA-POST-161,161,MD18@6B,OS/CONCRETE/30FT,8.50719815385277,124.597665638727,Nearest barangay reference point
Barra,BRA-POST-162,162,MD16@4B,OS/CONCRETE/30FT,8.50666625878906,124.597697552734,Nearest barangay reference point
Barra,BRA-POST-163,163,MA4@1C,OS/STEEL/30FT,8.5054400232225,124.597700336975,Nearest barangay reference point
Barra,BRA-POST-164,164,M43@1,AN15KVA/COMMON,8.50341233350116,124.597714919258,Nearest barangay reference point
Barra,BRA-POST-165,165,M43@1,C14/STEEL/35FT,8.50336751080829,124.597722548653,Nearest barangay reference point
Barra,BRA-POST-166,166,MFA13@1,C14/CONCRETE/35FT,8.51311658410498,124.597738057899,Nearest barangay reference point
Barra,BRA-POST-167,167,MA7A,OS/STEEL/30FT,8.50811903928867,124.597769151863,Nearest barangay reference point
Barra,BRA-POST-168,168,MA18,C1/WOOD/35FT,8.51597533805316,124.597809957199,Nearest barangay reference point
Barra,BRA-POST-169,169,MD16@1J,OS/CONCRETE/30FT,8.50641999874474,124.597852000195,Nearest barangay reference point
Barra,BRA-POST-170,170,MB1,A1/WOOD/35FT,8.50993793709194,124.597860751526,Nearest barangay reference point
Barra,BRA-POST-171,171,MD17@5B,OS/CONCRETE/30FT,8.50692130263591,124.597961889165,Nearest barangay reference point
Barra,BRA-POST-172,172,MA17@5D,2J6/STEEL/30FT,8.51773500020498,124.597967997748,Nearest barangay reference point
Barra,BRA-POST-173,173,MFA14@1,A5/CONCRETE/35FT,8.51325388326923,124.597973844739,Nearest barangay reference point
Barra,BRA-POST-174,174,MA3@1B,OS/STEEL/30FT,8.50462513014912,124.597974851458,Nearest barangay reference point
Barra,BRA-POST-175,175,MD24C,OS/CONCRETE/30FT,8.50741763150425,124.597982003028,Nearest barangay reference point
Barra,BRA-POST-176,176,MA19C,OS/2J8/WOOD/30FT,8.5169316883836,124.597987588792,Nearest barangay reference point
Barra,BRA-POST-177,177,MD18@6A,MD18@6,8.50714056146408,124.598043315835,Nearest barangay reference point
Barra,BRA-POST-178,178,MFA14,C14/C7-1/A5-1/CONCRETE/35FT,8.51311063360804,124.598052797608,Nearest barangay reference point
Barra,BRA-POST-179,179,028,,8.512994,124.598063,Nearest barangay reference point
Barra,BRA-POST-180,180,MD16@4A,OS/CONCRETE/30FT,8.50667739776611,124.598084370605,Nearest barangay reference point
Barra,BRA-POST-181,181,M44A,OS/STEEL/30FT,8.5035806593688,124.598104763606,Nearest barangay reference point
Barra,BRA-POST-182,182,M44.3D,OS,8.50423830316306,124.598110050335,Nearest barangay reference point
Barra,BRA-POST-183,183,M43@2,C14/A5-1/STEEL/35FT,8.50337589650749,124.598148773858,Nearest barangay reference point
Barra,BRA-POST-184,184,MD18@6A,OS/CONCRETE/30FT,8.5071892276621,124.598154727396,Nearest barangay reference point
Barra,BRA-POST-185,185,M43@3,A5/STEEL/35FT,8.50363100489018,124.598160003551,Nearest barangay reference point
Barra,BRA-POST-186,186,M43@3,AN37.5KVA/SPOTLOAD,8.50365770777104,124.598160003551,Nearest barangay reference point
Barra,BRA-POST-187,187,MA7AA,OS/STEEL/30FT,8.50839600315216,124.598184997354,Nearest barangay reference point
Barra,BRA-POST-188,188,M44.3C,OS,8.50436839432412,124.598207945789,Nearest barangay reference point
Barra,BRA-POST-189,189,MFA14@2,C14/STEEL/40FT,8.51312471229982,124.598222032213,Nearest barangay reference point
Barra,BRA-POST-190,190,MA3@1D,OS/STEEL/30FT,8.50503148783873,124.598262265291,Nearest barangay reference point
Barra,BRA-POST-191,191,MD16@1I,OS/CONCRETE/30FT,8.50641375820126,124.598290366113,Nearest barangay reference point
Barra,BRA-POST-192,192,MFA14@4,C7/STEEL/40FT,8.51280438859152,124.598310786301,Nearest barangay reference point
Barra,BRA-POST-193,193,MD17@5A,OS/CONCRETE/30FT,8.50692399874396,124.598318003868,Nearest barangay reference point
Barra,BRA-POST-194,194,MA3@1C,OS/STEEL/30FT,8.50464323544388,124.598324034306,Nearest barangay reference point
Barra,BRA-POST-195,195,M45@4G,OS/STEEL/30FT,8.50607997972586,124.598340044851,Nearest barangay reference point
Barra,BRA-POST-196,196,MD24AA,OS/STEEL/30FT,8.50786942630601,124.598356983229,Nearest barangay reference point
Barra,BRA-POST-197,197,MA19B,OS/2J8/STEEL/30FT,8.51648493926123,124.598377933302,Nearest barangay reference point
Barra,BRA-POST-198,198,MD24B,OS/STEEL/30FT,8.50741734676225,124.598414372942,Nearest barangay reference point
Barra,BRA-POST-199,199,M44.3B,OS,8.50441809637525,124.598520847258,Nearest barangay reference point
Barra,BRA-POST-200,200,M44,AN37.5KVA/SPOTLOAD,8.50344590650816,124.598530898057,Nearest barangay reference point
Barra,BRA-POST-201,201,M44,C14/STEEL/35FT,8.50338963972349,124.598538527452,Nearest barangay reference point
Barra,BRA-POST-202,202,MD16@4,A5/CONCRETE/35FT,8.506685,124.598598,Nearest barangay reference point
Barra,BRA-POST-203,203,M45@8,A4/STEEL/35FT,8.505923,124.598605,Nearest barangay reference point
Barra,BRA-POST-204,204,MFA14@3,C14/CONCRETE/35FT,8.51312798177738,124.598614304531,Nearest barangay reference point
Barra,BRA-POST-205,205,MD18@6,A5/CONCRETE/35FT,8.50718429738631,124.598628383941,Nearest barangay reference point
Barra,BRA-POST-206,206,M45@7,A1/STEEL/35FT,8.505606,124.598633,Nearest barangay reference point
Barra,BRA-POST-207,207,M44.3A,OS,8.50404057691115,124.598637601052,Nearest barangay reference point
Barra,BRA-POST-208,208,MD24,A5/STEEL/35FT,8.50743199624246,124.598644997067,Nearest barangay reference point
Barra,BRA-POST-209,209,M45@6,A2/STEEL/35FT,8.505259,124.598649,Nearest barangay reference point
Barra,BRA-POST-210,210,MD24A,OS/CONCRETE/30FT,8.50778057759035,124.598654617203,Nearest barangay reference point
Barra,BRA-POST-211,211,MA19A,OS/3J5/WOOD/30FT,8.51624011640778,124.598655697544,Nearest barangay reference point
Barra,BRA-POST-212,212,MA3@1E,OS/STEEL/30FT,8.5048616638071,124.59865579167,Nearest barangay reference point
Barra,BRA-POST-213,213,MD16@1H,OS/CONCRETE/30FT,8.50640857538325,124.598686856274,Nearest barangay reference point
Barra,BRA-POST-214,214,MD17@5,A5/CONCRETE/30FT,8.50692621283613,124.598703317235,Nearest barangay reference point
Barra,BRA-POST-215,215,MA19,C1-1/CONCRETE/35FT,8.51613886898013,124.598730290169,Nearest barangay reference point
Barra,BRA-POST-216,216,M45@5,A2/STEEL/35FT,8.505011,124.598738,Nearest barangay reference point
Barra,BRA-POST-217,217,MB2,A1/WOOD/35FT,8.51024597202779,124.59878846057,Nearest barangay reference point
Barra,BRA-POST-218,218,Opol,Vamenta Subd.,8.50693467700098,124.598809446996,Nearest barangay reference point
Barra,BRA-POST-219,219,M45@4,CN25KVA/COMMON,8.5048237193442,124.598847484223,Nearest barangay reference point
Barra,BRA-POST-220,220,M45@4,A5/WOOD/35FT,8.50477508195407,124.598855113617,Nearest barangay reference point
Barra,BRA-POST-221,221,M45@9,A2/STEEL/35FT,8.505971,124.598866,Nearest barangay reference point
Barra,BRA-POST-222,222,MD23B,OS/STEEL/30FT,8.50813471973389,124.598895178475,Nearest barangay reference point
Barra,BRA-POST-223,223,MD23,A1/CONCRETE/35FT,8.50742194124573,124.598919302076,Nearest barangay reference point
Barra,BRA-POST-224,224,MD23A,OS/STEEL/30FT,8.50778027631108,124.598927378074,Nearest barangay reference point
Barra,BRA-POST-225,225,M45@2B,OS/STEEL/30FT,8.50368610546327,124.598976573619,Nearest barangay reference point
Barra,BRA-POST-226,226,M44@1,C1/WOOD/35FT,8.50344375928119,124.598991000042,Nearest barangay reference point
Barra,BRA-POST-227,227,MD16@1G,OS/CONCRETE/30FT,8.50640962307633,124.598995116222,Nearest barangay reference point
Barra,BRA-POST-228,228,M45@4C,OS/WOOD/30FT,8.50555987633971,124.599040020339,Nearest barangay reference point
Barra,BRA-POST-229,229,MFA15,C14/CONCRETE/35FT,8.5131426544302,124.599054517696,Nearest barangay reference point
Barra,BRA-POST-230,230,MD22B,OS/STEEL/30FT,8.50815988872576,124.599083021825,Nearest barangay reference point
Barra,BRA-POST-231,231,MD22,A1/CONCRETE/35FT,8.50742671893011,124.599097752795,Nearest barangay reference point
Barra,BRA-POST-232,232,MD22A,OS/CONCRETE/30FT,8.50779558552538,124.599105906453,Nearest barangay reference point
Barra,BRA-POST-233,233,MD18@5,A1/CONCRETE/35FT,8.50717599726433,124.599110002691,Nearest barangay reference point
Barra,BRA-POST-234,234,MA21C,OS/STEEL/30FT,8.51791254244745,124.599110512063,Nearest barangay reference point
Barra,BRA-POST-235,235,M45@3A,OS/WOOD/30FT,8.50439102761136,124.599125263088,Nearest barangay reference point
Barra,BRA-POST-236,236,MD16@3,A1/CONCRETE/35FT,8.506678,124.599135,Nearest barangay reference point
Barra,BRA-POST-237,237,MD17@4,A1/CONCRETE/35FT,8.5069199961741,124.599183999692,Nearest barangay reference point
Barra,BRA-POST-238,238,M45@3,A6/WOOD/35FT,8.50422758104151,124.599205565577,Nearest barangay reference point
Barra,BRA-POST-239,239,MD16@1F,OS/CONCRETE/30FT,8.5064065075002,124.599225111958,Nearest barangay reference point
Barra,BRA-POST-240,240,M45@3C,OS/WOOD/30FT,8.50468103319788,124.59925417616,Nearest barangay reference point
Barra,BRA-POST-241,241,M45@3B,OS/WOOD/30FT,8.5044307560231,124.599284100666,Nearest barangay reference point
Barra,BRA-POST-242,242,M45@2A,OS/STEEL/30FT,8.50371669821897,124.59928804195,Nearest barangay reference point
Barra,BRA-POST-243,243,M45,C14/A5-1/A5-1/STEEL/40FT,8.50345586124961,124.599331997867,Nearest barangay reference point
Barra,BRA-POST-244,244,M45@10,A5/STEEL/35FT,8.50594,124.599348,Nearest barangay reference point
Barra,BRA-POST-245,245,M45@10,CN50KVA/SPOTLOAD,8.50596956390381,124.599348,Nearest barangay reference point
Barra,BRA-POST-246,246,MD21A,OS/CONCRETE/30FT,8.50779910981798,124.599350490068,Nearest barangay reference point
Barra,BRA-POST-247,247,MD21,A1/WOOD/35FT,8.50740900256935,124.599350996737,Nearest barangay reference point
Barra,BRA-POST-248,248,MD21B,OS/CONCRETE/30FT,8.50814893684155,124.599358870987,Nearest barangay reference point
Barra,BRA-POST-249,249,M45@2,A4/WOOD/35FT,8.50360991650329,124.599361976259,Nearest barangay reference point
Barra,BRA-POST-250,250,MA20,C1/WOOD/35FT,8.51628865358658,124.599399836595,Nearest barangay reference point
Barra,BRA-POST-251,251,M45@4D,OS/WOOD/30FT,8.50550606608418,124.599405554015,Nearest barangay reference point
Barra,BRA-POST-252,252,MD16@1C,OS/CONCRETE/30FT,8.50640978285319,124.59950600062,Nearest barangay reference point
Barra,BRA-POST-253,253,M45@1,A5/CONCRETE/35FT,8.50346825818632,124.599509152993,Nearest barangay reference point
Barra,BRA-POST-254,254,M45@1,AN15KVA/SPOTLOAD,8.50349972943876,124.599509152993,Nearest barangay reference point
Barra,BRA-POST-255,255,MB3AB,OS/STEEL/30FT,8.509902283826,124.599525758792,Nearest barangay reference point
Barra,BRA-POST-256,256,M45,AN25KVA,8.50338257994905,124.599551671811,Nearest barangay reference point
Barra,BRA-POST-257,257,MD17@3,A3/CONCRETE/35FT,8.5069070038174,124.599562001853,Nearest barangay reference point
Barra,BRA-POST-258,258,MD16@2,A2/CONCRETE/35FT,8.506669,124.599563,Nearest barangay reference point
Barra,BRA-POST-259,259,MFA16,C14/A5-1/CONCRETE/35FT,8.51317786072955,124.59957604349,Nearest barangay reference point
Barra,BRA-POST-260,260,MD20A,OS/CONCRETE/30FT,8.50781181296122,124.599588127183,Nearest barangay reference point
Barra,BRA-POST-261,261,MD20,A6/CONCRETE/35FT,8.50740000362229,124.599588997681,Nearest barangay reference point
Barra,BRA-POST-262,262,MD20B,OS/CONCRETE/30FT,8.50810429612859,124.599595998617,Nearest barangay reference point
Barra,BRA-POST-263,263,MD18@4,A4/CONCRETE/35FT,8.50715000069569,124.599615998371,Nearest barangay reference point
Barra,BRA-POST-264,264,MD16@1,A5/WOOD/35FT,8.50640207348633,124.599676706055,Nearest barangay reference point
Barra,BRA-POST-265,265,MD16,C7-1/C7-1/A5-1/CONCRETE/35FT,8.5066339963339,124.599684002356,Nearest barangay reference point
Barra,BRA-POST-266,266,MFA16@1,A4/CONCRETE/35FT,8.51333191574571,124.599701608017,Nearest barangay reference point
Barra,BRA-POST-267,267,MFA16@1,CN15KVA/SPOTLOAD,8.51336243332383,124.599701608017,Nearest barangay reference point
Barra,BRA-POST-268,268,MD17,C1-1/A5-1/A5-1/WOOD/35FT,8.506833,124.599736,Nearest barangay reference point
Barra,BRA-POST-269,269,MD18,C1/A5-1/A5-1/CONCRETE/35FT,8.507078,124.599741,Nearest barangay reference point
Barra,BRA-POST-270,270,MD19,C7/A5-1/STEEL/35FT,8.50732,124.599747,Nearest barangay reference point
Barra,BRA-POST-271,271,MB3A,OS/STEEL/30FT,8.51051006359795,124.59979406056,Nearest barangay reference point
Barra,BRA-POST-272,272,MD10E,OS/STEEL/30FT,8.506129,124.599828,Nearest barangay reference point
Barra,BRA-POST-273,273,MB3AA,OS/STEEL/30FT,8.51026372299261,124.599838560404,Nearest barangay reference point
Barra,BRA-POST-274,274,ME6@3E,OS/CONCRETE/30FT,8.5082935517612,124.599868819339,Nearest barangay reference point
Barra,BRA-POST-275,275,ME4@4B,OS/CONCRETE/30FT,8.50762601496926,124.599881561696,Nearest barangay reference point
Barra,BRA-POST-276,276,MD15,C14/CONCRETE/35FT,8.506581,124.599925,Nearest barangay reference point
Barra,BRA-POST-277,277,M46,C1/CONCRETE/35FT,8.50347577553538,124.599925294214,Nearest barangay reference point
Barra,BRA-POST-278,278,MB3,A5/WOOD/35FT,8.51061125536115,124.59992957287,Nearest barangay reference point
Barra,BRA-POST-279,279,MB3G,OS/STEEL/30FT,8.50911121265578,124.599974521098,Nearest barangay reference point
Barra,BRA-POST-280,280,MD17@1,A6/WOOD/35FT,8.50682700116337,124.599995002755,Nearest barangay reference point
Barra,BRA-POST-281,281,MA21A,OS/WOOD/30FT,8.51800130428065,124.600015083009,Nearest barangay reference point
Barra,BRA-POST-282,282,ME4@6B,OS/CONCRETE/30FT,8.50807486843323,124.600045677638,Nearest barangay reference point
Barra,BRA-POST-283,283,MD19@1,A1/STEEL/35FT,8.50729778769569,124.600049872388,Nearest barangay reference point
Barra,BRA-POST-284,284,MD16@1A,OS/CONCRETE/30FT,8.506352,124.600053,Nearest barangay reference point
Barra,BRA-POST-285,285,MD18@1,A2/WOOD/35FT,8.50707899704118,124.600066003253,Nearest barangay reference point
Barra,BRA-POST-286,286,MFA17,C14/CONCRETE/35FT,8.5131566542831,124.600071076566,Nearest barangay reference point
Barra,BRA-POST-287,287,MFA17,BN37.5KVA/SPOTLOAD,8.51318717186122,124.600071076566,Nearest barangay reference point
Barra,BRA-POST-288,288,MA21,C1/WOOD/35FT,8.51639895942955,124.600082626428,Nearest barangay reference point
Barra,BRA-POST-289,289,ME4@4A,OS/CONCRETE/30FT,8.50759106269045,124.600089436773,Nearest barangay reference point
Barra,BRA-POST-290,290,ME4@5C,OS/CONCRETE/30FT,8.50781436391505,124.600148356569,Nearest barangay reference point
Barra,BRA-POST-291,291,MD10D,OS/CONCRETE/30FT,8.506048,124.60028,Nearest barangay reference point
Barra,BRA-POST-292,292,MD14,C14/WOOD/35FT,8.50651,124.600344,Nearest barangay reference point
Barra,BRA-POST-293,293,M46.1,C1/WOOD/35FT,8.50348819565052,124.600346954237,Nearest barangay reference point
Barra,BRA-POST-294,294,ME6@3D,OS/CONCRETE/30FT,8.50824938362239,124.600360671728,Nearest barangay reference point
Barra,BRA-POST-295,295,MD17@2,A5/WOOD/35FT,8.50677399920031,124.600365999324,Nearest barangay reference point
Barra,BRA-POST-296,296,MB3B,OS/STEEL/30FT,8.51061333160977,124.600378445312,Nearest barangay reference point
Barra,BRA-POST-297,297,MB3F,OS/STEEL/30FT,8.50974991108646,124.600413061187,Nearest barangay reference point
Barra,BRA-POST-298,298,MD18@2,A1/WOOD/35FT,8.50702499631002,124.600426995899,Nearest barangay reference point
Barra,BRA-POST-299,299,MD16@1B,OS/WOOD/30FT,8.506285,124.600432,Nearest barangay reference point
Barra,BRA-POST-300,300,MFA18,C14/CONCRETE/35FT,8.51315639959068,124.600482126239,Nearest barangay reference point
Barra,BRA-POST-301,301,MD19@2,A5/WOOD/35FT,8.50723900035002,124.600492997928,Nearest barangay reference point
Barra,BRA-POST-302,302,ME4@4,A4/CONCRETE/35FT,8.50756116465213,124.60064614177,Nearest barangay reference point
Barra,BRA-POST-303,303,ME4@5,A1/CONCRETE/35FT,8.50779644467126,124.600647482875,Nearest barangay reference point
Barra,BRA-POST-304,304,MD10C,OS/WOOD/30FT,8.505995,124.600652,Nearest barangay reference point
Barra,BRA-POST-305,305,MFA16@2,A1/CONCRETE/35FT,8.51335471528738,124.600670964075,Nearest barangay reference point
Barra,BRA-POST-306,306,ME4@6,A5/CONCRETE/35FT,8.50799853235418,124.600671958032,Nearest barangay reference point
Barra,BRA-POST-307,307,MA21B,OS/WOOD/30FT,8.51804300029062,124.600687999816,Nearest barangay reference point
Barra,BRA-POST-308,308,MD13,C14/CONCRETE/35FT,8.506469,124.600732,Nearest barangay reference point
Barra,BRA-POST-309,309,MD17@2A,OS/WOOD/30FT,8.50670599777179,124.600773999679,Nearest barangay reference point
Barra,BRA-POST-310,310,MD18@3,A5/WOOD/35FT,8.50697400287905,124.600790998144,Nearest barangay reference point
Barra,BRA-POST-311,311,MD16@1C,OS/STEEL/30FT,8.506232,124.600804,Nearest barangay reference point
Barra,BRA-POST-312,312,MA22,C1/WOOD/35FT,8.51647070851832,124.600805733216,Nearest barangay reference point
Barra,BRA-POST-313,313,MFA19,C14/CONCRETE/35FT,8.5131824719181,124.600805999658,Nearest barangay reference point
Barra,BRA-POST-314,314,MFA19,AN50KVA/SPOTLOAD,8.51320917479896,124.600805999658,Nearest barangay reference point
Barra,BRA-POST-315,315,ME6@3C,OS/CONCRETE/30FT,8.50822616700192,124.600816897852,Nearest barangay reference point
Barra,BRA-POST-316,316,MD19@2A,OS/WOOD/30FT,8.507187,124.600933,Nearest barangay reference point
Barra,BRA-POST-317,317,MA21BA,OS/WOOD/30FT,8.51807414215216,124.600999209662,Nearest barangay reference point
Barra,BRA-POST-318,318,MB3C,OS/STEEL/30FT,8.51063629878398,124.60101957243,Nearest barangay reference point
Barra,BRA-POST-319,319,MB3CA,OS/STEEL/30FT,8.51108741172492,124.601025606813,Nearest barangay reference point
Barra,BRA-POST-320,320,MB3I,OS/STEEL/30FT,8.51149938209455,124.601029462278,Nearest barangay reference point
Barra,BRA-POST-321,321,MB3H,OS/STEEL/30FT,8.51023757023543,124.601047570769,Nearest barangay reference point
Barra,BRA-POST-322,322,MD10B,OS/WOOD/30FT,8.505918,124.601112,Nearest barangay reference point
Barra,BRA-POST-323,323,M47,300KVAR CAPACITOR,8.50354673390558,124.60111537217,Nearest barangay reference point
Barra,BRA-POST-324,324,M47,C1/WOOD/35FT,8.50350000386408,124.601123001565,Nearest barangay reference point
Barra,BRA-POST-325,325,MD18@3A,OS/STEEL/30FT,8.50692499678697,124.601140003967,Nearest barangay reference point
Barra,BRA-POST-326,326,MD16@1D,OS/STEEL/30FT,8.506186,124.601146,Nearest barangay reference point
Barra,BRA-POST-327,327,MD12,C14/CONCRETE/35FT,8.506398,124.601158,Nearest barangay reference point
Barra,BRA-POST-328,328,MD17@2B,OS/WOOD/30FT,8.50664525286741,124.601165336077,Nearest barangay reference point
Barra,BRA-POST-329,329,ME4@6A,OS/CONCRETE/30FT,8.50798702514526,124.601216886084,Nearest barangay reference point
Barra,BRA-POST-330,330,ME4@5A,OS/CONCRETE/30FT,8.50772366596771,124.601253012748,Nearest barangay reference point
Barra,BRA-POST-331,331,ME4@3,A1/CONCRETE/35FT,8.5074314127913,124.601293392333,Nearest barangay reference point
Barra,BRA-POST-332,332,MB3O,OS/STEEL/30FT,8.51144498004977,124.601353590128,Nearest barangay reference point
Barra,BRA-POST-333,333,ME10H,OS/CONCRETE/30FT,8.51020152376895,124.601369430526,Nearest barangay reference point
Barra,BRA-POST-334,334,MFA16@3,A5/CONCRETE/35FT,8.51337332128052,124.60137613851,Nearest barangay reference point
Barra,BRA-POST-335,335,MD10A,OS/STEEL/30FT,8.50586462139893,124.601378035156,Nearest barangay reference point
Barra,BRA-POST-336,336,MD19@2B,OS/STEEL/30FT,8.50711299566498,124.601383999862,Nearest barangay reference point
Barra,BRA-POST-337,337,MD11,C4-1/WOOD/35FT,8.506342,124.601406,Nearest barangay reference point
Barra,BRA-POST-338,338,ME8@3E,OS/CONCRETE/30FT,8.50969333193589,124.601406646735,Nearest barangay reference point
Barra,BRA-POST-339,339,ME8@3C,OS/CONCRETE/30FT,8.50919268510064,124.601416537258,Nearest barangay reference point
Barra,BRA-POST-340,340,ME6@3B,OS/CONCRETE/30FT,8.50816950574115,124.601424165874,Nearest barangay reference point
Barra,BRA-POST-341,341,MFA20,C14/C7-1/CONCRETE/35FT,8.5132200160397,124.601426682654,Nearest barangay reference point
Barra,BRA-POST-342,342,ME8@3D,OS/CONCRETE/30FT,8.50868063324743,124.601438169804,Nearest barangay reference point
Barra,BRA-POST-343,343,MD18@3B,OS/WOOD/30FT,8.50687999795056,124.601448999114,Nearest barangay reference point
Barra,BRA-POST-344,344,MD10,C3/STEEL/45FT,8.50603899611928,124.601461000376,Nearest barangay reference point
Barra,BRA-POST-345,345,MD8.1B,OS/STEEL/30FT,8.50507368244454,124.601464393614,Nearest barangay reference point
Barra,BRA-POST-346,346,MD10,CN50KVA/COMMON,8.50605988018799,124.601466517578,Nearest barangay reference point
Barra,BRA-POST-347,347,ME11C,OS/CONCRETE/30FT,8.51052925878002,124.601498595558,Nearest barangay reference point
Barra,BRA-POST-348,348,MD11A,OS/STEEL/30FT,8.506544,124.601517,Nearest barangay reference point
Barra,BRA-POST-349,349,MFA20@1,C8/CONCRETE/40FT,8.51274736203058,124.601523327991,Nearest barangay reference point
Barra,BRA-POST-350,350,MD9,C8/CONCRETE/35FT,8.505952,124.601524,Nearest barangay reference point
Barra,BRA-POST-351,351,MD8.1A,OS/WOOD/30FT,8.505447482543,124.601550822562,Nearest barangay reference point
Barra,BRA-POST-352,352,ME4@5B,OS/CONCRETE/30FT,8.50767194902417,124.601575123177,Nearest barangay reference point
Barra,BRA-POST-353,353,MD8@1AA,OS/WOOD/30FT,8.50523516469983,124.601576053083,Nearest barangay reference point
Barra,BRA-POST-354,354,MD8.4,C14/CONCRETE/40FT,8.50590199530207,124.601581002977,Nearest barangay reference point
Barra,BRA-POST-355,355,Opol,Zone 7 Barra,8.51363804437473,124.601594554121,Nearest barangay reference point
Barra,BRA-POST-356,356,M47@1,C1/WOOD/35FT,8.50352097566565,124.601666997598,Nearest barangay reference point
Barra,BRA-POST-357,357,M47@1,RECLOSER,8.5035705667301,124.601666997598,Nearest barangay reference point
Barra,BRA-POST-358,358,MD8.3,C14/CONCRETE/40FT,8.50586599706808,124.601676002874,Nearest barangay reference point
Barra,BRA-POST-359,359,ME10G,OS/CONCRETE/30FT,8.51017855918788,124.601676294495,Nearest barangay reference point
Barra,BRA-POST-360,360,MFA20@2,C7/CONCRETE/40FT,8.51212936321256,124.601677327599,Nearest barangay reference point
Barra,BRA-POST-361,361,MA23,C8/WOOD/35FT,8.51661227885927,124.601715169711,Nearest barangay reference point
Barra,BRA-POST-362,362,ME8@3,A5/CONCRETE/35FT,8.50923536780347,124.601720521578,Nearest barangay reference point
Barra,BRA-POST-363,363,ME8@3B,OS/CONCRETE/30FT,8.50965904754612,124.601735307143,Nearest barangay reference point
Barra,BRA-POST-364,364,MD8.2,C14/CONCRETE/40FT,8.50584499630934,124.601741001617,Nearest barangay reference point
Barra,BRA-POST-365,365,ME8@3A,OS/CONCRETE/30FT,8.50869169299617,124.601747371978,Nearest barangay reference point
Barra,BRA-POST-366,366,ME6@3,A5/CONCRETE/35FT,8.5082412544362,124.601751058569,Nearest barangay reference point
Barra,BRA-POST-367,367,ME3@11C,OS/CONCRETE/30FT,8.50643151544356,124.601757180491,Nearest barangay reference point
Barra,BRA-POST-368,368,ME6@3A,OS/CONCRETE/30FT,8.50775225131279,124.60177688291,Nearest barangay reference point
Barra,BRA-POST-369,369,MB3PB,OS/WOOD/30FT,8.51431846921719,124.601800602292,Nearest barangay reference point
Barra,BRA-POST-370,370,Opol,Vamenta Subd.,8.50589621695185,124.601810563209,Nearest barangay reference point
Barra,BRA-POST-371,371,ME3@9C,OS/CONCRETE/30FT,8.50711589228191,124.601811413757,Nearest barangay reference point
Barra,BRA-POST-372,372,ME4@2,A14/CONCRETE/35FT,8.50734859958789,124.60182522409,Nearest barangay reference point
Barra,BRA-POST-373,373,MB3N,OS/WOOD/30FT,8.51377884279674,124.601834634757,Nearest barangay reference point
Barra,BRA-POST-374,374,MD8D,OS/WOOD/30FT,8.50537347094273,124.60183496399,Nearest barangay reference point
Barra,BRA-POST-375,375,ME3@12B,OS/CONCRETE/30FT,8.50610227118466,124.601869336144,Nearest barangay reference point
Barra,BRA-POST-376,376,MD8.1,C14/CONCRETE/40FT,8.50580151082786,124.601883997383,Nearest barangay reference point
Barra,BRA-POST-377,377,MFA21,C14/CONCRETE/35FT,8.51324792818563,124.601885343149,Nearest barangay reference point
Barra,BRA-POST-378,378,ME10F,OS/CONCRETE/30FT,8.51018174742658,124.601947117917,Nearest barangay reference point
Barra,BRA-POST-379,379,ME3@11B,OS/CONCRETE/30FT,8.50639019500843,124.601963293346,Nearest barangay reference point
Barra,BRA-POST-380,380,ME8@2B,OS/CONCRETE/30FT,8.50965846178765,124.601967485779,Nearest barangay reference point
Barra,BRA-POST-381,381,ME3@10B,OS/CONCRETE/30FT,8.50664533217271,124.601980556991,Nearest barangay reference point
Barra,BRA-POST-382,382,ME8@2,A1/CONCRETE/35FT,8.50923221062586,124.601982099021,Nearest barangay reference point
Barra,BRA-POST-383,383,ME3@9B,OS/CONCRETE/30FT,8.50693190994362,124.601990785154,Nearest barangay reference point
Barra,BRA-POST-384,384,ME11B,OS/CONCRETE/30FT,8.51049439184406,124.602001515285,Nearest barangay reference point
Barra,BRA-POST-385,385,ME8@2A,OS/CONCRETE/30FT,8.50868230913402,124.602012574403,Nearest barangay reference point
Barra,BRA-POST-386,386,ME6@2,A1/CONCRETE/35FT,8.50823551500973,124.602024922531,Nearest barangay reference point
Barra,BRA-POST-387,387,MD8,C1/CONCRETE/35FT,8.50574444708489,124.602024996659,Nearest barangay reference point
Barra,BRA-POST-388,388,MD8B,OS/WOOD/30FT,8.50499116383983,124.602036135414,Nearest barangay reference point
Barra,BRA-POST-389,389,ME6@2A,OS/CONCRETE/30FT,8.50761051576251,124.602043342037,Nearest barangay reference point
Barra,BRA-POST-390,390,MD8A,OS/WOOD/30FT,8.50531303156873,124.602057509003,Nearest barangay reference point
Barra,BRA-POST-391,391,M48,C8/WOOD/45FT,8.50350600278227,124.602071000128,Nearest barangay reference point
Barra,BRA-POST-392,392,MB3PA,OS/WOOD/30FT,8.5142167027803,124.602171220816,Nearest barangay reference point
Barra,BRA-POST-393,393,ME12A,OS/STEEL/30FT,8.51060561841712,124.60217879107,Nearest barangay reference point
Barra,BRA-POST-394,394,ME10E,OS/CONCRETE/30FT,8.51015928565592,124.60219329317,Nearest barangay reference point
Barra,BRA-POST-395,395,M48A,OS,8.50371619372117,124.602206367885,Nearest barangay reference point
Barra,BRA-POST-396,396,MB3P,OS/WOOD/30FT,8.51393428801977,124.602223734447,Nearest barangay reference point
Barra,BRA-POST-397,397,ME4@1,A2/CONCRETE/35FT,8.50712815553637,124.602224789415,Nearest barangay reference point
Barra,BRA-POST-398,398,ME8@1B,OS/CONCRETE/30FT,8.50967664808412,124.602227907889,Nearest barangay reference point
Barra,BRA-POST-399,399,ME6@1,A1/CONCRETE/35FT,8.50821227087916,124.602253958439,Nearest barangay reference point
Barra,BRA-POST-400,400,ME3@12A,OS/CONCRETE/30FT,8.50597914418676,124.602254308792,Nearest barangay reference point
Barra,BRA-POST-401,401,ME8@1,A1/CONCRETE/35FT,8.50925439288763,124.602262172705,Nearest barangay reference point
Barra,BRA-POST-402,402,MD6.1E,OS/CONCRETE/30FT,8.50424449368781,124.602267044879,Nearest barangay reference point
Barra,BRA-POST-403,403,ME8@1A,OS/CONCRETE/30FT,8.50871290230193,124.602281467062,Nearest barangay reference point
Barra,BRA-POST-404,404,ME6@1A,OS/CONCRETE/30FT,8.50765602493145,124.602282305022,Nearest barangay reference point
Barra,BRA-POST-405,405,MD7A,OS,8.50561586846157,124.602352716754,Nearest barangay reference point
Barra,BRA-POST-406,406,MD7A,OS,8.50561586846157,124.602352716754,Nearest barangay reference point
Barra,BRA-POST-407,407,MD7B,OS/CONCRETE/30FT,8.50539115420043,124.602355988072,Nearest barangay reference point
Barra,BRA-POST-408,408,ME3@11A,OS/CONCRETE/30FT,8.50625348202687,124.60236042587,Nearest barangay reference point
Barra,BRA-POST-409,409,ME3@9A,OS/CONCRETE/30FT,8.50678037302864,124.602391108147,Nearest barangay reference point
Barra,BRA-POST-410,410,ME14,A5/WOOD/35FT,8.51140794726744,124.602399604549,Nearest barangay reference point
Barra,BRA-POST-411,411,ME3@10A,OS/CONCRETE/30FT,8.50648826266931,124.602461846468,Nearest barangay reference point
Barra,BRA-POST-412,412,ME13,A1/WOOD/35FT,8.51072374049501,124.602506589003,Nearest barangay reference point
Barra,BRA-POST-413,413,ME11,A1/CONCRETE/35FT,8.51045300179813,124.602513999022,Nearest barangay reference point
Barra,BRA-POST-414,414,ME10,A6/CONCRETE/35FT,8.51012300369925,124.602525996357,Nearest barangay reference point
Barra,BRA-POST-415,415,ME12,A2/WOOD/35FT,8.51059071969328,124.602527040847,Nearest barangay reference point
Barra,BRA-POST-416,416,MD7,C15/WOOD/35FT,8.50556997283936,124.602530370605,Nearest barangay reference point
Barra,BRA-POST-417,417,MD7C,OS/CONCRETE/30FT,8.50529626631081,124.602545247385,Nearest barangay reference point
Barra,BRA-POST-418,418,ME9,A6/CONCRETE/35FT,8.50973900220313,124.602547996263,Nearest barangay reference point
Barra,BRA-POST-419,419,043,BARRA,8.51243309117854,124.602555314079,Nearest barangay reference point
Barra,BRA-POST-420,420,ME8,A1/A5-1/A5-1/CONCRETE/35FT,8.5092677991039,124.602563738902,Nearest barangay reference point
Barra,BRA-POST-421,421,ME7,A1/CONCRETE/35FT,8.50871632183422,124.602579483869,Nearest barangay reference point
Barra,BRA-POST-422,422,MD6.1D,OS/CONCRETE/30FT,8.50433034067979,124.60258581914,Nearest barangay reference point
Barra,BRA-POST-423,423,ME6,A1/A5-1/CONCRETE/35FT,8.50820047968462,124.60259500472,Nearest barangay reference point
Barra,BRA-POST-424,424,ME5,A1/CONCRETE/35FT,8.50766290397169,124.602609745014,Nearest barangay reference point
Barra,BRA-POST-425,425,ME4,C7/A5-1/STEEL/35FT,8.50700527409361,124.602612433166,Nearest barangay reference point
Barra,BRA-POST-426,426,MFA22,C14/CONCRETE/35FT,8.51343895374649,124.602631834463,Nearest barangay reference point
Barra,BRA-POST-427,427,MD6.1C,OS/CONCRETE/30FT,8.50465345742773,124.602639795611,Nearest barangay reference point
Barra,BRA-POST-428,428,MD6.1B,OS/CONCRETE/30FT,8.50486594226226,124.602677181695,Nearest barangay reference point
Barra,BRA-POST-429,429,MA24,C1/WOOD/35FT,8.51676772776892,124.602691732213,Nearest barangay reference point
Barra,BRA-POST-430,430,MB3PC,OS/WOOD/30FT,8.51440505466636,124.602704166188,Nearest barangay reference point
Barra,BRA-POST-431,431,003,ABCN25KVA,8.50356694250488,124.602713370605,Nearest barangay reference point
Barra,BRA-POST-432,432,MD6.1,C14/CONCRETE/35FT,8.50550555871665,124.602716670356,Nearest barangay reference point
Barra,BRA-POST-433,433,M48@0,C14/CONCRETE/40FT,8.50354177710352,124.602722022717,Nearest barangay reference point
Barra,BRA-POST-434,434,Opol,Johndorf Subd.,8.50771573626612,124.602746214575,Nearest barangay reference point
Barra,BRA-POST-435,435,ME3@12,A5/CONCRETE/35FT,8.50583599546897,124.602765001086,Nearest barangay reference point
Barra,BRA-POST-436,436,MD6.1A,OS/CONCRETE/30FT,8.50528763606551,124.602778933901,Nearest barangay reference point
Barra,BRA-POST-437,437,M48.1,C14/CONCRETE/40FT,8.50354772109991,124.602791429039,Nearest barangay reference point
Barra,BRA-POST-438,438,ME10A,OS/CONCRETE/30FT,8.51015081390217,124.602831572584,Nearest barangay reference point
Barra,BRA-POST-439,439,ME3@11,A1/CONCRETE/35FT,8.50613510360023,124.602874373098,Nearest barangay reference point
Barra,BRA-POST-440,440,ME3@8AB,OS/CONCRETE/30FT,8.50774320236753,124.602884711011,Nearest barangay reference point
Barra,BRA-POST-441,441,ME8@4,A5/CONCRETE/35FT,8.50926399815195,124.602898002322,Nearest barangay reference point
Barra,BRA-POST-442,442,ME8@4B,OS/CONCRETE/30FT,8.50976834877301,124.602908601557,Nearest barangay reference point
Barra,BRA-POST-443,443,ME8@4C,OS/CONCRETE/30FT,8.50878800312732,124.602918075291,Nearest barangay reference point
Barra,BRA-POST-444,444,ME3@8AA,OS/CONCRETE/30FT,8.50785987395434,124.602918911008,Nearest barangay reference point
Barra,BRA-POST-445,445,MD6D,OS/WOOD/30FT,8.50411702322625,124.602931541756,Nearest barangay reference point
Barra,BRA-POST-446,446,ME3@10,A1/CONCRETE/35FT,8.50633093110719,124.602931999076,Nearest barangay reference point
Barra,BRA-POST-447,447,ME14A,OS/WOOD/30FT,8.51194655152579,124.602942468237,Nearest barangay reference point
Barra,BRA-POST-448,448,MD6C,OS/CONCRETE/30FT,8.50456238913202,124.60295442994,Nearest barangay reference point
Barra,BRA-POST-449,449,ME8@4D,OS/CONCRETE/30FT,8.50836035958166,124.602963417568,Nearest barangay reference point
Barra,BRA-POST-450,450,MFA23,C14/CONCRETE/35FT,8.51377188026936,124.602979682861,Nearest barangay reference point
Barra,BRA-POST-451,451,MFA23,CN37.5KVA/SPOTLOAD,8.5137976294759,124.602979682861,Nearest barangay reference point
Barra,BRA-POST-452,452,MD6B,OS/STEEL/30FT,8.504773785619,124.602995926294,Nearest barangay reference point
Barra,BRA-POST-453,453,ME3A,OS/CONCRETE/30FT,8.50687897714219,124.603007256845,Nearest barangay reference point
Barra,BRA-POST-454,454,ME3@9,A1/CONCRETE/35FT,8.50658574024592,124.603026627765,Nearest barangay reference point
Barra,BRA-POST-455,455,MD6A,OS/STEEL/30FT,8.50507342940494,124.603053936621,Nearest barangay reference point
Barra,BRA-POST-456,456,ME10B,OS/CONCRETE/30FT,8.510138916375,124.603092169539,Nearest barangay reference point
Barra,BRA-POST-457,457,ME14B,OS/WOOD/30FT,8.51226271641219,124.603110025456,Nearest barangay reference point
Barra,BRA-POST-458,458,ME3@8F,OS/CONCRETE/30FT,8.50924934173794,124.60311940449,Nearest barangay reference point
Barra,BRA-POST-459,459,ME3,C1/C7/WOOD/35FT,8.50685568867238,124.603122681961,Nearest barangay reference point
Barra,BRA-POST-460,460,ME3@8G,OS/CONCRETE/30FT,8.50975997214681,124.603133236327,Nearest barangay reference point
Barra,BRA-POST-461,461,MD1,C7/C7/WOOD/35FT,8.50403611378798,124.603152774253,Nearest barangay reference point
Barra,BRA-POST-462,462,ME3.8D,OS/CONCRETE/30FT,8.50835180585661,124.603167433132,Nearest barangay reference point
Barra,BRA-POST-463,463,MD6,C14/STEEL/35FT,8.50534578753662,124.603171,Nearest barangay reference point
Barra,BRA-POST-464,464,MD2,C8/WOOD/35FT,8.50417865040729,124.603179152244,Nearest barangay reference point
Barra,BRA-POST-465,465,ME3.8E,OS/CONCRETE/30FT,8.50876847618681,124.603182608709,Nearest barangay reference point
Barra,BRA-POST-466,466,ME3@8,A5/WOOD/35FT,8.50804002276915,124.603205136812,Nearest barangay reference point
Barra,BRA-POST-467,467,MFA24@1,C14/CONCRETE/35FT,8.51420011686978,124.603261651428,Nearest barangay reference point
Barra,BRA-POST-468,468,ME3@11D,OS/CONCRETE/30FT,8.50598497370524,124.603264410064,Nearest barangay reference point
Barra,BRA-POST-469,469,MD3,C1/WOOD/35FT,8.50466372337459,124.603266636063,Nearest barangay reference point
Barra,BRA-POST-470,470,ME3@12C,OS/CONCRETE/30FT,8.50560740892738,124.603275728144,Nearest barangay reference point
Barra,BRA-POST-471,471,061,16-mar-19 9:36:28am,8.51413621753455,124.603276908398,Nearest barangay reference point
Barra,BRA-POST-472,472,MD3@1,C14/CONCRETE/35FT,8.50486399669139,124.603301001693,Nearest barangay reference point
Barra,BRA-POST-473,473,MFA24@2,C14/CONCRETE/35FT,8.51476171997238,124.603305288871,Nearest barangay reference point
Barra,BRA-POST-474,474,ME3@10C,OS/CONCRETE/30FT,8.50619600154281,124.603323997677,Nearest barangay reference point
Barra,BRA-POST-475,475,ME3.14F,OS/CONCRETE/30FT,8.50936559604907,124.603331551053,Nearest barangay reference point
Barra,BRA-POST-476,476,MD4,C8/CONCRETE/35FT,8.50506061257695,124.603332627284,Nearest barangay reference point
Barra,BRA-POST-477,477,ME11A,OS/CONCRETE/30FT,8.51050135078449,124.60333599514,Nearest barangay reference point
Barra,BRA-POST-478,478,MD5,C4/STEEL/35FT,8.505264,124.60334,Nearest barangay reference point
Barra,BRA-POST-479,479,M49,2C7/CONCRETE/35FT,8.50359264402464,124.603359211678,Nearest barangay reference point
Barra,BRA-POST-480,480,ME3@8C,OS/CONCRETE/30FT,8.50896838000264,124.603365584311,Nearest barangay reference point
Barra,BRA-POST-481,481,001,ABCN15KVA/SPOTLOAD,8.50363861022949,124.603368370605,Nearest barangay reference point
Barra,BRA-POST-482,482,ME3@1,C1/WOOD/35FT,8.50756845690218,124.603371349951,Nearest barangay reference point
Barra,BRA-POST-483,483,ME3@8A,OS/CONCRETE/30FT,8.50828399936341,124.603373881554,Nearest barangay reference point
Barra,BRA-POST-484,484,ME3@9D,OS/CONCRETE/30FT,8.50644000285405,124.603438999329,Nearest barangay reference point
Barra,BRA-POST-485,485,ME10C,OS/CONCRETE/30FT,8.51015618072152,124.603440018182,Nearest barangay reference point
Barra,BRA-POST-486,486,ME10D,OS/CONCRETE/30FT,8.5098105984453,124.603455437665,Nearest barangay reference point
Barra,BRA-POST-487,487,MD3C,OS/WOOD/30FT,8.50449747684842,124.603455770574,Nearest barangay reference point
Barra,BRA-POST-488,488,ME3@3B,OS/WOOD/30FT,8.50694842233499,124.603460550912,Nearest barangay reference point
Barra,BRA-POST-489,489,M50,C2/C7/CONCRETE/40FT,8.50370768973578,124.603460849899,Nearest barangay reference point
Barra,BRA-POST-490,490,ME3@2,C4/A5-1/A5-1/STEEL/35FT,8.50793300263621,124.603481004525,Nearest barangay reference point
Barra,BRA-POST-491,491,ME3@8B,OS/CONCRETE/30FT,8.50867627251323,124.603525513786,Nearest barangay reference point
Barra,BRA-POST-492,492,MFA24@3,C7/CONCRETE/35FT,8.51477649895124,124.603525535988,Nearest barangay reference point
Barra,BRA-POST-493,493,MFA24,C14/C7-1/CONCRETE/35FT,8.51408687719058,124.603561802495,Nearest barangay reference point
Barra,BRA-POST-494,494,M51,C1-1/C7/CONCRETE/40FT,8.50387733945134,124.603569479365,Nearest barangay reference point
Barra,BRA-POST-495,495,ME3@14D,OS/CONCRETE/30FT,8.50953876511344,124.603579738525,Nearest barangay reference point
Barra,BRA-POST-496,496,ME11D,OS/CONCRETE/30FT,8.51080057968818,124.603586951516,Nearest barangay reference point
Barra,BRA-POST-497,497,MA25,C2/STEEL/35FT,8.5168805567883,124.603594444508,Nearest barangay reference point
Barra,BRA-POST-498,498,ME3@14E,OS/CONCRETE/30FT,8.5090488464506,124.603597427493,Nearest barangay reference point
Barra,BRA-POST-499,499,ME2,C8/CONCRETE/35FT,8.50668986582208,124.603605791782,Nearest barangay reference point
Barra,BRA-POST-500,500,ME3@3A,OS/WOOD/30FT,8.50734380367299,124.603617127249,Nearest barangay reference point
Barra,BRA-POST-501,501,ME3@11E,OS/CONCRETE/30FT,8.50584599854057,124.603619997339,Nearest barangay reference point
Barra,BRA-POST-502,502,ME3@13,A1/CONCRETE/35FT,8.50834967786082,124.603628741814,Nearest barangay reference point
Barra,BRA-POST-503,503,MD5A,OS/WOOD/30FT,8.50522477114477,124.603638167146,Nearest barangay reference point
Barra,BRA-POST-504,504,MD4A,OS/WOOD/30FT,8.50497759356835,124.603646630385,Nearest barangay reference point
Barra,BRA-POST-505,505,ME3@4B,OS/CONCRETE/30FT,8.50687700079732,124.603659998969,Nearest barangay reference point
Barra,BRA-POST-506,506,MD3B,OS/WOOD/30FT,8.50474230737363,124.603676723303,Nearest barangay reference point
Barra,BRA-POST-507,507,M50A,OS,8.50363841203106,124.603697427287,Nearest barangay reference point
Barra,BRA-POST-508,508,M50A,OS/WOOD/30FT,8.50363841203106,124.603697427287,Nearest barangay reference point
Barra,BRA-POST-509,509,ME3@12D,OS/CONCRETE/30FT,8.50545527666581,124.603701786703,Nearest barangay reference point
Barra,BRA-POST-510,510,ME3@10D,OS/CONCRETE/30FT,8.50605299848956,124.603742002189,Nearest barangay reference point
Barra,BRA-POST-511,511,ME3@14,A5/CONCRETE/35FT,8.50867263045374,124.603744336473,Nearest barangay reference point
Barra,BRA-POST-512,512,ME3@3,C1/WOOD/35FT,8.50782670333484,124.603798491738,Nearest barangay reference point
Barra,BRA-POST-513,513,ME3@4A,OS/STEEL/30FT,8.50727199970731,124.603815002566,Nearest barangay reference point
Barra,BRA-POST-514,514,M52,C1-1/WOOD/35FT,8.50444915287061,124.603816158777,Nearest barangay reference point
Barra,BRA-POST-515,515,ME3@9E,OS/CONCRETE/30FT,8.50630000077365,124.60385500017,Nearest barangay reference point
Barra,BRA-POST-516,516,M50B,OS,8.50373967128041,124.603860043666,Nearest barangay reference point
Barra,BRA-POST-517,517,M50B,OS/WOOD/30FT,8.50373967128041,124.603860043666,Nearest barangay reference point
Barra,BRA-POST-518,518,ME3@14B,OS/CONCRETE/30FT,8.5087242991266,124.603877303784,Nearest barangay reference point
Barra,BRA-POST-519,519,ME11E,OS/CONCRETE/30FT,8.51079605466919,124.603925500122,Nearest barangay reference point
Barra,BRA-POST-520,520,ME3@5B,OS/WOOD/30FT,8.50677835386646,124.603951567705,Nearest barangay reference point
Barra,BRA-POST-521,521,ME3@3C,OS/WOOD/30FT,8.50825516789061,124.603965142659,Nearest barangay reference point
Barra,BRA-POST-522,522,ME3@4,C1/STEEL/35FT,8.50776586663276,124.603971262657,Nearest barangay reference point
Barra,BRA-POST-523,523,ME3@14C,OS/CONCRETE/30FT,8.50907164889068,124.603996742416,Nearest barangay reference point
Barra,BRA-POST-524,524,ME3@14DA,OS/CONCRETE/30FT,8.50959651860253,124.60400654742,Nearest barangay reference point
Barra,BRA-POST-525,525,ME3@4AA,OS/CONCRETE/30FT,8.50767422191499,124.604038229098,Nearest barangay reference point
Barra,BRA-POST-526,526,ME1,C14/WOOD/40FT,8.50651401349478,124.60405271486,Nearest barangay reference point
Barra,BRA-POST-527,527,MA25.1,C2/WOOD/35FT,8.51714000293534,124.604055000176,Nearest barangay reference point
Barra,BRA-POST-528,528,MFA25,C14/CONCRETE/35FT,8.51437772318698,124.604064802001,Nearest barangay reference point
Barra,BRA-POST-529,529,ME3@5A,OS/CONCRETE/30FT,8.50718069048404,124.604074694769,Nearest barangay reference point
Barra,BRA-POST-530,530,M53E,OS/WOOD/30FT,8.50526714324951,124.60408782959,Nearest barangay reference point
Barra,BRA-POST-531,531,M53B,OS/WOOD/30FT,8.50516475344209,124.604089358363,Nearest barangay reference point
Barra,BRA-POST-532,532,M53BA,OS/WOOD/30FT,8.50487164570874,124.604110318596,Nearest barangay reference point
Barra,BRA-POST-533,533,100,Iponan Bridge,8.50366547589095,124.604116830828,Nearest barangay reference point
Barra,BRA-POST-534,534,ME3@3D,OS/STEEL/30FT,8.50863796762613,124.604133620681,Nearest barangay reference point
Barra,BRA-POST-535,535,ME3@6B,OS/WOOD/30FT,8.50670870770721,124.604196236217,Nearest barangay reference point
Barra,BRA-POST-536,536,M53,C1-1/WOOD/35FT,8.50549672310159,124.604201810145,Nearest barangay reference point
Barra,BRA-POST-537,537,ME3@4C,OS/WOOD/30FT,8.50823937169847,124.604201889048,Nearest barangay reference point
Barra,BRA-POST-538,538,ME3@5,C1/WOOD/35FT,8.50769800259431,124.60424199728,Nearest barangay reference point
Barra,BRA-POST-539,539,M53A,OS/WOOD/30FT,8.50546758821661,124.604247951363,Nearest barangay reference point
Barra,BRA-POST-540,540,ME3@4F,OS/WOOD/30FT,8.50930089068936,124.604324981923,Nearest barangay reference point
Barra,BRA-POST-541,541,ME3@6A,OS/WOOD/30FT,8.5070799350363,124.604342494625,Nearest barangay reference point
Barra,BRA-POST-542,542,ME3@4D,OS/WOOD/30FT,8.5086510042801,124.604362004094,Nearest barangay reference point
Barra,BRA-POST-543,543,ME3@5C,OS/WOOD/30FT,8.50806000319785,124.6043870008,Nearest barangay reference point
Barra,BRA-POST-544,544,ME3@6,C1/STEEL/35FT,8.50760500156539,124.604514997707,Nearest barangay reference point
Barra,BRA-POST-545,545,ME3@5D,OS/WOOD/30FT,8.50844562637673,124.604530740592,Nearest barangay reference point
Barra,BRA-POST-546,546,ME3@4E,OS/WOOD/30FT,8.50879244600435,124.604537543266,Nearest barangay reference point
Barra,BRA-POST-547,547,MA26@6,A4/CONCRETE/35FT,8.51332286669653,124.604537790561,Nearest barangay reference point
Barra,BRA-POST-548,548,MA27,A1/WOOD/35FT,8.51830498411842,124.604551120621,Nearest barangay reference point
Barra,BRA-POST-549,549,MA28,C7/A5-1/WOOD/35FT,8.51878249953239,124.604561267469,Nearest barangay reference point
Barra,BRA-POST-550,550,MA26,C8/STEEL/35FT,8.51704299720918,124.604563999389,Nearest barangay reference point
Barra,BRA-POST-551,551,ME3@6EA,OS/WOOD/30FT,8.50698287499529,124.604575850212,Nearest barangay reference point
Barra,BRA-POST-552,552,MFA26,C14/A5-1/A5-1/CONCRETE/35FT,8.51467400127807,124.604592003262,Nearest barangay reference point
Barra,BRA-POST-553,553,MA26@5,A4/CONCRETE/35FT,8.51350659516696,124.604623961288,Nearest barangay reference point
Barra,BRA-POST-554,554,MA26@2,A1/WOOD/35FT,8.51529154238677,124.604628970713,Nearest barangay reference point
Barra,BRA-POST-555,555,MA26@1,A1-1/WOOD/35FT,8.51607784871356,124.604655038433,Nearest barangay reference point
Barra,BRA-POST-556,556,MA26@3,A2/WOOD/35FT,8.51491838378886,124.604661585629,Nearest barangay reference point
Barra,BRA-POST-557,557,MA26@11,A5/WOOD/35FT,8.51231401455493,124.604665115656,Nearest barangay reference point
Barra,BRA-POST-558,558,M54,C4-1/C4-1/WOOD/45FT,8.5062437558606,124.604680366296,Nearest barangay reference point
Barra,BRA-POST-559,559,ME3@6C,OS/WOOD/30FT,8.50799549269105,124.604703925644,Nearest barangay reference point
Barra,BRA-POST-560,560,Opol,Zone 2 Barra,8.51327100083289,124.604735756157,Nearest barangay reference point
Barra,BRA-POST-561,561,MA26@4,A4/WOOD/35FT,8.51361189283066,124.604746149718,Nearest barangay reference point
Barra,BRA-POST-562,562,ME3@6E,OS/WOOD/30FT,8.50753272660869,124.604761172406,Nearest barangay reference point
Barra,BRA-POST-563,563,ME3@7,C7/CONCRETE/35FT,8.50750569600308,124.604801668339,Nearest barangay reference point
Barra,BRA-POST-564,564,MA26@7,A4/CONCRETE/35FT,8.51325186463729,124.604821522195,Nearest barangay reference point
Barra,BRA-POST-565,565,ME3@6D,OS/WOOD/30FT,8.50850117651088,124.604860245565,Nearest barangay reference point
Barra,BRA-POST-566,566,ME11F,OS/CONCRETE/30FT,8.51065490673487,124.604894864567,Nearest barangay reference point
Barra,BRA-POST-567,567,ME3.6F,OS/WOOD/30FT,8.50793036641831,124.604896124872,Nearest barangay reference point
Barra,BRA-POST-568,568,MA26@8,A6/CONCRETE/35FT,8.51304173250442,124.605015980721,Nearest barangay reference point
Barra,BRA-POST-569,569,ME3@6G,OS/WOOD/30FT,8.50822985062758,124.605045573562,Nearest barangay reference point
Barra,BRA-POST-570,570,MA29,A3/WOOD/35FT,8.51913669040324,124.605079606987,Nearest barangay reference point
Barra,BRA-POST-571,571,MFA27,C14/CONCRETE/35FT,8.51491526141462,124.605121092215,Nearest barangay reference point
Barra,BRA-POST-572,572,064,16-mar-19 9:40:51am,8.51485136151314,124.605136349797,Nearest barangay reference point
Barra,BRA-POST-573,573,ME3@7A,OS/WOOD/30FT,8.50788862160043,124.605176159736,Nearest barangay reference point
Barra,BRA-POST-574,574,ME11G,OS/CONCRETE/30FT,8.51047712784599,124.605211700906,Nearest barangay reference point
Barra,BRA-POST-575,575,M55,C8/WOOD/35FT,8.50675216452319,124.605296486705,Nearest barangay reference point
Barra,BRA-POST-576,576,ME3@7B,OS/WOOD/30FT,8.50826052941873,124.605350170019,Nearest barangay reference point
Barra,BRA-POST-577,577,M57@1G,OS/2J6/WOOD/30FT,8.50857694633306,124.605352180079,Nearest barangay reference point
Barra,BRA-POST-578,578,M57@1H,OS/J6/WOOD/30FT,8.50879252888263,124.605540689081,Nearest barangay reference point
Barra,BRA-POST-579,579,MA26@9,A1/A5-1/WOOD/35FT,8.51233396672262,124.60555057612,Nearest barangay reference point
Barra,BRA-POST-580,580,MA26@10B,OS/WOOD/30FT,8.51114373748644,124.605609421997,Nearest barangay reference point
Barra,BRA-POST-581,581,MA26@10B,OS/WOOD/30FT,8.51114373748644,124.605609421997,Nearest barangay reference point
Barra,BRA-POST-582,582,MFA28,C14-1/CONCRETE/35FT,8.51503700111468,124.605665996148,Nearest barangay reference point
Barra,BRA-POST-583,583,M57@1F,OS/J5/J8/WOOD/30FT,8.50838064216078,124.605695921928,Nearest barangay reference point
Barra,BRA-POST-584,584,MA26@10A,OS/WOOD/30FT,8.511385719767,124.60579700776,Nearest barangay reference point
Barra,BRA-POST-585,585,MA26@10A,OS/WOOD/30FT,8.511385719767,124.60579700776,Nearest barangay reference point
Barra,BRA-POST-586,586,M55@1,C1/CONCRETE/35FT,8.50731182418147,124.605951783898,Nearest barangay reference point
Barra,BRA-POST-587,587,M57@1E,OS/3J6/WOOD/30FT,8.5081534087658,124.606028683484,Nearest barangay reference point
Barra,BRA-POST-588,588,MA26@10,A1/WOOD/35FT,8.51167305359044,124.606046281994,Nearest barangay reference point
Barra,BRA-POST-589,589,MA26@9A,OS/WOOD/30FT,8.51278918833022,124.606056675454,Nearest barangay reference point
Barra,BRA-POST-590,590,MFA29,C14/CONCRETE/35FT,8.51510837680941,124.606165312493,Nearest barangay reference point
Barra,BRA-POST-591,591,MFA29,CN15KVA/SPOTLOAD,8.51513794071322,124.606165312493,Nearest barangay reference point
Barra,BRA-POST-592,592,MA26@11B,OS/WOOD/30FT,8.51073704501359,124.606192880734,Nearest barangay reference point
Barra,BRA-POST-593,593,MA30,A5/WOOD/35FT,8.51917322028679,124.606225604599,Nearest barangay reference point
Barra,BRA-POST-594,594,M56,C1/WOOD/35FT,8.50758306256021,124.606244815234,Nearest barangay reference point
Barra,BRA-POST-595,595,M57@1C,OS/2J10/WOOD/30FT,8.50903124548496,124.606300340966,Nearest barangay reference point
Barra,BRA-POST-596,596,MFA29@1,C14/CONCRETE/35FT,8.51512363453669,124.606380893058,Nearest barangay reference point
Barra,BRA-POST-597,597,MFA29@1,ABCN15KVA/SPOTLOAD,8.5151531984405,124.606380893058,Nearest barangay reference point
Barra,BRA-POST-598,598,M57@1D,OS/J6/WOOD/30FT,8.50929317995907,124.606391955167,Nearest barangay reference point
Barra,BRA-POST-599,599,MA26@9B,OS/WOOD/30FT,8.51317459142211,124.606415253168,Nearest barangay reference point
Barra,BRA-POST-600,600,M59@8,A5/WOOD/35FT,8.51057619711334,124.606425226973,Nearest barangay reference point
Barra,BRA-POST-601,601,M59@8,BN25KVA/COMMON,8.51063341757232,124.606425226973,Nearest barangay reference point
Barra,BRA-POST-602,602,M57@1B,OS/2J6/J6A/WOOD/30FT,8.50866411812604,124.606473175809,Nearest barangay reference point
Barra,BRA-POST-603,603,M56.1,C1/CONCRETE/35FT,8.50782052187008,124.60651881965,Nearest barangay reference point
Barra,BRA-POST-604,604,MFA31@7,C14/A5-1CONCRETE/35FT,8.51766299672369,124.606663001349,Nearest barangay reference point
Barra,BRA-POST-605,605,Opol,Seven Seas,8.51950029333766,124.606665549681,Nearest barangay reference point
Barra,BRA-POST-606,606,M57@1,A5/WOOD/35FT,8.50840243510903,124.606676101685,Nearest barangay reference point
Barra,BRA-POST-607,607,M59@7,A1/WOOD/35FT,8.51044954880982,124.606707116402,Nearest barangay reference point
Barra,BRA-POST-608,608,MFA30,C14/CONCRETE/35FT,8.51514800477386,124.606773998812,Nearest barangay reference point
Barra,BRA-POST-609,609,MFA30,AN10KVA/SPOTLOAD,8.51517756867767,124.606773998812,Nearest barangay reference point
Barra,BRA-POST-610,610,M57@0,A14/STEEL/35FT,8.50825197737031,124.60682127832,Nearest barangay reference point
Barra,BRA-POST-611,611,MFA31@8,C14-1/CONCRETE/35FT,8.51806700363188,124.606877998818,Nearest barangay reference point
Barra,BRA-POST-612,612,MFA31@9,C14/CONCRETE/35FT,8.51856200301873,124.606880001452,Nearest barangay reference point
Barra,BRA-POST-613,613,MFA31@11,C7/CONCRETE/35FT,8.51922399640814,124.606880003721,Nearest barangay reference point
Barra,BRA-POST-614,614,MFA31@11,ABCN333KVA/SPOTLOAD,8.51926881910101,124.606880003721,Nearest barangay reference point
Barra,BRA-POST-615,615,MFA31@10,C14/CONCRETE/35FT,8.51888500224073,124.606892004013,Nearest barangay reference point
Barra,BRA-POST-616,616,MFA31@6,C14/CONCRETE/35FT,8.5173640008607,124.606948999061,Nearest barangay reference point
Barra,BRA-POST-617,617,M59@6,C7/CONCRETE/35FT,8.50995118859487,124.606982260136,Nearest barangay reference point
Barra,BRA-POST-618,618,M59@6,ABCN50KVA/SPOTLOAD,8.5100112700768,124.606982260136,Nearest barangay reference point
Barra,BRA-POST-619,619,M57,C1/A5-1/STEEL/40FT,8.50828313958182,124.607005139537,Nearest barangay reference point
Barra,BRA-POST-620,620,M59@5,C7/C7/STEEL/35FT,8.51024443287035,124.607090086627,Nearest barangay reference point
Barra,BRA-POST-621,621,MA26@13,A5/WOOD/35FT,8.5106223820248,124.607215305782,Nearest barangay reference point
Barra,BRA-POST-622,622,MFA31@5,C14-1/CONCRETE/35FT,8.51708099734516,124.607240004164,Nearest barangay reference point
Barra,BRA-POST-623,623,M65@8,A4/STEEL/35FT,8.51398888922804,124.607243556583,Nearest barangay reference point
Barra,BRA-POST-624,624,MFA31@12,A1/CONCRETE/35FT,8.51794300140437,124.607274003165,Nearest barangay reference point
Barra,BRA-POST-625,625,MFA31,C14/C7-1CONCRETE/35FT,8.51520424185873,124.607278012964,Nearest barangay reference point
Barra,BRA-POST-626,626,M65@5,BN25KVA/COMMON,8.51440293058331,124.607282354291,Nearest barangay reference point
Barra,BRA-POST-627,627,M59@4,C8/STEEL/35FT,8.51017650064167,124.607289250089,Nearest barangay reference point
Barra,BRA-POST-628,628,M65@5,A4/A5-1/STEEL/35FT,8.5143209145921,124.607289983686,Nearest barangay reference point
Barra,BRA-POST-629,629,MA30A,OS/STEEL/30FT,8.51977099988442,124.60729399779,Nearest barangay reference point
Barra,BRA-POST-630,630,MFA31@1,C14/CONCRETE/35FT,8.51542299596769,124.607350996616,Nearest barangay reference point
Barra,BRA-POST-631,631,MFA31@4,C14/CONCRETE/35FT,8.51663800114891,124.6073639977,Nearest barangay reference point
Barra,BRA-POST-632,632,MFA31@2,C14/CONCRETE/35FT,8.51572044422497,124.607419478293,Nearest barangay reference point
Barra,BRA-POST-633,633,M65@4,A6/STEEL/35FT,8.51387497761687,124.607475736554,Nearest barangay reference point
Barra,BRA-POST-634,634,MFA31@3,C14-1/CONCRETE/35FT,8.51619400309439,124.60748100216,Nearest barangay reference point
Barra,BRA-POST-635,635,M59@10,A5/STEEL/30FT,8.510035,124.607594,Nearest barangay reference point
Barra,BRA-POST-636,636,M59@10,BN15KVA/SPOTLOAD,8.51005376176613,124.607594539921,Nearest barangay reference point
Barra,BRA-POST-637,637,MA30B,OS/STEEL/30FT,8.51984100010486,124.607595997364,Nearest barangay reference point
Barra,BRA-POST-638,638,M65@7,A5/STEEL/35FT,8.51480086966171,124.607658877254,Nearest barangay reference point
Barra,BRA-POST-639,639,MA26@13A,OS/WOOD/30FT,8.51039573364218,124.60769308194,Nearest barangay reference point
Barra,BRA-POST-640,640,M58,C8/WOOD/35FT,8.5089370751591,124.607722041856,Nearest barangay reference point
Barra,BRA-POST-641,641,M59@3,C1-1/STEEL/35FT,8.51003087358253,124.607785274784,Nearest barangay reference point
Barra,BRA-POST-642,642,M59@3,BN15KVA/COMMON,8.51008618669288,124.607785274784,Nearest barangay reference point
Barra,BRA-POST-643,643,M59@9,BN15KVA/SPOTLOAD,8.50996411638038,124.607838680546,Nearest barangay reference point
Barra,BRA-POST-644,644,M59@9,C14-1/STEEL/40FT,8.509936,124.607839,Nearest barangay reference point
Barra,BRA-POST-645,645,M65@5B,OS/STEEL/30FT,8.5150763321847,124.607873517331,Nearest barangay reference point
Barra,BRA-POST-646,646,MFA31@13,A1/CONCRETE/35FT,8.51819100158914,124.607885998335,Nearest barangay reference point
Barra,BRA-POST-647,647,MA26@13B,OS/WOOD/30FT,8.51058273605034,124.607920984105,Nearest barangay reference point
Barra,BRA-POST-648,648,MA30C,OS/STEEL/30FT,8.519819002391,124.607943,Nearest barangay reference point
Barra,BRA-POST-649,649,M65@6,BN15KVA/SPOTLOAD,8.51431537491931,124.607944781124,Nearest barangay reference point
Barra,BRA-POST-650,650,M65@6,A5/STEEL/35FT,8.51426323266051,124.607948807972,Nearest barangay reference point
Barra,BRA-POST-651,651,M59@2,C1-1/STEEL/35FT,8.50981948006236,124.608072440833,Nearest barangay reference point
Barra,BRA-POST-652,652,MA26@13C,OS/WOOD/30FT,8.51092144888232,124.608077557426,Nearest barangay reference point
Barra,BRA-POST-653,653,MFA32,C14/CONCRETE/35FT,8.51526176362896,124.608087030163,Nearest barangay reference point
Barra,BRA-POST-654,654,M59,C1/WOOD/35FT,8.50955415214747,124.608110635232,Nearest barangay reference point
Barra,BRA-POST-655,655,M65@5C,OS/STEEL/30FT,8.51565710790343,124.608157574242,Nearest barangay reference point
Barra,BRA-POST-656,656,M65@3A,OS/STEEL/30FT,8.51311123921209,124.608170005009,Nearest barangay reference point
Barra,BRA-POST-657,657,M65@3,A2/STEEL/35FT,8.51358932341916,124.608204208529,Nearest barangay reference point
Barra,BRA-POST-658,658,M59@1,C1/C7-1/STEEL/35FT,8.50968147552123,124.60821449107,Nearest barangay reference point
Barra,BRA-POST-659,659,M61@2,A5/STEEL/35FT,8.51078959741024,124.608277298827,Nearest barangay reference point
Barra,BRA-POST-660,660,M61@2,AN15KVA/COMMON,8.51082488335995,124.608277298827,Nearest barangay reference point
Barra,BRA-POST-661,661,M61E,OS/WOOD/30FT,8.51199136942117,124.608278101091,Nearest barangay reference point
Barra,BRA-POST-662,662,MA30D,OS/CONCRETE/30FT,8.51964000234546,124.608352999522,Nearest barangay reference point
Barra,BRA-POST-663,663,MFA31@14,A2/CONCRETE/35FT,8.51839799913684,124.608411998701,Nearest barangay reference point
Barra,BRA-POST-664,664,029,,8.511818,124.608469,Nearest barangay reference point
Barra,BRA-POST-665,665,M65@3B,OS/STEEL/30FT,8.51327997279607,124.608488351689,Nearest barangay reference point
Barra,BRA-POST-666,666,M60,C1-1/WOOD/35FT,8.50988490074321,124.608493512227,Nearest barangay reference point
Barra,BRA-POST-667,667,MFA33,C14/A5-1/CONCRETE/35FT,8.51528138239716,124.608524476424,Nearest barangay reference point
Barra,BRA-POST-668,668,M64D,OS/CONCRETE/30FT,8.51303670933794,124.608549625383,Nearest barangay reference point
Barra,BRA-POST-669,669,M61B,OS/WOOD/30FT,8.51155478131656,124.608566643913,Nearest barangay reference point
Barra,BRA-POST-670,670,Opol,Green Meadows Subd.,8.51289521962206,124.608589323108,Nearest barangay reference point
Barra,BRA-POST-671,671,M61C,OS/WOOD/30FT,8.51122529434716,124.608590781597,Nearest barangay reference point
Barra,BRA-POST-672,672,M61D,OS/WOOD/30FT,8.51180666402533,124.608622800465,Nearest barangay reference point
Barra,BRA-POST-673,673,M64F,OS/CONCRETE/30FT,8.51268013480835,124.608693460284,Nearest barangay reference point
Barra,BRA-POST-674,674,MFA33@2,A5/STEEL/35FT,8.51508900011216,124.608716001156,Nearest barangay reference point
Barra,BRA-POST-675,675,MFA31@15,A5/CONCRETE/35FT,8.51840800391164,124.608745000655,Nearest barangay reference point
Barra,BRA-POST-676,676,MFA31@15,BN50KVA/SPOTLOAD,8.51844901190725,124.608745000655,Nearest barangay reference point
Barra,BRA-POST-677,677,MFA33@1,A5/CONCRETE/35FT,8.51531837999993,124.608758622184,Nearest barangay reference point
Barra,BRA-POST-678,678,MFA33@1,CN15KVA/SPOTLOAD,8.51534412920647,124.608758622184,Nearest barangay reference point
Barra,BRA-POST-679,679,MA30E,OS/CONCRETE/30FT,8.51943200422651,124.608774003952,Nearest barangay reference point
Barra,BRA-POST-680,680,M65@2,A2/STEEL/35FT,8.51349795904221,124.60881281721,Nearest barangay reference point
Barra,BRA-POST-681,681,M61@1,A4/STEEL/35FT,8.51049648591909,124.608863107899,Nearest barangay reference point
Barra,BRA-POST-682,682,M64E,OS/CONCRETE/30FT,8.51260050810444,124.608897552991,Nearest barangay reference point
Barra,BRA-POST-683,683,M64C,OS/CONCRETE/30FT,8.51293955677243,124.608977189705,Nearest barangay reference point
Barra,BRA-POST-684,684,MA30F,OS/CONCRETE/30FT,8.51968610848376,124.609025000391,Nearest barangay reference point
Barra,BRA-POST-685,685,M61,C1-1/WOOD/35FT,8.51083234966132,124.609187990576,Nearest barangay reference point
Barra,BRA-POST-686,686,MFA34,C14-1/C7-1/CONCRETE/35FT,8.51532800279081,124.60919899672,Nearest barangay reference point
Barra,BRA-POST-687,687,081,16-mar-19 10:04:45am,8.51076845265926,124.609203249216,Nearest barangay reference point
Barra,BRA-POST-688,688,MFA34@2,ABCN50KVA/SPOTLOAD,8.51497265747089,124.609227587766,Nearest barangay reference point
Barra,BRA-POST-689,689,MFA34@2,C7/CONCRETE/35FT,8.51501461914081,124.609227587766,Nearest barangay reference point
Barra,BRA-POST-690,690,MFA34@1,C14/STEEL/40FT,8.51508900258251,124.60928099662,Nearest barangay reference point
Barra,BRA-POST-691,691,MFA34@1,ABCN50KVA/SPOTLOAD,8.51512172287549,124.609285513976,Nearest barangay reference point
Barra,BRA-POST-692,692,M61A,OS/WOOD/30FT,8.51127097126331,124.609334255718,Nearest barangay reference point
Barra,BRA-POST-693,693,MA30G,OS/CONCRETE/30FT,8.51958611332315,124.609372221417,Nearest barangay reference point
Barra,BRA-POST-694,694,M64B,OS/CONCRETE/30FT,8.51283579500614,124.609417650859,Nearest barangay reference point
Barra,BRA-POST-695,695,M63B,OS/CONCRETE/30FT,8.51229138580994,124.609434422854,Nearest barangay reference point
Barra,BRA-POST-696,696,M65@1A,OS/STEEL/30FT,8.51349419162607,124.609517487385,Nearest barangay reference point
Barra,BRA-POST-697,697,M62,C1-1/WOOD/35FT,8.51164338552445,124.609533741868,Nearest barangay reference point
Barra,BRA-POST-698,698,M62,BN25KVA/COMMON,8.51169488393754,124.609533741868,Nearest barangay reference point
Barra,BRA-POST-699,699,MFA35,C14/CONCRETE/35FT,8.51525700095785,124.609638997849,Nearest barangay reference point
Barra,BRA-POST-700,700,MFA35,BN15KVA/SPOTLOAD,8.51530563834799,124.609638997849,Nearest barangay reference point
Barra,BRA-POST-701,701,M65@1,A2/STEEL/35FT,8.51342009520535,124.609711358005,Nearest barangay reference point
Barra,BRA-POST-702,702,M64A,OS/CONCRETE/30FT,8.51275473422436,124.609734327076,Nearest barangay reference point
Barra,BRA-POST-703,703,M63A,OS/CONCRETE/30FT,8.51216599618833,124.60978738055,Nearest barangay reference point
Barra,BRA-POST-704,704,M63,C1-1/WOOD/35FT,8.51237093126315,124.609957702487,Nearest barangay reference point
Barra,BRA-POST-705,705,MA30H,OS/CONCRETE/30FT,8.51936389157661,124.610022218001,Nearest barangay reference point
Barra,BRA-POST-706,706,M64,C8/WOOD/35FT,8.5126617855556,124.610024422747,Nearest barangay reference point
Barra,BRA-POST-707,707,M64,BN37.5KVA/SPOTLOAD,8.51270183987689,124.610024422747,Nearest barangay reference point
Barra,BRA-POST-708,708,MFA36,C14/CONCRETE/35FT,8.51509800344541,124.61014000326,Nearest barangay reference point
Barra,BRA-POST-709,709,M65,C8/A5-1/STEEL/45FT,8.51311415639767,124.610141010425,Nearest barangay reference point
Barra,BRA-POST-710,710,M65,BN15KVA/COMMON,8.51318854216296,124.61014101043,Nearest barangay reference point
Barra,BRA-POST-711,711,M65@9,C14/STEEL/40FT,8.51337979553223,124.610269035156,Nearest barangay reference point
Barra,BRA-POST-712,712,MA30J,OS/CONCRETE/30FT,8.52021630926615,124.610322395382,Nearest barangay reference point
Barra,BRA-POST-713,713,MA30I,OS/CONCRETE/30FT,8.51956025720832,124.610350813944,Nearest barangay reference point
Barra,BRA-POST-714,714,M66,C1/STEEL/35FT,8.51375054439682,124.610442897177,Nearest barangay reference point
Barra,BRA-POST-715,715,M67EA,OS/STEEL/30FT,8.51463284380976,124.610493476789,Nearest barangay reference point
Barra,BRA-POST-716,716,M73@2,BN15KVA/COMMON,8.51945164568749,124.610549542173,Nearest barangay reference point
Barra,BRA-POST-717,717,M73@2,A5/STEEL/35FT,8.51939823992577,124.610557171568,Nearest barangay reference point
Barra,BRA-POST-718,718,M66A,OS/STEEL/30FT,8.51410301835753,124.610569349788,Nearest barangay reference point
Barra,BRA-POST-719,719,M65,BN15KVA/COMMON,8.51416801065338,124.610595984877,Nearest barangay reference point
Barra,BRA-POST-720,720,MFA37,C14/CONCRETE/35FT,8.5148609990868,124.610815997827,Nearest barangay reference point
Barra,BRA-POST-721,721,M68A,OS/STEEL/30FT,8.51608629293327,124.610835283337,Nearest barangay reference point
Barra,BRA-POST-722,722,M67,C1/CONCRETE/35FT,8.51488651047473,124.610847694461,Nearest barangay reference point
Barra,BRA-POST-723,723,M67,BN25KVA/COMMON,8.51493419419055,124.610847694461,Nearest barangay reference point
Barra,BRA-POST-724,724,M68C,OS/STEEL/30FT,8.51536200382864,124.610981002473,Nearest barangay reference point
Barra,BRA-POST-725,725,M73@1,BN10KVA/SPOTLOAD,8.51944468383799,124.611059417521,Nearest barangay reference point
Barra,BRA-POST-726,726,M73@1,A2/STEEL/35FT,8.51939127807627,124.611067046916,Nearest barangay reference point
Barra,BRA-POST-727,727,M68,A1/WOOD/35FT,8.51584660689571,124.611125770832,Nearest barangay reference point
Barra,BRA-POST-728,728,M69,C14/WOOD/35FT,8.5164575289431,124.6112683794,Nearest barangay reference point
Barra,BRA-POST-729,729,M70@1,ABCN25KVA/SPOTLOAD,8.51717612867914,124.611345728023,Nearest barangay reference point
Barra,BRA-POST-730,730,M70@1,C7/CONCRETE/35FT,8.51710841780267,124.611353357417,Nearest barangay reference point
Barra,BRA-POST-731,731,M68B,OS/STEEL/30FT,8.51554923293204,124.611439204592,Nearest barangay reference point
Barra,BRA-POST-732,732,M70,C1/C7-1/STEEL/35FT,8.5171896873323,124.611462083046,Nearest barangay reference point
Barra,BRA-POST-733,733,M71,A5/CONCRETE/35FT,8.51781610265853,124.611686687795,Nearest barangay reference point
Barra,BRA-POST-734,734,M72,C15/CONCRETE/35FT,8.51857396187193,124.611841446772,Nearest barangay reference point
Barra,BRA-POST-735,735,M73,C14/A5-1/STEEL/35FT,8.51916949606235,124.612035325888,Nearest barangay reference point
Barra,BRA-POST-736,736,M75,C7/CONCRETE/35FT,8.52003633750245,124.612042589577,Nearest barangay reference point
Barra,BRA-POST-737,737,Opol,Zone 1 Baybay,8.51989320715602,124.612044272825,Nearest barangay reference point
Barra,BRA-POST-738,738,M74,2C7-1/STEEL/35FT,8.51966427644135,124.612052757266,Nearest barangay reference point
Barra,BRA-POST-739,739,M74A,OS/STEEL/30FT,8.51967699575405,124.612292998556,Nearest barangay reference point
Barra,BRA-POST-740,740,M74B,OS/STEEL/30FT,8.51951299970323,124.612479001276,Nearest barangay reference point
Barra,BRA-POST-741,741,M74C,OS/STEEL/30FT,8.5192770004097,124.612534998612,Nearest barangay reference point
Barra,BRA-POST-742,742,M74D,OS/STEEL/30FT,8.51898200407581,124.612582001937,Nearest barangay reference point
Bonbon,BON-POST-001,1,KE12O,OS/2J6/STEEL/30FT,8.5131320077926,124.551268452779,Nearest barangay reference point
Bonbon,BON-POST-002,2,KE12N,OS/4J6/STEEL/35FT,8.51341539993883,124.552094908431,Nearest barangay reference point
Bonbon,BON-POST-003,3,KE12M,OS/4J6/STEEL/30FT,8.51320560090245,124.552821619436,Nearest barangay reference point
Bonbon,BON-POST-004,4,KE12K,OS/2J6/WOOD/30FT,8.51427295245231,124.553689733148,Nearest barangay reference point
Bonbon,BON-POST-005,5,KE12H,OS/2J6/WOOD/30FT,8.5105224698782,124.553700378165,Nearest barangay reference point
Bonbon,BON-POST-006,6,KE12J,OS/2J6/J6A/WOOD/30FT,8.51344431750477,124.553859047592,Nearest barangay reference point
Bonbon,BON-POST-007,7,KE12G,2J6/J5/J8/WOOD/35FT,8.51125362329186,124.553940854967,Nearest barangay reference point
Bonbon,BON-POST-008,8,KE12I,OS/2J6/J8/J5/WOOD/30FT,8.51248249411584,124.554079743102,Nearest barangay reference point
Bonbon,BON-POST-009,9,KE12@4,A5/WOOD/35FT,8.51198578253389,124.554188037291,Nearest barangay reference point
Bonbon,BON-POST-010,10,KE12L,OS/2J6/J6A/WOOD/30FT,8.51069572381676,124.554812908173,Nearest barangay reference point
Bonbon,BON-POST-011,11,KE12LA,OS/J6/WOOD/30FT,8.51042649708689,124.554994627833,Nearest barangay reference point
Bonbon,BON-POST-012,12,KE12@3,A1/WOOD/35FT,8.5121303703636,124.555245414376,Nearest barangay reference point
Bonbon,BON-POST-013,13,KE12C,OS/2J6/WOOD/30FT,8.51172870956362,124.55618083477,Nearest barangay reference point
Bonbon,BON-POST-014,14,KE12@2,A1-1/WOOD/35FT,8.51222677149469,124.556204539554,Nearest barangay reference point
Bonbon,BON-POST-015,15,KE11@9D,OS/WOOD/30FT,8.51696004588654,124.556451770714,Nearest barangay reference point
Bonbon,BON-POST-016,16,KE11@9E,OS/WOOD/30FT,8.51752950755001,124.556499488207,Nearest barangay reference point
Bonbon,BON-POST-017,17,KE11@9C,OS/WOOD/30FT,8.5160279596626,124.556638746874,Nearest barangay reference point
Bonbon,BON-POST-018,18,KE16,A4/WOOD/35FT,8.50905605591834,124.556852979586,Nearest barangay reference point
Bonbon,BON-POST-019,19,KE14@4,A1/STEEL/35FT,8.510175,124.556882,Nearest barangay reference point
Bonbon,BON-POST-020,20,KE12D,OS/2J6/WOOD/35FT,8.51322211325169,124.556891117245,Nearest barangay reference point
Bonbon,BON-POST-021,21,KE11@9,A5/WOOD/35FT,8.51486748508845,124.557205777117,Nearest barangay reference point
Bonbon,BON-POST-022,22,KE11@9B,OS/WOOD/30FT,8.51536556738879,124.55721738281,Nearest barangay reference point
Bonbon,BON-POST-023,23,KE14@3,A2/STEEL/35FT,8.509994,124.557387,Nearest barangay reference point
Bonbon,BON-POST-024,24,KE11@8,A14/WOOD/35FT,8.51427882256725,124.557432252186,Nearest barangay reference point
Bonbon,BON-POST-025,25,KE11@9A,OS/WOOD/30FT,8.51500578364952,124.55748095217,Nearest barangay reference point
Bonbon,BON-POST-026,26,KE12@1,A1/WOOD/35FT,8.51256203837693,124.557557478547,Nearest barangay reference point
Bonbon,BON-POST-027,27,KE15B,OS/J6/WOOD/30FT,8.50875363685191,124.557559071109,Nearest barangay reference point
Bonbon,BON-POST-028,28,KE15A,OS/J6/WOOD/30FT,8.50908220745624,124.557603495196,Nearest barangay reference point
Bonbon,BON-POST-029,29,KE15,A5A6/WOOD/35FT,8.50922662764788,124.557714890689,Nearest barangay reference point
Bonbon,BON-POST-030,30,KE11@7A,OS/WOOD/30FT,8.51396148061688,124.557790827886,Nearest barangay reference point
Bonbon,BON-POST-031,31,KE14@2,A1/STEEL/35FT,8.510017,124.55785,Nearest barangay reference point
Bonbon,BON-POST-032,32,KE14@1,A2/WOOD/35FT,8.510205,124.557882,Nearest barangay reference point
Bonbon,BON-POST-033,33,LX23B,OS/WOOD/30FT,8.51856483928305,124.557965262797,Nearest barangay reference point
Bonbon,BON-POST-034,34,KE14,A1/STEEL/35FT,8.51077256910504,124.558003908024,Nearest barangay reference point
Bonbon,BON-POST-035,35,KE11@7,A4/WOOD/35FT,8.51409064458352,124.558042040809,Nearest barangay reference point
Bonbon,BON-POST-036,36,KE15@1,A1/WOOD/35FT,8.50920818746091,124.558063242585,Nearest barangay reference point
Bonbon,BON-POST-037,37,KE11@6,A4/WOOD/35FT,8.51451845580144,124.558104645703,Nearest barangay reference point
Bonbon,BON-POST-038,38,KE13,A2/WOOD/35FT,8.51171999238432,124.558118563146,Nearest barangay reference point
Bonbon,BON-POST-039,39,KE12,A4/A5-1/WOOD/35FT,8.51273068226875,124.558266755194,Nearest barangay reference point
Bonbon,BON-POST-040,40,KE15@3,A2/WOOD/35FT,8.50874943844975,124.558276638389,Nearest barangay reference point
Bonbon,BON-POST-041,41,KE15@3,A2/WOOD/35FT,8.50856537930668,124.558307155967,Nearest barangay reference point
Bonbon,BON-POST-042,42,LX23A,OS/WOOD/30FT,8.51898844292753,124.55832835764,Nearest barangay reference point
Bonbon,BON-POST-043,43,KE11@1,A1/A5-1/WOOD/35FT,8.51277463068,124.55842298862,Nearest barangay reference point
Bonbon,BON-POST-044,44,KE15@2,A4/WOOD/35FT,8.50919343531132,124.558479739353,Nearest barangay reference point
Bonbon,BON-POST-045,45,KE11@5,A1/WOOD/35FT,8.51439180993932,124.558648631662,Nearest barangay reference point
Bonbon,BON-POST-046,46,KE11@2,A1/WOOD/35FT,8.51338170149173,124.558665988966,Nearest barangay reference point
Bonbon,BON-POST-047,47,KE15@3A,OS/WOOD/30FT,8.50826882569412,124.558828679853,Nearest barangay reference point
Bonbon,BON-POST-048,48,KE11@3,A1/WOOD/35FT,8.51382058017946,124.558895393493,Nearest barangay reference point
Bonbon,BON-POST-049,49,KE15@2A,OS/WOOD/30FT,8.50929343141616,124.558913921937,Nearest barangay reference point
Bonbon,BON-POST-050,50,KE11,A6/WOOD/35FT,8.51291164755822,124.55897259526,Nearest barangay reference point
Bonbon,BON-POST-051,51,LX24,A5/WOOD/35FT,8.51876332673178,124.559049103223,Nearest barangay reference point
Bonbon,BON-POST-052,52,KE11A,OS/WOOD/30FT,8.51326008327306,124.5590590965,Nearest barangay reference point
Bonbon,BON-POST-053,53,KE11@4,A4/WOOD/35FT,8.51430547633114,124.559094883866,Nearest barangay reference point
Bonbon,BON-POST-054,54,KE11@4A,OS/WOOD/30FT,8.51450630612911,124.559118277177,Nearest barangay reference point
Bonbon,BON-POST-055,55,KE11AB,OS/WOOD/30FT,8.51392667744733,124.559175378913,Nearest barangay reference point
Bonbon,BON-POST-056,56,KE15@3B,OS/2J6/WOOD/30FT,8.50808635354043,124.559216843918,Nearest barangay reference point
Bonbon,BON-POST-057,57,KE11B,OS/WOOD/30FT,8.51428988408073,124.559226315194,Nearest barangay reference point
Bonbon,BON-POST-058,58,KE11@4B,OS/WOOD/30FT,8.5149974803099,124.559413901022,Nearest barangay reference point
Bonbon,BON-POST-059,59,LX17@3,A1/WOOD/35FT,8.522362,124.560072,Nearest barangay reference point
Bonbon,BON-POST-060,60,LX17@9B,OS/WOOD/30FT,8.52043043609619,124.560404853027,Nearest barangay reference point
Bonbon,BON-POST-061,61,KE10,A2/WOOD/35FT,8.51326963864268,124.560434818268,Nearest barangay reference point
Bonbon,BON-POST-062,62,LX17@9A,OS/WOOD/30FT,8.520782,124.56049,Nearest barangay reference point
Bonbon,BON-POST-063,63,LX17@9,A5/WOOD/35FT,8.52107090734863,124.560543370605,Nearest barangay reference point
Bonbon,BON-POST-064,64,LX17@17,A5/WOOD/35FT,8.520462,124.56057,Nearest barangay reference point
Bonbon,BON-POST-065,65,LX17@4,A3/WOOD/35FT,8.522194,124.560588,Nearest barangay reference point
Bonbon,BON-POST-066,66,LX17@8,A1/WOOD/35FT,8.52131681469726,124.560610370605,Nearest barangay reference point
Bonbon,BON-POST-067,67,LX17@15G,OS/WOOD/30FT,8.520441,124.560628,Nearest barangay reference point
Bonbon,BON-POST-068,68,LX17@7,A1/WOOD/35FT,8.521522,124.560657,Nearest barangay reference point
Bonbon,BON-POST-069,69,LX17@16,A1/WOOD/35FT,8.520767,124.560667,Nearest barangay reference point
Bonbon,BON-POST-070,70,LX17@6,A1/WOOD/35FT,8.52173490734863,124.560704258789,Nearest barangay reference point
Bonbon,BON-POST-071,71,LX17@15F,OS/WOOD/30FT,8.520737,124.560721,Nearest barangay reference point
Bonbon,BON-POST-072,72,LX17@.5,A4/A5-1/WOOD/35FT,8.52197,124.560764,Nearest barangay reference point
Bonbon,BON-POST-073,73,LX17@15,A1/WOOD/35FT,8.521073,124.560768,Nearest barangay reference point
Bonbon,BON-POST-074,74,LX17@10,A1-1/WOOD/35FT,8.521953,124.560819,Nearest barangay reference point
Bonbon,BON-POST-075,75,LX17@15A,OS/WOOD/30FT,8.521072,124.56083,Nearest barangay reference point
Bonbon,BON-POST-076,76,LX17@14,A1-1/WOOD/35FT,8.52131013897705,124.560840258789,Nearest barangay reference point
Bonbon,BON-POST-077,77,LX17@15B,OS/WOOD/30FT,8.521264,124.560879,Nearest barangay reference point
Bonbon,BON-POST-078,78,LX17@13,A1/WOOD/35FT,8.521491,124.560895,Nearest barangay reference point
Bonbon,BON-POST-079,79,LX17@15C,OS/WOOD/30FT,8.521438,124.560949,Nearest barangay reference point
Bonbon,BON-POST-080,80,LX17@12,A1/WOOD/35FT,8.521722,124.560961,Nearest barangay reference point
Bonbon,BON-POST-081,81,LX17@15D,OS/WOOD/30FT,8.521679,124.56101,Nearest barangay reference point
Bonbon,BON-POST-082,82,LX17@11,A4/WOOD/35FT,8.521887,124.561014,Nearest barangay reference point
Bonbon,BON-POST-083,83,LX17@15E,OS/WOOD/30FT,8.521873,124.561088,Nearest barangay reference point
Bonbon,BON-POST-084,84,KE9,A6/WOOD/35FT,8.51344004273415,124.561560172588,Nearest barangay reference point
Bonbon,BON-POST-085,85,026,Divine Mercy Village,8.51141161367918,124.561840791054,Nearest barangay reference point
Bonbon,BON-POST-086,86,KA24,AN25KVA/SPOTLOAD,8.51100405686439,124.561917496131,Nearest barangay reference point
Bonbon,BON-POST-087,87,KA24,A4/STEEL/35FT,8.51105555527748,124.561917496131,Nearest barangay reference point
Bonbon,BON-POST-088,88,KA24,BN15KVA/COMMON,8.51110228531898,124.561917496131,Nearest barangay reference point
Bonbon,BON-POST-089,89,KA24@1,A1/STEEL/35FT,8.5104734339305,124.56198069669,Nearest barangay reference point
Bonbon,BON-POST-090,90,KA24@2,A5/STEEL/35FT,8.51008099877007,124.562034584137,Nearest barangay reference point
Bonbon,BON-POST-091,91,KA23,C3/STEEL/35FT,8.51108061969349,124.56205034435,Nearest barangay reference point
Bonbon,BON-POST-092,92,KA24@2A,OS/CONCRETE/30FT,8.50968638015429,124.562069288759,Nearest barangay reference point
Bonbon,BON-POST-093,93,KA24@2B,OS/CONCRETE/30FT,8.509246242231,124.562124608619,Nearest barangay reference point
Bonbon,BON-POST-094,94,KA22,C1/A5-1/STEEL/35FT,8.51104139521876,124.562207846315,Nearest barangay reference point
Bonbon,BON-POST-095,95,KA22@1,A2/STEEL/35FT,8.510543087168,124.562266009175,Nearest barangay reference point
Bonbon,BON-POST-096,96,KA22@2,A5/STEEL/35FT,8.51015780335278,124.562302131956,Nearest barangay reference point
Bonbon,BON-POST-097,97,KA22@2,CN15KVA/COMMON,8.51022646790357,124.562302131956,Nearest barangay reference point
Bonbon,BON-POST-098,98,KA22@2A,OS/CONCRETE/30FT,8.50968560935998,124.562337666223,Nearest barangay reference point
Bonbon,BON-POST-099,99,KA22@2B,OS/CONCRETE/30FT,8.50929895423472,124.562384274149,Nearest barangay reference point
Bonbon,BON-POST-100,100,KA21,C14/A5-1/STEEL/35FT,8.51097978702703,124.562415967291,Nearest barangay reference point
Bonbon,BON-POST-101,101,KE4@6C,OS/2J6/WOOD/30FT,8.51929765194655,124.562426358461,Nearest barangay reference point
Bonbon,BON-POST-102,102,KA21@1,A1/STEEL/35FT,8.51048114412372,124.562471957714,Nearest barangay reference point
Bonbon,BON-POST-103,103,KA21@2,A5/STEEL/35FT,8.51006280216687,124.562505902597,Nearest barangay reference point
Bonbon,BON-POST-104,104,KA21@2,CN15KVA/COMMON,8.51013146671765,124.562505902597,Nearest barangay reference point
Bonbon,BON-POST-105,105,KE8,A3/WOOD/35FT,8.51355026476086,124.562531970441,Nearest barangay reference point
Bonbon,BON-POST-106,106,KA21@2A,OS/CONCRETE/30FT,8.50973733581487,124.562554520512,Nearest barangay reference point
Bonbon,BON-POST-107,107,LY8@4C,OS/WOOD/30FT,8.52295099977507,124.562589004522,Nearest barangay reference point
Bonbon,BON-POST-108,108,KA21@2B,OS/CONCRETE/30FT,8.5093278801823,124.562591226274,Nearest barangay reference point
Bonbon,BON-POST-109,109,KA20,C14/A5-1/STEEL/35FT,8.51085874825241,124.562661550251,Nearest barangay reference point
Bonbon,BON-POST-110,110,KA20@1,A1/STEEL/35FT,8.51039405882127,124.562712936796,Nearest barangay reference point
Bonbon,BON-POST-111,111,KA16B,OS/STEEL/30FT,8.51161600792585,124.562719264367,Nearest barangay reference point
Bonbon,BON-POST-112,112,KA20@2,A5/STEEL/35FT,8.50999742676943,124.562753672626,Nearest barangay reference point
Bonbon,BON-POST-113,113,KA20@2,CN15KVA/COMMON,8.51006609132022,124.562753672626,Nearest barangay reference point
Bonbon,BON-POST-114,114,KA20@2A,OS/CONCRETE/30FT,8.50983682743153,124.562761132329,Nearest barangay reference point
Bonbon,BON-POST-115,115,KA15B,OS/STEEL/30FT,8.5118399974393,124.562786995936,Nearest barangay reference point
Bonbon,BON-POST-116,116,LY8@4B,OS/WOOD/30FT,8.52323200431666,124.562787995747,Nearest barangay reference point
Bonbon,BON-POST-117,117,KA20@2B,OS/CONCRETE/30FT,8.50935820457659,124.562810164373,Nearest barangay reference point
Bonbon,BON-POST-118,118,KA14C,OS/STEEL/30FT,8.51203456532025,124.562903874012,Nearest barangay reference point
Bonbon,BON-POST-119,119,KA19,C14/A5-1/STEEL/35FT,8.51078733492031,124.562908733093,Nearest barangay reference point
Bonbon,BON-POST-120,120,KA19@1,A5/STEEL/35FT,8.51033764493567,124.562976211464,Nearest barangay reference point
Bonbon,BON-POST-121,121,KA19@1A,OS/CONCRETE/30FT,8.51006083663505,124.563005038464,Nearest barangay reference point
Bonbon,BON-POST-122,122,LY8@4,A5/WOOD/35FT,8.5227392563666,124.563015479417,Nearest barangay reference point
Bonbon,BON-POST-123,123,LY8@4,BN25KVA/COMMON,8.5228145966376,124.563015479417,Nearest barangay reference point
Bonbon,BON-POST-124,124,KA16A,OS/STEEL/30FT,8.51153307648118,124.563033514538,Nearest barangay reference point
Bonbon,BON-POST-125,125,KE7,A1/WOOD/35FT,8.51400146260858,124.563045697287,Nearest barangay reference point
Bonbon,BON-POST-126,126,KA18,C14/A5-1/STEEL/35FT,8.51106882000861,124.563060432998,Nearest barangay reference point
Bonbon,BON-POST-127,127,LY8@4A,OS/WOOD/30FT,8.52320200174336,124.563068998435,Nearest barangay reference point
Bonbon,BON-POST-128,128,KA13C,OS/STEEL/30FT,8.51227357273747,124.563073032183,Nearest barangay reference point
Bonbon,BON-POST-129,129,KA15A,OS/STEEL/30FT,8.51176300349251,124.563119999314,Nearest barangay reference point
Bonbon,BON-POST-130,130,LY8@4AA,OS/WOOD/30FT,8.52338799674553,124.563141002608,Nearest barangay reference point
Bonbon,BON-POST-131,131,KA17,C1/STEEL/35FT,8.51124953497393,124.563170660503,Nearest barangay reference point
Bonbon,BON-POST-132,132,KA18A,OS/STEEL/30FT,8.51090292296511,124.563175612298,Nearest barangay reference point
Bonbon,BON-POST-133,133,KA18@1,A2/STEEL/35FT,8.510914653568,124.563208594459,Nearest barangay reference point
Bonbon,BON-POST-134,134,KA18B,OS/STEEL/30FT,8.51053370314303,124.563217194524,Nearest barangay reference point
Bonbon,BON-POST-135,135,KA14B,OS/STEEL/30FT,8.51199022818463,124.563224148609,Nearest barangay reference point
Bonbon,BON-POST-136,136,KA18@2,A5/STEEL/35FT,8.51056765050761,124.563245589101,Nearest barangay reference point
Bonbon,BON-POST-137,137,KA18C,OS/STEEL/30FT,8.51014813006924,124.563253315164,Nearest barangay reference point
Bonbon,BON-POST-138,138,KA16,AN25KVA/COMMON,8.51150716893517,124.56327375276,Nearest barangay reference point
Bonbon,BON-POST-139,139,KA16,C1/A5-1/STEEL/35FT,8.51144231908166,124.563281382154,Nearest barangay reference point
Bonbon,BON-POST-140,140,KA16C,OS/STEEL/30FT,8.51107499585273,124.563363999379,Nearest barangay reference point
Bonbon,BON-POST-141,141,KA16D,OS/STEEL/30FT,8.51072099922337,124.56340200094,Nearest barangay reference point
Bonbon,BON-POST-142,142,KE4@10BB,OS/WOOD/30FT,8.5212707522921,124.563402933609,Nearest barangay reference point
Bonbon,BON-POST-143,143,KA13B,OS/STEEL/30FT,8.51218693663258,124.563418022478,Nearest barangay reference point
Bonbon,BON-POST-144,144,KA15,C14/STEEL/35FT,8.51164013540418,124.563422370437,Nearest barangay reference point
Bonbon,BON-POST-145,145,KE4@6B,OS/2J7/WOOD/30FT,8.51899707689882,124.563432773575,Nearest barangay reference point
Bonbon,BON-POST-146,146,KA14A,OS/STEEL/30FT,8.51192793412421,124.563443030283,Nearest barangay reference point
Bonbon,BON-POST-147,147,KA16E,OS/STEEL/30FT,8.5104100007129,124.563445999078,Nearest barangay reference point
Bonbon,BON-POST-148,148,KA16F,OS/STEEL/30FT,8.51012297145046,124.563465588852,Nearest barangay reference point
Bonbon,BON-POST-149,149,KA14,C14/STEEL/35FT,8.51179913685278,124.563558151246,Nearest barangay reference point
Bonbon,BON-POST-150,150,KA14,AN15KVA/COMMON,8.51186780140356,124.563558151246,Nearest barangay reference point
Bonbon,BON-POST-151,151,LY8@3,A1/WOOD/35FT,8.5233055954787,124.563600499007,Nearest barangay reference point
Bonbon,BON-POST-152,152,LY8@4F,OS/STEEL/30FT,8.52174458211388,124.563646007133,Nearest barangay reference point
Bonbon,BON-POST-153,153,KA16@1,A4/STEEL/35FT,8.51141000311245,124.563658999909,Nearest barangay reference point
Bonbon,BON-POST-154,154,KA13A,OS/STEEL/30FT,8.51207608965863,124.563721532517,Nearest barangay reference point
Bonbon,BON-POST-155,155,KA16@2,A1/STEEL/35FT,8.51099300315707,124.563737000857,Nearest barangay reference point
Bonbon,BON-POST-156,156,KE5A,OS/2J6/WOOD/30FT,8.5159656777978,124.563781041652,Nearest barangay reference point
Bonbon,BON-POST-157,157,KA16@3,A5/STEEL/35FT,8.51058399649193,124.563788003498,Nearest barangay reference point
Bonbon,BON-POST-158,158,KA16@3,CN15KVA/COMMON,8.5106517073684,124.563788003498,Nearest barangay reference point
Bonbon,BON-POST-159,159,KE6B,OS/2J6/STEEL/30FT,8.5136777535081,124.563812306151,Nearest barangay reference point
Bonbon,BON-POST-160,160,KE6,A1A5/WOOD/35FT,8.51467276923359,124.563814904541,Nearest barangay reference point
Bonbon,BON-POST-161,161,KE4@10BA,OS/WOOD/30FT,8.52084034063414,124.563825058204,Nearest barangay reference point
Bonbon,BON-POST-162,162,KA13,C14/STEEL/35FT,8.51198219750064,124.563889911986,Nearest barangay reference point
Bonbon,BON-POST-163,163,KE6C,OS/STEEL/30FT,8.51310900226314,124.564013999769,Nearest barangay reference point
Bonbon,BON-POST-164,164,LY8@4D,OS/WOOD/30FT,8.52191649234189,124.564036100342,Nearest barangay reference point
Bonbon,BON-POST-165,165,LY9,A1/WOOD/35FT,8.52521485143565,124.564096409654,Nearest barangay reference point
Bonbon,BON-POST-166,166,KE6@1,A5/WOOD/35FT,8.51479397155345,124.56413266249,Nearest barangay reference point
Bonbon,BON-POST-167,167,LY8@2,A1/WOOD/35FT,8.52384346778539,124.564157444809,Nearest barangay reference point
Bonbon,BON-POST-168,168,KE4@6A,OS/2J6/J6A/WOOD/30FT,8.51842568255962,124.564163591713,Nearest barangay reference point
Bonbon,BON-POST-169,169,KE6A,OS/4J6/STEEL/30FT,8.51418511010707,124.564217068255,Nearest barangay reference point
Bonbon,BON-POST-170,170,LY8@4G,OS/STEEL/30FT,8.52268452412462,124.564249842686,Nearest barangay reference point
Bonbon,BON-POST-171,171,KA12,C2/STEEL/35FT,8.51229962823262,124.564287806372,Nearest barangay reference point
Bonbon,BON-POST-172,172,KA10B,OS/STEEL/30FT,8.51296043275353,124.564341626656,Nearest barangay reference point
Bonbon,BON-POST-173,173,KA9B,OS/STEEL/30FT,8.51316086947919,124.564527880401,Nearest barangay reference point
Bonbon,BON-POST-174,174,KA11,C14/STEEL/35FT,8.51257363548262,124.564535911054,Nearest barangay reference point
Bonbon,BON-POST-175,175,KE5,A3/WOOD/35FT,8.51531297899783,124.564555445686,Nearest barangay reference point
Bonbon,BON-POST-176,176,LY8@4E,OS/WOOD/30FT,8.52135758633031,124.564612279074,Nearest barangay reference point
Bonbon,BON-POST-177,177,KE4@10B,OS/2J6/WOOD/30FT,8.52063640952111,124.564619231969,Nearest barangay reference point
Bonbon,BON-POST-178,178,KE4@6AA,OS/STEEL/30FT,8.51857371108856,124.564641863373,Nearest barangay reference point
Bonbon,BON-POST-179,179,KA8A,OS/STEEL/30FT,8.5133155155927,124.564690237865,Nearest barangay reference point
Bonbon,BON-POST-180,180,KA10,C14/STEEL/35FT,8.51274245060286,124.564697764192,Nearest barangay reference point
Bonbon,BON-POST-181,181,KA11C,OS/STEEL/30FT,8.51204196128469,124.564699923718,Nearest barangay reference point
Bonbon,BON-POST-182,182,KA11A,OS/STEEL/30FT,8.51235504565941,124.564703802137,Nearest barangay reference point
Bonbon,BON-POST-183,183,LY8@1,A6/WOOD/35FT,8.52439373785803,124.564722020006,Nearest barangay reference point
Bonbon,BON-POST-184,184,LY8@4H,OS/STEEL/30FT,8.5219298910278,124.564750217416,Nearest barangay reference point
Bonbon,BON-POST-185,185,KA10A,OS/STEEL/30FT,8.51255122412899,124.564806736453,Nearest barangay reference point
Bonbon,BON-POST-186,186,KA9,C14/STEEL/35FT,8.51289223636648,124.564860793614,Nearest barangay reference point
Bonbon,BON-POST-187,187,KA11B,OS/STEEL/30FT,8.51219013333321,124.564879825339,Nearest barangay reference point
Bonbon,BON-POST-188,188,KE4@6,A4/STEEL/35FT,8.5178437233282,124.564880569165,Nearest barangay reference point
Bonbon,BON-POST-189,189,KE4@6,AN15KVA/COMMON,8.51793146136531,124.564880569165,Nearest barangay reference point
Bonbon,BON-POST-190,190,KE4@10C,OS/WOOD/30FT,8.52088292129339,124.564899271354,Nearest barangay reference point
Bonbon,BON-POST-191,191,KA8,C14/STEEL/35FT,8.51304252425402,124.565006885527,Nearest barangay reference point
Bonbon,BON-POST-192,192,KA7A,OS/STEEL/30FT,8.51342473179103,124.565061304718,Nearest barangay reference point
Bonbon,BON-POST-193,193,KA9A,OS/STEEL/30FT,8.51266424171627,124.565089970827,Nearest barangay reference point
Bonbon,BON-POST-194,194,KE4@7,A1/A5-1/STEEL/35FT,8.51835007637337,124.56514167635,Nearest barangay reference point
Bonbon,BON-POST-195,195,KE4@5,A1/STEEL35FT,8.51692808356733,124.565173181256,Nearest barangay reference point
Bonbon,BON-POST-196,196,KE4@10A,OS/WOOD/30FT,8.52023273706437,124.565175371245,Nearest barangay reference point
Bonbon,BON-POST-197,197,KA5C,OS/STEEL/30FT,8.51240633055568,124.565220812336,Nearest barangay reference point
Bonbon,BON-POST-198,198,KA7,C4/STEEL/35FT,8.51328274293398,124.565243191417,Nearest barangay reference point
Bonbon,BON-POST-199,199,LY8,A6/A4/WOOD/35FT,8.52491921239879,124.565263707019,Nearest barangay reference point
Bonbon,BON-POST-200,200,KE4@3,A1/WOOD/35FT,8.51539679802955,124.565268158913,Nearest barangay reference point
Bonbon,BON-POST-201,201,KE4@8,A1/STEEL/35FT,8.51885617775517,124.56537989395,Nearest barangay reference point
Bonbon,BON-POST-202,202,KA4B,OS/STEEL/30FT,8.51239970540979,124.565433460108,Nearest barangay reference point
Bonbon,BON-POST-203,203,KA5B,OS/STEEL/30FT,8.51263884454966,124.565434886143,Nearest barangay reference point
Bonbon,BON-POST-204,204,KA6,C2/STEEL/35FT,8.51310157720087,124.565444950222,Nearest barangay reference point
Bonbon,BON-POST-205,205,KE4@4,A1/STEEL/35FT,8.51602313543134,124.565478288576,Nearest barangay reference point
Bonbon,BON-POST-206,206,KE4@11,A1/STEEL/35FT,8.51816768908724,124.565509806781,Nearest barangay reference point
Bonbon,BON-POST-207,207,KE4@10AA,OS/STEEL/30FT,8.52024500061168,124.565512996304,Nearest barangay reference point
Bonbon,BON-POST-208,208,KE4@2,C7/WOOD/35FT,8.51464695297182,124.565525231883,Nearest barangay reference point
Bonbon,BON-POST-209,209,KE4@2,ABCN37.5KVA/SPOTLOAD,8.5147213395685,124.565525231883,Nearest barangay reference point
Bonbon,BON-POST-210,210,KA5A,OS/STEEL/30FT,8.5128329708445,124.565555587741,Nearest barangay reference point
Bonbon,BON-POST-211,211,KA3B,OS/STEEL/30FT,8.5122293271957,124.56555880229,Nearest barangay reference point
Bonbon,BON-POST-212,212,KE4@10FA,OS/J6/WOOD/30FT,8.52106116786016,124.565599744795,Nearest barangay reference point
Bonbon,BON-POST-213,213,KE4@1,C1/WOOD/35FT,8.51500729098917,124.565619109199,Nearest barangay reference point
Bonbon,BON-POST-214,214,KE4@9,AN10KVA/COMMON,8.51946137322913,124.565642399993,Nearest barangay reference point
Bonbon,BON-POST-215,215,KE4@9,A1/STEEL/35FT,8.5193955697013,124.565650029388,Nearest barangay reference point
Bonbon,BON-POST-216,216,KA4A,OS/STEEL/30FT,8.51259676917845,124.56565776439,Nearest barangay reference point
Bonbon,BON-POST-217,217,KA5,C1/STEEL/35FT,8.51292416870376,124.565663463946,Nearest barangay reference point
Bonbon,BON-POST-218,218,KE4,C4A5/WOOD/35FT,8.51540878415108,124.565713824704,Nearest barangay reference point
Bonbon,BON-POST-219,219,KA3A,OS/STEEL/30FT,8.51240289397538,124.56575717032,Nearest barangay reference point
Bonbon,BON-POST-220,220,KA4,C1/STEEL/35FT,8.51280404926808,124.565844171041,Nearest barangay reference point
Bonbon,BON-POST-221,221,Opol,BONBON,8.5222422113689,124.565847918222,Nearest barangay reference point
Bonbon,BON-POST-222,222,KE4@10,A5/STEEL/35FT,8.51983610965101,124.565874002891,Nearest barangay reference point
Bonbon,BON-POST-223,223,KE4@10F,OS/J6/WOOD/30FT,8.52099347859622,124.565929155797,Nearest barangay reference point
Bonbon,BON-POST-224,224,KE4@10E,OS/WOOD/30FT,8.52064847946168,124.565929826349,Nearest barangay reference point
Bonbon,BON-POST-225,225,KA3,CN25KVA/COMMON,8.51270760118483,124.56603712579,Nearest barangay reference point
Bonbon,BON-POST-226,226,KA3,C14/STEEL/35FT,8.51265133440017,124.566044755184,Nearest barangay reference point
Bonbon,BON-POST-227,227,K23D,OS/WOOD/30FT,8.51335699836186,124.566079995638,Nearest barangay reference point
Bonbon,BON-POST-228,228,K23B,OS/WOOD/30FT,8.51291583708082,124.566205335785,Nearest barangay reference point
Bonbon,BON-POST-229,229,KE4@10D,OSWOOD/30FT,8.52052174508572,124.566285805777,Nearest barangay reference point
Bonbon,BON-POST-230,230,LY7A,OS/WOOD/30FT,8.52433509471026,124.566298630003,Nearest barangay reference point
Bonbon,BON-POST-231,231,KE4@12,BN10KVA/SPOTLOAD,8.51776727019183,124.566308940764,Nearest barangay reference point
Bonbon,BON-POST-232,232,KE4@12,A5/STEEL/35FT,8.5177071887099,124.566316570159,Nearest barangay reference point
Bonbon,BON-POST-233,233,K23CA,OS/WOOD/30FT,8.51354739545359,124.566394576332,Nearest barangay reference point
Bonbon,BON-POST-234,234,KE4@10G,OS/2J7/WOOD/30FT,8.519602753222,124.566409857944,Nearest barangay reference point
Bonbon,BON-POST-235,235,LY7,A1/WOOD/35FT,8.52462452703627,124.566415745594,Nearest barangay reference point
Bonbon,BON-POST-236,236,KE3,C1/WOOD/35FT,8.51545966230334,124.566512787715,Nearest barangay reference point
Bonbon,BON-POST-237,237,KE4@10H,OS/2J6/J6A/WOOD/30FT,8.51984968408943,124.567031878978,Nearest barangay reference point
Bonbon,BON-POST-238,238,LY6,C1/WOOD/35FT,8.52432984167371,124.567583042958,Nearest barangay reference point
Bonbon,BON-POST-239,239,LY6A,OS/WOOD/30FT,8.52440290209266,124.567796897625,Nearest barangay reference point
Bonbon,BON-POST-240,240,KE4@10I,OS/2J6/WOOD/30FT,8.5193091351539,124.567844001576,Nearest barangay reference point
Bonbon,BON-POST-241,241,LY5C,OS/WOOD/30FT,8.5226427869765,124.568255136465,Nearest barangay reference point
Bonbon,BON-POST-242,242,LY5F,OS/WOOD/30FT,8.52137502588204,124.568394273112,Nearest barangay reference point
Bonbon,BON-POST-243,243,LY5E,OS/WOOD/30FT,8.52221262356963,124.568663922879,Nearest barangay reference point
Bonbon,BON-POST-244,244,LY5B,OS/WOOD/30FT,8.52280170541621,124.568672637293,Nearest barangay reference point
Bonbon,BON-POST-245,245,LY5,C1-1/WOOD/35FT,8.52405001835673,124.568695895205,Nearest barangay reference point
Bonbon,BON-POST-246,246,LY5A,OS/WOOD/30FT,8.52348616909222,124.568742461779,Nearest barangay reference point
Cauyonan,CAU-POST-001,1,FBG8,A5/STEEL/35FT,8.30534800382284,124.427181002666,Nearest barangay reference point
Cauyonan,CAU-POST-002,2,FBG7,A4/STEEL/35FT,8.30792648326601,124.427371322658,Nearest barangay reference point
Cauyonan,CAU-POST-003,3,EDA28,A2/STEEL/35FT,8.326768,124.427923,Nearest barangay reference point
Cauyonan,CAU-POST-004,4,EDA39,A1-1/STEEL/35FT,8.338232,124.428015,Nearest barangay reference point
Cauyonan,CAU-POST-005,5,EDA37,A2/STEEL/35FT,8.33598,124.428079,Nearest barangay reference point
Cauyonan,CAU-POST-006,6,EDA36,A2/STEEL/35FT,8.334888,124.428164,Nearest barangay reference point
Cauyonan,CAU-POST-007,7,EDA38,A2/STEEL/35FT,8.336971,124.428184,Nearest barangay reference point
Cauyonan,CAU-POST-008,8,EDA35,A2/STEEL/35FT,8.333802,124.428942,Nearest barangay reference point
Cauyonan,CAU-POST-009,9,EDA31,A4/STEEL/35FT,8.328905,124.428955,Nearest barangay reference point
Cauyonan,CAU-POST-010,10,FBG8A,J5/J8/STEEL/30FT,8.304508997312,124.429008003659,Nearest barangay reference point
Cauyonan,CAU-POST-011,11,EDA29,A4/STEEL/35FT,8.327046,124.429098,Nearest barangay reference point
Cauyonan,CAU-POST-012,12,EDA30,A2/STEEL/35FT,8.328002,124.429124,Nearest barangay reference point
Cauyonan,CAU-POST-013,13,EDA33,A2/STEEL/35FT,8.331077,124.429305,Nearest barangay reference point
Cauyonan,CAU-POST-014,14,EDA32,A4/STEEL/35FT,8.329572,124.429339,Nearest barangay reference point
Cauyonan,CAU-POST-015,15,EDA34,A3/STEEL/35FT,8.332616,124.429478,Nearest barangay reference point
Cauyonan,CAU-POST-016,16,FBG8C,4J6/STEEL/30FT,8.30292399926798,124.430194996309,Nearest barangay reference point
Cauyonan,CAU-POST-017,17,FBG8D,2J6/STEEL/30FT,8.30038200232485,124.430210998491,Nearest barangay reference point
Cauyonan,CAU-POST-018,18,FBG8B,4J6/STEEL/30FT,8.30378999810592,124.430601002925,Nearest barangay reference point
Cauyonan,CAU-POST-019,19,FBG7A,2J6/STEEL/30FT,8.30924199928464,124.430665001579,Nearest barangay reference point
Cauyonan,CAU-POST-020,20,FBF16E,WAYPOINT  4246,8.33913299659815,124.435954996015,Nearest barangay reference point
Cauyonan,CAU-POST-021,21,327,FB185G,8.298312,124.43605,Nearest barangay reference point
Cauyonan,CAU-POST-022,22,FBG3.3A,2J6/STEEL/30FT,8.32153899996359,124.436158998713,Nearest barangay reference point
Cauyonan,CAU-POST-023,23,FBG6A,2J6/STEEL/30FT,8.31141800050004,124.436241000446,Nearest barangay reference point
Cauyonan,CAU-POST-024,24,FBG6,A4/STEEL/35FT,8.30898411643257,124.436414708883,Nearest barangay reference point
Cauyonan,CAU-POST-025,25,FBF16D,WAYPOINT  4245,8.33975999728006,124.436589002523,Nearest barangay reference point
Cauyonan,CAU-POST-026,26,FBF16B,WAYPOINT  4243,8.33759700139184,124.436669000998,Nearest barangay reference point
Cauyonan,CAU-POST-027,27,FBF16A,WAYPOINT  4242,8.33822799749464,124.437116003408,Nearest barangay reference point
Cauyonan,CAU-POST-028,28,325,FB185F,8.297844,124.437208,Nearest barangay reference point
Cauyonan,CAU-POST-029,29,FBF16C,WAYPOINT  4244,8.33911899602982,124.437371002423,Nearest barangay reference point
Cauyonan,CAU-POST-030,30,FBG3.3,A5/STEEL/35FT,8.32079399834663,124.437448003374,Nearest barangay reference point
Cauyonan,CAU-POST-031,31,324,FB185E,8.297777,124.437671,Nearest barangay reference point
Cauyonan,CAU-POST-032,32,WP4392,,8.33814972527694,124.437769422446,Nearest barangay reference point
Cauyonan,CAU-POST-033,33,FBF16,AN15KVA,8.33817599724004,124.43780599933,Nearest barangay reference point
Cauyonan,CAU-POST-034,34,FBG5D,2J6/STEEL/30FT,8.31186199648178,124.437832996404,Nearest barangay reference point
Cauyonan,CAU-POST-035,35,WP5407,AN10KVA,8.29894154140457,124.438084133623,Nearest barangay reference point
Cauyonan,CAU-POST-036,36,FB185,A5/STEEL/35FT,8.298793,124.438102,Nearest barangay reference point
Cauyonan,CAU-POST-037,37,FBF15,WAYPOINT  4240,8.33777800012379,124.438125999254,Nearest barangay reference point
Cauyonan,CAU-POST-038,38,297,FB184A,8.30116844177246,124.438140869141,Nearest barangay reference point
Cauyonan,CAU-POST-039,39,FBG5,A4/STEEL/35FT,8.31248700318055,124.438337002388,Nearest barangay reference point
Cauyonan,CAU-POST-040,40,298,FB184B,8.30173015594482,124.438385009766,Nearest barangay reference point
Cauyonan,CAU-POST-041,41,314,FB185D,8.297642,124.438404,Nearest barangay reference point
Cauyonan,CAU-POST-042,42,302,FB185A,8.298549,124.438436,Nearest barangay reference point
Cauyonan,CAU-POST-043,43,FBF14,WAYPOINT  4239,8.3366390042852,124.438448001824,Nearest barangay reference point
Cauyonan,CAU-POST-044,44,FBF12,WAYPOINT  4237,8.33541399934316,124.438456997728,Nearest barangay reference point
Cauyonan,CAU-POST-045,45,FBG3.2,A2/STEEL/35FT,8.3193661168688,124.438477668264,Nearest barangay reference point
Cauyonan,CAU-POST-046,46,FBF16F,WAYPOINT  4247,8.33943799973113,124.438701000221,Nearest barangay reference point
Cauyonan,CAU-POST-047,47,FBF13,WAYPOINT  4238,8.33598899945464,124.438724996059,Nearest barangay reference point
Cauyonan,CAU-POST-048,48,FBG4,A4/STEEL/35FT,8.31462199995343,124.438757997717,Nearest barangay reference point
Cauyonan,CAU-POST-049,49,304,FB185B,8.298259,124.438789,Nearest barangay reference point
Cauyonan,CAU-POST-050,50,FB184,A4/STEEL/35FT,8.300281,124.438817,Nearest barangay reference point
Cauyonan,CAU-POST-051,51,FBG5C,4J6/STEEL/30FT,8.31167099904088,124.438857999338,Nearest barangay reference point
Cauyonan,CAU-POST-052,52,FBG5A,6J6/STEEL/30FT,8.31237200263268,124.43891099657,Nearest barangay reference point
Cauyonan,CAU-POST-053,53,FBG3.1,A4/STEEL/35FT,8.3178079968502,124.439078999225,Nearest barangay reference point
Cauyonan,CAU-POST-054,54,FBF16G,WAYPOINT  4248,8.33997100099898,124.439436002116,Nearest barangay reference point
Cauyonan,CAU-POST-055,55,FBG5B,2J6/STEEL/30FT,8.3128080032378,124.439455996059,Nearest barangay reference point
Cauyonan,CAU-POST-056,56,FB183,A4/STEEL/35FT,8.300412,124.439895,Nearest barangay reference point
Cauyonan,CAU-POST-057,57,FB182,A1/STEEL/35FT,8.301011,124.440226,Nearest barangay reference point
Cauyonan,CAU-POST-058,58,FBG3,A4/A5-1/STEEL/35FT,8.31621599848842,124.440795003132,Nearest barangay reference point
Cauyonan,CAU-POST-059,59,FBF11,WAYPOINT  4236,8.33495099997023,124.440906002672,Nearest barangay reference point
Cauyonan,CAU-POST-060,60,FB181,A2/STEEL/35FT,8.302343,124.440986,Nearest barangay reference point
Cauyonan,CAU-POST-061,61,FBF10A,WAYPOINT  4235,8.33374999634432,124.441689003567,Nearest barangay reference point
Cauyonan,CAU-POST-062,62,FBF10,WAYPOINT  4234,8.33285699877332,124.44170900316,Nearest barangay reference point
Cauyonan,CAU-POST-063,63,WP7830,TAWILE CAUYONAN,8.33705248273276,124.441732511437,Nearest barangay reference point
Cauyonan,CAU-POST-064,64,WP4391,,8.33290740199006,124.441776342228,Nearest barangay reference point
Cauyonan,CAU-POST-065,65,FBG2,A4/STEEL/35FT,8.31556401609367,124.441792418506,Nearest barangay reference point
Cauyonan,CAU-POST-066,66,FB172@1C,J6/STEEL/30FT,8.31535253888529,124.441926193726,Nearest barangay reference point
Cauyonan,CAU-POST-067,67,287,FB181A,8.302264,124.442071,Nearest barangay reference point
Cauyonan,CAU-POST-068,68,FBG1,A1/STEEL/35FT,8.31544247236356,124.442321478327,Nearest barangay reference point
Cauyonan,CAU-POST-069,69,FBF9,WAYPOINT  4233,8.3326399971102,124.442870003077,Nearest barangay reference point
Cauyonan,CAU-POST-070,70,FB172@1,A6/STEEL/35FT,8.31524893221025,124.442962197999,Nearest barangay reference point
Cauyonan,CAU-POST-071,71,FB172,A4/A5-1/STEEL/35FT,8.31506947990994,124.443602823171,Nearest barangay reference point
Cauyonan,CAU-POST-072,72,FB180,A2/STEEL/35FT,8.30464363098145,124.443672180176,Nearest barangay reference point
Cauyonan,CAU-POST-073,73,WAY73,FB178AA,8.30740772052002,124.443828491699,Nearest barangay reference point
Cauyonan,CAU-POST-074,74,FBF8,WAYPOINT  4232,8.33160200236455,124.444200004232,Nearest barangay reference point
Cauyonan,CAU-POST-075,75,FB171,A1/STEEL/35FT,8.31613448058407,124.444513268573,Nearest barangay reference point
Cauyonan,CAU-POST-076,76,278,FB178B,8.308633,124.444579,Nearest barangay reference point
Cauyonan,CAU-POST-077,77,FB173,A4/STEEL/35FT,8.315128,124.444746,Nearest barangay reference point
Cauyonan,CAU-POST-078,78,282,FB178A,8.307974,124.445352,Nearest barangay reference point
Cauyonan,CAU-POST-079,79,FB179,A2/STEEL/35FT,8.307052,124.445362,Nearest barangay reference point
Cauyonan,CAU-POST-080,80,WP5406,AN10KVA,8.31256771087646,124.445487976074,Nearest barangay reference point
Cauyonan,CAU-POST-081,81,FB174,A1-1/STEEL/35FT,8.312373,124.445516,Nearest barangay reference point
Cauyonan,CAU-POST-082,82,FBF7,WAYPOINT  4231,8.33135399551108,124.445679000234,Nearest barangay reference point
Cauyonan,CAU-POST-083,83,FB178,A4/STEEL/35FT,8.307592,124.445876,Nearest barangay reference point
Cauyonan,CAU-POST-084,84,FB1775,A2/STEEL/35FT,8.311474,124.445897,Nearest barangay reference point
Cauyonan,CAU-POST-085,85,FB176,A2/STEEL/35FT,8.31090699799813,124.446216998014,Nearest barangay reference point
Cauyonan,CAU-POST-086,86,285,FB179A,8.304648,124.446226,Nearest barangay reference point
Cauyonan,CAU-POST-087,87,FB177,A4/STEEL/35FT,8.310612,124.44648,Nearest barangay reference point
Cauyonan,CAU-POST-088,88,FBF6A,WAYPOINT  4228,8.33036000024269,124.446541002306,Nearest barangay reference point
Cauyonan,CAU-POST-089,89,WP4390,,8.33081556014876,124.446637385012,Nearest barangay reference point
Cauyonan,CAU-POST-090,90,FBF6,WAYPOINT  4227,8.33091753498287,124.446691516616,Nearest barangay reference point
Cauyonan,CAU-POST-091,91,CAUYUNAN,CAUYUNAN,8.32517112863744,124.446778119945,Nearest barangay reference point
Cauyonan,CAU-POST-092,92,FBF6B,WAYPOINT  4229,8.33198599621661,124.447000998489,Nearest barangay reference point
Cauyonan,CAU-POST-093,93,WP4390,FBF6B,8.33198599621661,124.447000998489,Nearest barangay reference point
Cauyonan,CAU-POST-094,94,WP4389,,8.33038995754534,124.447111909201,Nearest barangay reference point
Cauyonan,CAU-POST-095,95,FBF5,WAYPOINT  4226,8.33049869901326,124.447219846064,Nearest barangay reference point
Cauyonan,CAU-POST-096,96,FB170,A2/STEEL/35FT,8.31868333347699,124.447338808526,Nearest barangay reference point
Cauyonan,CAU-POST-097,97,276,FB177A,8.310097,124.447521,Nearest barangay reference point
Cauyonan,CAU-POST-098,98,FBF6C,WAYPOINT  4230,8.33282500109408,124.447800999931,Nearest barangay reference point
Cauyonan,CAU-POST-099,99,WP4388,,8.32965144281622,124.44799951726,Nearest barangay reference point
Cauyonan,CAU-POST-100,100,FBF4,WAYPOINT  4224,8.32980799766926,124.448033000178,Nearest barangay reference point
Cauyonan,CAU-POST-101,101,FBF4A,WAYPOINT  4225,8.33036200283205,124.448152003839,Nearest barangay reference point
Cauyonan,CAU-POST-102,102,FB169,A2/STEEL/35FT,8.32000189349257,124.449492614931,Nearest barangay reference point
Cauyonan,CAU-POST-103,103,FB168,A2/STEEL/35FT,8.32085970211811,124.45046207375,Nearest barangay reference point
Cauyonan,CAU-POST-104,104,FBF3,WAYPOINT  4223,8.33017499556331,124.450570995496,Nearest barangay reference point
Cauyonan,CAU-POST-105,105,FB167,A2/STEEL/35FT,8.3213190644181,124.451297453934,Nearest barangay reference point
Cauyonan,CAU-POST-106,106,FBF2,WAYPOINT  4222,8.32891900233974,124.451388000379,Nearest barangay reference point
Cauyonan,CAU-POST-107,107,FB166,A2/STEEL/35FT,8.32157070989173,124.452089935426,Nearest barangay reference point
Cauyonan,CAU-POST-108,108,FB163B,WAYPOINT  4199,8.32307000258872,124.452596771311,Nearest barangay reference point
Cauyonan,CAU-POST-109,109,FB165,A4/STEEL/35FT,8.32165346753751,124.452599704056,Nearest barangay reference point
Cauyonan,CAU-POST-110,110,FB164A,WAYPOINT  4206,8.32241194534796,124.452651089539,Nearest barangay reference point
Cauyonan,CAU-POST-111,111,FB164,A2/STEEL/35FT,8.32211245430155,124.45287614205,Nearest barangay reference point
Cauyonan,CAU-POST-112,112,FB164B,WAYPOINT  4207,8.32186231327316,124.452882310751,Nearest barangay reference point
Cauyonan,CAU-POST-113,113,FB163A,WAYPOINT  4198,8.32287663648688,124.452964990887,Nearest barangay reference point
Cauyonan,CAU-POST-114,114,FB163G,WAYPOINT  4203,8.32246985889588,124.453052918973,Nearest barangay reference point
Cauyonan,CAU-POST-115,115,FB163,A1/STEEL/35FT,8.32279541393336,124.453277043562,Nearest barangay reference point
Cauyonan,CAU-POST-116,116,1A,WAYPOINT  4221,8.32704099568619,124.453405998824,Nearest barangay reference point
Cauyonan,CAU-POST-117,117,FBF1A,FBF1A,8.32704099568619,124.453405998824,Nearest barangay reference point
Cauyonan,CAU-POST-118,118,FB162A,2J7/J6/W/30FT,8.32307243347168,124.453430175781,Nearest barangay reference point
Cauyonan,CAU-POST-119,119,FB163C,WAYPOINT  4204,8.322680500924,124.4536353743,Nearest barangay reference point
Cauyonan,CAU-POST-120,120,FB162,A4/STEEL/35FT,8.32360225967927,124.453709217547,Nearest barangay reference point
Cauyonan,CAU-POST-121,121,FB163D,WAYPOINT  4200,8.32232929743443,124.453736126333,Nearest barangay reference point
Cauyonan,CAU-POST-122,122,FB163F,WAYPOINT  4202,8.3228676706667,124.453890774405,Nearest barangay reference point
Cauyonan,CAU-POST-123,123,FB163E,WAYPOINT  4201,8.3226099219704,124.453927401404,Nearest barangay reference point
Cauyonan,CAU-POST-124,124,FB161,A2/STEEL/35FT,8.32450992900297,124.454225546397,Nearest barangay reference point
Cauyonan,CAU-POST-125,125,FBF1,WAYPOINT  4220,8.32691100310157,124.45430900164,Nearest barangay reference point
Cauyonan,CAU-POST-126,126,FB160,A2/A5-1/WOOD/35FT,8.32507001171976,124.454916382083,Nearest barangay reference point
Cauyonan,CAU-POST-127,127,FB159,A6/WOOD/35FT,8.32592497065852,124.455834530701,Nearest barangay reference point
Cauyonan,CAU-POST-128,128,FB158,A4/WOOD/35FT,8.32756463776092,124.45695611382,Nearest barangay reference point
Igpit,IGP-POST-001,1,IA14B,OS/WOOD/30FT,8.49900075920726,124.571226601198,Nearest barangay reference point
Igpit,IGP-POST-002,2,IA14A,OS/WOOD/30FT,8.49866978278359,124.571464333946,Nearest barangay reference point
Igpit,IGP-POST-003,3,IA14,A1/WOOD/35FT,8.49833866344363,124.571701856234,Nearest barangay reference point
Igpit,IGP-POST-004,4,IA15L,OS/WOOD/30FT,8.49968458525837,124.572148863226,Nearest barangay reference point
Igpit,IGP-POST-005,5,IA15HA,OS/STEEL/30FT,8.49848555313618,124.572547678399,Nearest barangay reference point
Igpit,IGP-POST-006,6,IA15HB,OS/STEEL/30FT,8.49810023879605,124.572665443811,Nearest barangay reference point
Igpit,IGP-POST-007,7,IA15,CN15KVA/COMMON,8.49939421326715,124.572794770727,Nearest barangay reference point
Igpit,IGP-POST-008,8,IA15,A5/WOOD/35FT,8.49921778351861,124.572825288305,Nearest barangay reference point
Igpit,IGP-POST-009,9,IA15,CN25KVA/COMMON,8.4990308633526,124.5728329177,Nearest barangay reference point
Igpit,IGP-POST-010,10,IAA3@12,C14-1/CONCRETE/40FT,8.49314400144997,124.572875999527,Nearest barangay reference point
Igpit,IGP-POST-011,11,IA15H,OS/WOOD/30FT,8.49864011630417,124.572944808751,Nearest barangay reference point
Igpit,IGP-POST-012,12,IAA3@13,C14-1/CONCRETE/40FT,8.49332099739754,124.573199001734,Nearest barangay reference point
Igpit,IGP-POST-013,13,IA15D,OS/WOOD/30FT,8.50067817606033,124.573273379356,Nearest barangay reference point
Igpit,IGP-POST-014,14,IAC3,A1/WOOD/35FT,8.49204147746357,124.573371097347,Nearest barangay reference point
Igpit,IGP-POST-015,15,IA15I,OS/WOOD/30FT,8.49823887459934,124.57339935936,Nearest barangay reference point
Igpit,IGP-POST-016,16,IAA3@14,C7/CONCRETE/40FT,8.49364299858952,124.573461997105,Nearest barangay reference point
Igpit,IGP-POST-017,17,IAA3@14,ABCN15KVA/SPOTLOAD,8.4936944970026,124.573461997105,Nearest barangay reference point
Igpit,IGP-POST-018,18,IA15H,OS/J6/WOOD/30FT,8.50134420208634,124.573481082916,Nearest barangay reference point
Igpit,IGP-POST-019,19,IA15E,OS/J6/J5/WOOD/30FT,8.50162273272873,124.573538331315,Nearest barangay reference point
Igpit,IGP-POST-020,20,Opol,Camaroc,8.5018976804427,124.573595057986,Nearest barangay reference point
Igpit,IGP-POST-021,21,IA15G,OS/WOOD/30FT,8.4993688389659,124.573622820899,Nearest barangay reference point
Igpit,IGP-POST-022,22,MI21@8F,OS/STEEL/30FT,8.49466299970438,124.573658003123,Nearest barangay reference point
Igpit,IGP-POST-023,23,IA15J,OS/WOOD/30FT,8.49797015078367,124.573685768992,Nearest barangay reference point
Igpit,IGP-POST-024,24,IA15A,OS/WOOD/30FT,8.49992506206036,124.573687361553,Nearest barangay reference point
Igpit,IGP-POST-025,25,IA15B,OS/2J5/J6A/WOOD/30FT,8.50128971971572,124.573706975207,Nearest barangay reference point
Igpit,IGP-POST-026,26,MI21@8E,OS/STEEL/30FT,8.49511530403727,124.573936962338,Nearest barangay reference point
Igpit,IGP-POST-027,27,IA15F,OS/WOOD/30FT,8.50011751055718,124.57406421192,Nearest barangay reference point
Igpit,IGP-POST-028,28,IA15K,OS/WOOD/30FT,8.49778692238034,124.574088519439,Nearest barangay reference point
Igpit,IGP-POST-029,29,IAC4,A5/WOOD/35FT,8.49159882543372,124.574146848074,Nearest barangay reference point
Igpit,IGP-POST-030,30,MI21@8D,OS/STEEL/30FT,8.49462999682824,124.574177004085,Nearest barangay reference point
Igpit,IGP-POST-031,31,MI21@8CA,OS/STEEL/30FT,8.49407900252173,124.574320003943,Nearest barangay reference point
Igpit,IGP-POST-032,32,IAC4A,OS/CONCRETE/30FT,8.49156428128482,124.574336539954,Nearest barangay reference point
Igpit,IGP-POST-033,33,MI21@8C,OS/STEEL/30FT,8.49436699825932,124.574381004475,Nearest barangay reference point
Igpit,IGP-POST-034,34,IAC4B,OS/WOOD/30FT,8.49196644499899,124.574562516064,Nearest barangay reference point
Igpit,IGP-POST-035,35,MI35DB,OS/STEEL/30FT,8.48858962626775,124.574757646659,Nearest barangay reference point
Igpit,IGP-POST-036,36,MI35B,OS/WOOD/30FT,8.4891217962854,124.574762004803,Nearest barangay reference point
Igpit,IGP-POST-037,37,MI21@8BA,OS/STEEL/30FT,8.49458899729907,124.574812999711,Nearest barangay reference point
Igpit,IGP-POST-038,38,IAC4C,OS/WOOD/30FT,8.49249701946975,124.574867701158,Nearest barangay reference point
Igpit,IGP-POST-039,39,MI21@8B,OS/STEEL/30FT,8.49484699959432,124.574948000388,Nearest barangay reference point
Igpit,IGP-POST-040,40,MI35G,2J6/STEEL/30FT,8.4863270203684,124.574989659131,Nearest barangay reference point
Igpit,IGP-POST-041,41,MI35DA,OS/STEEL/30FT,8.48863438401367,124.575003905453,Nearest barangay reference point
Igpit,IGP-POST-042,42,MI35CA,OS,8.48889238582982,124.575190572767,Nearest barangay reference point
Igpit,IGP-POST-043,43,MI35F,OS,8.48767289780753,124.575191994647,Nearest barangay reference point
Igpit,IGP-POST-044,44,I27B,OS/WOOD/30FT,8.48310333676637,124.575252849609,Nearest barangay reference point
Igpit,IGP-POST-045,45,MP12@3A,OS/WOOD/30FT,8.50273970514537,124.575287299231,Nearest barangay reference point
Igpit,IGP-POST-046,46,MI35A,OS/WOOD/30FT,8.48929630677443,124.575288056562,Nearest barangay reference point
Igpit,IGP-POST-047,47,I25@6,C8/WOOD/35FT,8.48387264934798,124.575307145511,Nearest barangay reference point
Igpit,IGP-POST-048,48,MI35C,OS,8.48874938214952,124.575352590456,Nearest barangay reference point
Igpit,IGP-POST-049,49,MI35D,OS/STEEL/30FT,8.48831537266271,124.575370611042,Nearest barangay reference point
Igpit,IGP-POST-050,50,MI35E,OS,8.48789401775221,124.575423250509,Nearest barangay reference point
Igpit,IGP-POST-051,51,MI21@8A,OS/STEEL/30FT,8.49475499660978,124.57546900376,Nearest barangay reference point
Igpit,IGP-POST-052,52,10058380,SLB,8.48931236653536,124.575479162669,Nearest barangay reference point
Igpit,IGP-POST-053,53,MI35,C7/C7/CONCRETE/35FT,8.48929086133199,124.575481170147,Nearest barangay reference point
Igpit,IGP-POST-054,54,I25.5A,OS/CONCRETE/30FT,8.483802722767,124.575568847358,Nearest barangay reference point
Igpit,IGP-POST-055,55,MJ1D,OS/STEEL/30FT,8.48849482920763,124.575625847392,Nearest barangay reference point
Igpit,IGP-POST-056,56,MI34B,OS/WOOD/30FT,8.49061620261859,124.57580421335,Nearest barangay reference point
Igpit,IGP-POST-057,57,I25.5B,OS/WOOD/30FT,8.4837638065219,124.575818292797,Nearest barangay reference point
Igpit,IGP-POST-058,58,MJ1,C7/C8/WOOD/35FT,8.48912782823006,124.57582240037,Nearest barangay reference point
Igpit,IGP-POST-059,59,10114055,SLB,8.48915024190157,124.575830114818,Nearest barangay reference point
Igpit,IGP-POST-060,60,MI34,C1-1/CONCRETE/35FT,8.48986619158364,124.575925409059,Nearest barangay reference point
Igpit,IGP-POST-061,61,10058193,SLB,8.4898902931711,124.575929296946,Nearest barangay reference point
Igpit,IGP-POST-062,62,MJ1B,OS/WOOD/30FT,8.48862357681463,124.575937232876,Nearest barangay reference point
Igpit,IGP-POST-063,63,MP12@3B,OS/WOOD/30FT,8.50214735604823,124.575942512602,Nearest barangay reference point
Igpit,IGP-POST-064,64,I27C,OS/WOOD/30FT,8.48268943838776,124.576007891446,Nearest barangay reference point
Igpit,IGP-POST-065,65,MJ1A,OS/STEEL/30FT,8.48906798747179,124.57606072288,Nearest barangay reference point
Igpit,IGP-POST-066,66,MI21@8,AN15KVA/COMMON,8.49494933974795,124.576065067869,Nearest barangay reference point
Igpit,IGP-POST-067,67,I25@7,C1/STEEL/40FT,8.48374706692994,124.576069330797,Nearest barangay reference point
Igpit,IGP-POST-068,68,MI21@8,A5/STEEL/35FT,8.49487972152286,124.576072697264,Nearest barangay reference point
Igpit,IGP-POST-069,69,MI21@6C,OS/STEEL/30FT,8.496420859186,124.576156617925,Nearest barangay reference point
Igpit,IGP-POST-070,70,MI34A,OS/WOOD/30FT,8.49048614698252,124.576171872451,Nearest barangay reference point
Igpit,IGP-POST-071,71,MI25@9,C2-1/WOOD/35FT,8.48996034172556,124.576194537608,Nearest barangay reference point
Igpit,IGP-POST-072,72,MJ1C,OS/STEEL/30FT,8.48850622663218,124.576338137818,Nearest barangay reference point
Igpit,IGP-POST-073,73,MJ2,C3/WOOD/35FT,8.48876145775533,124.576375771892,Nearest barangay reference point
Igpit,IGP-POST-074,74,MI33,C7/C7/CONCRETE/35FT,8.49026817317502,124.57643968432,Nearest barangay reference point
Igpit,IGP-POST-075,75,10058115,SLB,8.49029083638399,124.57644046638,Nearest barangay reference point
Igpit,IGP-POST-076,76,MP12.7A,OS/STEEL/30FT,8.50013460963965,124.576443079859,Nearest barangay reference point
Igpit,IGP-POST-077,77,MI21@6B,OS/STEEL/30FT,8.49627767662413,124.576451968095,Nearest barangay reference point
Igpit,IGP-POST-078,78,I25@8,C1/CONCRFETE/35FT,8.48372795246543,124.57645817101,Nearest barangay reference point
Igpit,IGP-POST-079,79,MI21@7,A1/STEEL/35FT,8.4955396689617,124.576484684412,Nearest barangay reference point
Igpit,IGP-POST-080,80,MP12@3,A4/WOOD/35FT,8.50276376120747,124.576586326584,Nearest barangay reference point
Igpit,IGP-POST-081,81,MI32,C4-1/CONCRETE/35FT,8.49056523846293,124.57661222637,Nearest barangay reference point
Igpit,IGP-POST-082,82,10058125,SLB,8.49058742909639,124.576615942454,Nearest barangay reference point
Igpit,IGP-POST-083,83,MI25@8,C7/C7/WOOD/35FT,8.489778370609,124.576659649415,Nearest barangay reference point
Igpit,IGP-POST-084,84,MJ3,C1-1/WOOD/35FT,8.488700038779,124.57678982037,Nearest barangay reference point
Igpit,IGP-POST-085,85,MI21@6,A1/STEEL/35FT,8.49610699969289,124.576835996092,Nearest barangay reference point
Igpit,IGP-POST-086,86,Opol,Zone 5 Taboc,8.5020607587508,124.57686806824,Nearest barangay reference point
Igpit,IGP-POST-087,87,MI31@1,C7/CONCRETE/35FT,8.49087626720511,124.576877956279,Nearest barangay reference point
Igpit,IGP-POST-088,88,MI31@1,ABCN10KVA/SPOTLOAD,8.49090010906302,124.576877956279,Nearest barangay reference point
Igpit,IGP-POST-089,89,MI21@6A,OS/STEEL/30FT,8.49600827595581,124.576910387041,Nearest barangay reference point
Igpit,IGP-POST-090,90,I25@9,C1/CONCRETE/35FT,8.48362256798725,124.576914391704,Nearest barangay reference point
Igpit,IGP-POST-091,91,MP12@8A,OS/WOOD/30FT,8.49891521036626,124.576935181394,Nearest barangay reference point
Igpit,IGP-POST-092,92,MI21@5A,OS/STEEL/30FT,8.49694244753422,124.576954293903,Nearest barangay reference point
Igpit,IGP-POST-093,93,I25@8A,OS/WOOD/30FT,8.48364134008478,124.577069659611,Nearest barangay reference point
Igpit,IGP-POST-094,94,MJ3A,OS/WOOD/30FT,8.48857402801514,124.577079772949,Nearest barangay reference point
Igpit,IGP-POST-095,95,MI31,C1-1/C7-1/CONCRETE/35FT,8.49103294939908,124.577129977731,Nearest barangay reference point
Igpit,IGP-POST-096,96,10053647,SLB,8.49105186848848,124.577134741282,Nearest barangay reference point
Igpit,IGP-POST-097,97,MP12.8,AN10KVA/COMMON,8.49975111095718,124.577140118059,Nearest barangay reference point
Igpit,IGP-POST-098,98,MP12@8,A5/WOOD/35FT,8.4994793124497,124.577140118927,Nearest barangay reference point
Igpit,IGP-POST-099,99,I25@13,C1/STEEL/40FT,8.48358592877225,124.577149002737,Nearest barangay reference point
Igpit,IGP-POST-100,100,MI21@5,A4/STEEL/35FT,8.4968760014962,124.577285997002,Nearest barangay reference point
Igpit,IGP-POST-101,101,MJ4,C1/WOOD/35FT,8.48842494471912,124.5773620529,Nearest barangay reference point
Igpit,IGP-POST-102,102,MP12@8B,OS/STEEL/30FT,8.49871936217171,124.577380196943,Nearest barangay reference point
Igpit,IGP-POST-103,103,MP12@4,A1/WOOD/35FT,8.50252403877676,124.577386630699,Nearest barangay reference point
Igpit,IGP-POST-104,104,MP12@7,A1/WOOD/35FT,8.50018431432546,124.577425271273,Nearest barangay reference point
Igpit,IGP-POST-105,105,I25@10,C8/WOOD/35FT,8.48353926939268,124.577475150846,Nearest barangay reference point
Igpit,IGP-POST-106,106,MI25@7,C8/WOOD/35FT,8.49041542504274,124.577514141604,Nearest barangay reference point
Igpit,IGP-POST-107,107,MJ6@5,C1-1/WOOD/35FT,8.48530729587247,124.577570510829,Nearest barangay reference point
Igpit,IGP-POST-108,108,MI30,C1-1/CONCRETE/35FT,8.49141173489336,124.577582010304,Nearest barangay reference point
Igpit,IGP-POST-109,109,10053647,SLB,8.49143429188936,124.57758487556,Nearest barangay reference point
Igpit,IGP-POST-110,110,I25@9D,OS/WOOD/30FT,8.48328691534699,124.577587135136,Nearest barangay reference point
Igpit,IGP-POST-111,111,MJ6@4A,OS/WOOD/30FT,8.48552964388697,124.577598525236,Nearest barangay reference point
Igpit,IGP-POST-112,112,I27D,OS/WOOD/30FT,8.4821350555867,124.57760778442,Nearest barangay reference point
Igpit,IGP-POST-113,113,MJ6@4,C2/STEEL/40FT,8.48580398968457,124.577616047679,Nearest barangay reference point
Igpit,IGP-POST-114,114,MJ6.3A,OS,8.48606290313972,124.577626268631,Nearest barangay reference point
Igpit,IGP-POST-115,115,MJ4A,OS/STEEL/30FT,8.48831763231894,124.57765787155,Nearest barangay reference point
Igpit,IGP-POST-116,116,MJ6@3,C1/CONCRETE/40FT,8.48631699650472,124.57765900302,Nearest barangay reference point
Igpit,IGP-POST-117,117,MJ6.2A,OS/WOOD/30FT,8.48657110018055,124.577680248467,Nearest barangay reference point
Igpit,IGP-POST-118,118,MJ6@2,C1/STEEL/40FT,8.48686524019551,124.577690539684,Nearest barangay reference point
Igpit,IGP-POST-119,119,I25@11,C1-1/CONCRETE/35FT,8.48387601886832,124.57771224136,Nearest barangay reference point
Igpit,IGP-POST-120,120,MJ6@1,C1/CONCRETE/35FT,8.48745599672371,124.577714847204,Nearest barangay reference point
Igpit,IGP-POST-121,121,Opol,Zone 7B-Youngsville Subd.,8.48651345172368,124.577722223278,Nearest barangay reference point
Igpit,IGP-POST-122,122,MJ6@6,C1/STEEL/40FT,8.48484603974619,124.577783662626,Nearest barangay reference point
Igpit,IGP-POST-123,123,MJ6F,OS/WOOD/30FT,8.487653,124.577786,Nearest barangay reference point
Igpit,IGP-POST-124,124,MP12@6,A1/WOOD/35FT,8.5011667571962,124.577799607068,Nearest barangay reference point
Igpit,IGP-POST-125,125,MJ6,C8/C7-1/WOOD/35FT,8.4878556458618,124.57781048472,Nearest barangay reference point
Igpit,IGP-POST-126,126,MI21@2F,2J6/STEEL/30FT,8.49817642895536,124.577812013596,Nearest barangay reference point
Igpit,IGP-POST-127,127,MI21@2K,2J6/STEEL/30FT,8.49751752582749,124.577814614692,Nearest barangay reference point
Igpit,IGP-POST-128,128,MJ6@4B,OS/WOOD/30FT,8.48557281120107,124.577862049935,Nearest barangay reference point
Igpit,IGP-POST-129,129,I25@12,C1-1/CONCRETE/35FT,8.48412469316797,124.577866727286,Nearest barangay reference point
Igpit,IGP-POST-130,130,MJ5,C4-1/a5-1/a5-1/WOOD/35FT,8.48822084537834,124.577882569088,Nearest barangay reference point
Igpit,IGP-POST-131,131,I25@9A,OS/WOOD/30FT,8.48361211828888,124.577892310917,Nearest barangay reference point
Igpit,IGP-POST-132,132,MI29,C3/STEEL/35FT,8.4917685476408,124.577915692284,Nearest barangay reference point
Igpit,IGP-POST-133,133,10058135,SLB,8.49179191975801,124.577920568919,Nearest barangay reference point
Igpit,IGP-POST-134,134,MJ6C,OS/WOOD/30FT,8.48693235325574,124.577937394795,Nearest barangay reference point
Igpit,IGP-POST-135,135,MI28,C1/STEEL/35FT,8.49262635676578,124.577962384231,Nearest barangay reference point
Igpit,IGP-POST-136,136,10058145,SLB,8.49264641194551,124.577966345286,Nearest barangay reference point
Igpit,IGP-POST-137,137,Opol,Zone 7A Youngsville Subd.,8.48799193560537,124.577967813043,Nearest barangay reference point
Igpit,IGP-POST-138,138,MI25@7A,OS/WOOD/30FT,8.49037274029272,124.577975318926,Nearest barangay reference point
Igpit,IGP-POST-139,139,MI27,C4-1/CONCRETE/35FT,8.49315844029531,124.577987864117,Nearest barangay reference point
Igpit,IGP-POST-140,140,10058165,SLB,8.4931804695627,124.57798923347,Nearest barangay reference point
Igpit,IGP-POST-141,141,MJ6@7B,OS/WOOD/30FT,8.48398829810322,124.577991301194,Nearest barangay reference point
Igpit,IGP-POST-142,142,MI21@4,A4/STEEL/35FT,8.49666899907194,124.578000997093,Nearest barangay reference point
Igpit,IGP-POST-143,143,Opol,Zone 6 Igpit,8.49260244795395,124.578001281056,Nearest barangay reference point
Igpit,IGP-POST-144,144,MJ6B,OS/WOOD/30FT,8.48728153983772,124.578030027173,Nearest barangay reference point
Igpit,IGP-POST-145,145,MJ6@4C,OS/WOOD/30FT,8.48525538654389,124.578032871266,Nearest barangay reference point
Igpit,IGP-POST-146,146,MJ6A,OS/WOOD/30FT,8.48768530810733,124.578063638083,Nearest barangay reference point
Igpit,IGP-POST-147,147,MJ5@2,A3/STEEL/35FT,8.48802418692079,124.578065485399,Nearest barangay reference point
Igpit,IGP-POST-148,148,MJ10@3F,OS/STEEL/30FT,8.48631419134087,124.578079563405,Nearest barangay reference point
Igpit,IGP-POST-149,149,I25@9B,OS/WOOD/30FT,8.48330122046173,124.578083045781,Nearest barangay reference point
Igpit,IGP-POST-150,150,MJ6@7,2C7/WOOD/35FT,8.48426584441511,124.57812698538,Nearest barangay reference point
Igpit,IGP-POST-151,151,MJ5@1,A5/STEEL/35FT,8.48851603569404,124.578132868827,Nearest barangay reference point
Igpit,IGP-POST-152,152,MJ5@1,AN25KVA/SPOTLOAD,8.48859995903388,124.578132868827,Nearest barangay reference point
Igpit,IGP-POST-153,153,MJ6@7C,OS/WOOD/30FT,8.48364246313196,124.578148214635,Nearest barangay reference point
Igpit,IGP-POST-154,154,MJ6.3C,OS,8.48564950620501,124.578150142784,Nearest barangay reference point
Igpit,IGP-POST-155,155,MP12@5,A4/WOOD/35FT,8.5023029241711,124.578156424686,Nearest barangay reference point
Igpit,IGP-POST-156,156,MJ6D,OS/WOOD/30FT,8.48666421734993,124.578164467878,Nearest barangay reference point
Igpit,IGP-POST-157,157,I25@9C,OS/WOOD/30FT,8.48302846960724,124.578197486699,Nearest barangay reference point
Igpit,IGP-POST-158,158,I27E,OS/WOOD/30FT,8.48157539963723,124.578201351687,Nearest barangay reference point
Igpit,IGP-POST-159,159,MJ7A,OS/STEEL/30FT,8.48710544020198,124.57827419452,Nearest barangay reference point
Igpit,IGP-POST-160,160,MJ10@3E,OS/WOOD/30FT,8.4859330657198,124.578277126107,Nearest barangay reference point
Igpit,IGP-POST-161,161,MJ6E,OS/WOOD/30FT,8.48646926879883,124.578277587891,Nearest barangay reference point
Igpit,IGP-POST-162,162,MJ7,C1/WOOD/35FT,8.48760469168296,124.578286325363,Nearest barangay reference point
Igpit,IGP-POST-163,163,MJ6@4D,OS/WOOD/30FT,8.48474292173936,124.578289449438,Nearest barangay reference point
Igpit,IGP-POST-164,164,MI25@6,C1/WOOD/35FT,8.49104412178783,124.578358996467,Nearest barangay reference point
Igpit,IGP-POST-165,165,MJ6@7A,OS/STEEL/30FT,8.48380892315762,124.578363851523,Nearest barangay reference point
Igpit,IGP-POST-166,166,MJ6.3D,OS,8.48512655644046,124.57841022928,Nearest barangay reference point
Igpit,IGP-POST-167,167,MJ6@7D,OS/WOOD/30FT,8.48313477255006,124.578420450961,Nearest barangay reference point
Igpit,IGP-POST-168,168,10058175,SLB,8.49369259267061,124.578424108958,Nearest barangay reference point
Igpit,IGP-POST-169,169,MI26,C3/CONCRETE/35FT,8.49364653505232,124.5784273928,Nearest barangay reference point
Igpit,IGP-POST-170,170,MJ10@3B,OS/STEEL/30FT,8.48663639500272,124.578468228423,Nearest barangay reference point
Igpit,IGP-POST-171,171,MJ10@3D,OS/WOOD/30FT,8.48553870000878,124.578490946079,Nearest barangay reference point
Igpit,IGP-POST-172,172,MP12.5A,OS/WOOD/30FT,8.5020138901809,124.578508259525,Nearest barangay reference point
Igpit,IGP-POST-173,173,MJ5@3,A3/STEEL/35FT,8.48781447054327,124.578526653765,Nearest barangay reference point
Igpit,IGP-POST-174,174,MJ6@7AA,OS/STEEL/30FT,8.48343031179171,124.578554593558,Nearest barangay reference point
Igpit,IGP-POST-175,175,MJ7C,OS,8.48708004534694,124.57855901061,Nearest barangay reference point
Igpit,IGP-POST-176,176,MI21@2E,J5/2J8/STEEL/30FT,8.49789848228393,124.578560267068,Nearest barangay reference point
Igpit,IGP-POST-177,177,MJ6@4E,OS/WOOD/30FT,8.48422709449839,124.578561353127,Nearest barangay reference point
Igpit,IGP-POST-178,178,MP10@3D,OS/STEEL/30FT,8.50419245307009,124.578587258305,Nearest barangay reference point
Igpit,IGP-POST-179,179,MP10@3E,OS/STEEL/30FT,8.5038507928036,124.578614845866,Nearest barangay reference point
Igpit,IGP-POST-180,180,MI21@3,A1/STEEL/35FT,8.49712800300407,124.57865599671,Nearest barangay reference point
Igpit,IGP-POST-181,181,MP12.5B,OS/WOOD/30FT,8.50225355682827,124.578657913846,Nearest barangay reference point
Igpit,IGP-POST-182,182,MJ7B,OS/WOOD/30FT,8.48743803667965,124.57867752551,Nearest barangay reference point
Igpit,IGP-POST-183,183,MJ6.3E,OS,8.48461182644201,124.578683563356,Nearest barangay reference point
Igpit,IGP-POST-184,184,MJ10@3G,OS/WOOD/30FT,8.48509588412173,124.578696557245,Nearest barangay reference point
Igpit,IGP-POST-185,185,MJ10@3A,OS/STEEL/30FT,8.4861795816161,124.578711891888,Nearest barangay reference point
Igpit,IGP-POST-186,186,MI21@2BB,2J6/J15/STEEL/30FT,8.49855772332852,124.578717339747,Nearest barangay reference point
Igpit,IGP-POST-187,187,MJ10@3C,OS/WOOD/30FT,8.48569242537142,124.578733933376,Nearest barangay reference point
Igpit,IGP-POST-188,188,MJ10@2B,OS/STEEL/30FT,8.48676773667482,124.578739134722,Nearest barangay reference point
Igpit,IGP-POST-189,189,MJ5@4,A5/STEEL/35FT,8.48776686315814,124.5787502013,Nearest barangay reference point
Igpit,IGP-POST-190,190,MJ6@4F,OS/WOOD/30FT,8.48384002121509,124.578771823367,Nearest barangay reference point
Igpit,IGP-POST-191,191,MP10@3EA,OS/WOOD/30FT,8.50338980221749,124.578803336797,Nearest barangay reference point
Igpit,IGP-POST-192,192,MI25,C1/CONCRETE/35FT,8.49425430684297,124.578828466868,Nearest barangay reference point
Igpit,IGP-POST-193,193,10058185,SLB,8.49429436116426,124.578828466868,Nearest barangay reference point
Igpit,IGP-POST-194,194,MJ6@7F,OS/STEEL/30FT,8.48235952906074,124.578842149016,Nearest barangay reference point
Igpit,IGP-POST-195,195,MJ10@3,C7/WOOD/35FT,8.4857537160272,124.578875573155,Nearest barangay reference point
Igpit,IGP-POST-196,196,MP10@3C,OS/WOOD/30FT,8.50419505076149,124.578889676419,Nearest barangay reference point
Igpit,IGP-POST-197,197,MJ5@3A,OS/STEEL/30FT,8.48759435777888,124.578938117174,Nearest barangay reference point
Igpit,IGP-POST-198,198,MJ10@3H,OS/STEEL/30FT,8.48463152817027,124.578938372524,Nearest barangay reference point
Igpit,IGP-POST-199,199,MJ6@7E,OS/STEEL/30FT,8.48265381105308,124.578949348713,Nearest barangay reference point
Igpit,IGP-POST-200,200,MJ10@2A,OS/STEEL/30FT,8.4863208100101,124.578972902308,Nearest barangay reference point
Igpit,IGP-POST-201,201,MI21@2BA,2J7/2J10/STEEL/30FT,8.4985433010212,124.578973826047,Nearest barangay reference point
Igpit,IGP-POST-202,202,MJ10@1B,OS/WOOD/30FT,8.48688860037197,124.578980535508,Nearest barangay reference point
Igpit,IGP-POST-203,203,MI25@5,C3/WOOD/35FT,8.49163797985471,124.579047322215,Nearest barangay reference point
Igpit,IGP-POST-204,204,MI25@5,CN10KVA/COMMON,8.49174669872678,124.579047322215,Nearest barangay reference point
Igpit,IGP-POST-205,205,MI25@1,C8/WOOD/35FT,8.49429099525923,124.579088743099,Nearest barangay reference point
Igpit,IGP-POST-206,206,MI21@2D,2J6/STEEL/30FT,8.50005724757919,124.579162172618,Nearest barangay reference point
Igpit,IGP-POST-207,207,MJ8,C2/WOOD/35FT,8.48724360861013,124.579171286701,Nearest barangay reference point
Igpit,IGP-POST-208,208,MP12.5D,OS/STEEL/30FT,8.50262026407406,124.579177424531,Nearest barangay reference point
Igpit,IGP-POST-209,209,MP12.5F,OS/WOOD/30FT,8.50140790675152,124.57920718368,Nearest barangay reference point
Igpit,IGP-POST-210,210,MJ10@2,BN50KVA/COMMON,8.48597666533546,124.579213529629,Nearest barangay reference point
Igpit,IGP-POST-211,211,MJ10@2,C1-1/WOOD/35FT,8.48592898161964,124.579221159023,Nearest barangay reference point
Igpit,IGP-POST-212,212,MJ10@1A,OS/WOOD/30FT,8.48644679286843,124.579229563771,Nearest barangay reference point
Igpit,IGP-POST-213,213,MP12.5E,OS/STEEL/30FT,8.50186556033912,124.579238194383,Nearest barangay reference point
Igpit,IGP-POST-214,214,MP12.5C,OS/WOOD/30FT,8.50222832178945,124.579239280033,Nearest barangay reference point
Igpit,IGP-POST-215,215,MI21@2C,4J6/STEEL/30FT,8.49929315395764,124.579259652592,Nearest barangay reference point
Igpit,IGP-POST-216,216,MI24,C1-1/CONCRETE/35FT,8.49496593041246,124.579316042177,Nearest barangay reference point
Igpit,IGP-POST-217,217,MI21.2,AN15KVA/COMMON,8.49783829122887,124.579339028758,Nearest barangay reference point
Igpit,IGP-POST-218,218,MI21@2B,2J7/2J10/STEEL/30FT,8.49851028015327,124.579339281072,Nearest barangay reference point
Igpit,IGP-POST-219,219,MI25@4,C2/STEEL/40FT,8.49291110570468,124.579341857163,Nearest barangay reference point
Igpit,IGP-POST-220,220,MI21@2,A4/STEEL/35FT,8.49763420492516,124.579346658153,Nearest barangay reference point
Igpit,IGP-POST-221,221,MJ10@1,C2/WOOD/35FT,8.48605118976608,124.579364070473,Nearest barangay reference point
Igpit,IGP-POST-222,222,MJ10@2C,OS/WOOD/30FT,8.48555923536323,124.579390579386,Nearest barangay reference point
Igpit,IGP-POST-223,223,MI25@2,C1/WOOD/35FT,8.49389704865778,124.579390748188,Nearest barangay reference point
Igpit,IGP-POST-224,224,MI24A,OS/WOOD/30FT,8.49481209733255,124.579414046179,Nearest barangay reference point
Igpit,IGP-POST-225,225,MP10@4,A5/WOOD/35FT,8.50411065006454,124.579442792155,Nearest barangay reference point
Igpit,IGP-POST-226,226,MI25@5B,OS/WOOD/30FT,8.49021973723868,124.579507166187,Nearest barangay reference point
Igpit,IGP-POST-227,227,MI25@5A,OS/WOOD/30FT,8.49050883036158,124.579526867295,Nearest barangay reference point
Igpit,IGP-POST-228,228,MJ9,BN15KVA/COMMON,8.48663169802136,124.579586859597,Nearest barangay reference point
Igpit,IGP-POST-229,229,MJ9,C2/WOOD/35FT,8.48655158937878,124.579594488992,Nearest barangay reference point
Igpit,IGP-POST-230,230,MJ10@2D,OS/WOOD/30FT,8.48516646207455,124.579597356681,Nearest barangay reference point
Igpit,IGP-POST-231,231,MJ10@1C,OS/WOOD/30FT,8.48567775304616,124.579635157751,Nearest barangay reference point
Igpit,IGP-POST-232,232,MI25@5AA,OS/STEEL/30FT,8.4916503773722,124.579725235674,Nearest barangay reference point
Igpit,IGP-POST-233,233,MI23,C1/CONCRETE/35FT,8.49555283126443,124.579740166479,Nearest barangay reference point
Igpit,IGP-POST-234,234,MI25@3,C1/WOOD/35FT,8.49341961742503,124.57977513373,Nearest barangay reference point
Igpit,IGP-POST-235,235,MI25@3,ABCN10KVA/SPOTLOAD,8.49349686504466,124.579782763124,Nearest barangay reference point
Igpit,IGP-POST-236,236,MJ10,C1/C7-1/WOOD/35FT,8.48607608401731,124.579791631354,Nearest barangay reference point
Igpit,IGP-POST-237,237,MJ10@2E,OS/STEEL/30FT,8.48471920329307,124.579819314328,Nearest barangay reference point
Igpit,IGP-POST-238,238,MJ10A,OS/STEEL/30FT,8.48596148323882,124.579829196933,Nearest barangay reference point
Igpit,IGP-POST-239,239,MJ10@1D,OS/WOOD/30FT,8.48530149104801,124.579841775254,Nearest barangay reference point
Igpit,IGP-POST-240,240,MI25@5BA,OS/WOOD/30FT,8.49024740146998,124.579898600876,Nearest barangay reference point
Igpit,IGP-POST-241,241,MJ10C,OS/STEEL/30FT,8.4863234138711,124.579990723852,Nearest barangay reference point
Igpit,IGP-POST-242,242,MJ11,C1/WOOD/35FT,8.48557878570786,124.579996904162,Nearest barangay reference point
Igpit,IGP-POST-243,243,MJ10@1E,OS/STEEL/30FT,8.48496470264762,124.580015866897,Nearest barangay reference point
Igpit,IGP-POST-244,244,MI34B,OS/STEEL/30FT,8.49711644675922,124.580076674287,Nearest barangay reference point
Igpit,IGP-POST-245,245,MJ11A,OS/STEEL/30FT,8.48546669348862,124.580079396688,Nearest barangay reference point
Igpit,IGP-POST-246,246,MI21@2A,J5/J8/STEEL/30FT,8.49817785006035,124.580168335599,Nearest barangay reference point
Igpit,IGP-POST-247,247,MJ11C,OS/WOOD/30FT,8.48580465616953,124.580173362719,Nearest barangay reference point
Igpit,IGP-POST-248,248,MJ10B,OS/WOOD/30FT,8.48606109619141,124.580192565918,Nearest barangay reference point
Igpit,IGP-POST-249,249,MI22,C1/C7/CONCRETE/35FT,8.49613057839754,124.58020521123,Nearest barangay reference point
Igpit,IGP-POST-250,250,MJ12,C7/WOOD/35FT,8.48515281739343,124.58024031463,Nearest barangay reference point
Igpit,IGP-POST-251,251,MJ11B,OS/STEEL/30FT,8.48568475614871,124.58033630418,Nearest barangay reference point
Igpit,IGP-POST-252,252,MI21@2AA,2J6/STEEL/30FT,8.49778943746708,124.580369748351,Nearest barangay reference point
Igpit,IGP-POST-253,253,MI22A,OS/STEEL/30FT,8.49632428451118,124.580483991651,Nearest barangay reference point
Igpit,IGP-POST-254,254,MI21@1,A2/STEEL/35FT,8.49737863236746,124.580485375641,Nearest barangay reference point
Igpit,IGP-POST-255,255,MP9C,OS/WOOD/30FT,8.50441440845237,124.580609306478,Nearest barangay reference point
Igpit,IGP-POST-256,256,MI25@5C,OS/WOOD/30FT,8.49042526482661,124.580626069889,Nearest barangay reference point
Igpit,IGP-POST-257,257,MP9B,OS/WOOD/30FT,8.50479955823204,124.580770486056,Nearest barangay reference point
Igpit,IGP-POST-258,258,MI21,C1-1/STEEL/35FT,8.49701036038678,124.58080156688,Nearest barangay reference point
Igpit,IGP-POST-259,259,MI25@5E,OS/WOOD/30FT,8.49065434284986,124.58093627926,Nearest barangay reference point
Igpit,IGP-POST-260,260,MI22B,OS/STEEL/30FT,8.49624138488229,124.58100584901,Nearest barangay reference point
Igpit,IGP-POST-261,261,MI20,C1/WOOD/35FT,8.49791719847845,124.581429622886,Nearest barangay reference point
Igpit,IGP-POST-262,262,MI25@5D,OS/WOOD/30FT,8.49033365455177,124.58177288441,Nearest barangay reference point
Igpit,IGP-POST-263,263,MI22C,OS/STEEL/30FT,8.4959309203276,124.581800291954,Nearest barangay reference point
Igpit,IGP-POST-264,264,MI15G,OS/STEEL/30FT,8.50215489994907,124.582024507944,Nearest barangay reference point
Igpit,IGP-POST-265,265,MI25@5DA,OS/WOOD/30FT,8.49040824696335,124.582121397375,Nearest barangay reference point
Igpit,IGP-POST-266,266,MI22H,OS/STEEL/30FT,8.49372270825895,124.582125085954,Nearest barangay reference point
Igpit,IGP-POST-267,267,MI22D,OS/STEEL/30FT,8.49522423839053,124.582150648663,Nearest barangay reference point
Igpit,IGP-POST-268,268,MI19,C15/CONCRETE/35FT,8.49888069823455,124.582202350542,Nearest barangay reference point
Igpit,IGP-POST-269,269,MI15H,OS/STEEL/30FT,8.50182749956497,124.582239839575,Nearest barangay reference point
Igpit,IGP-POST-270,270,MI22I,OS/STEEL/30FT,8.4931273410389,124.582266575048,Nearest barangay reference point
Igpit,IGP-POST-271,271,MI22E,OS/STEEL/30FT,8.49464337634215,124.582309490237,Nearest barangay reference point
Igpit,IGP-POST-272,272,MI15I,OS,8.50142424834231,124.582332208417,Nearest barangay reference point
Igpit,IGP-POST-273,273,MI15F,OS/STEEL/30FT,8.50232932310244,124.582517528119,Nearest barangay reference point
Igpit,IGP-POST-274,274,MI18@1,C1/CONCRETE/35FT,8.49923357635307,124.582521701053,Nearest barangay reference point
Igpit,IGP-POST-275,275,MI19A,OS/STEEL/30FT,8.49893440505134,124.582536807285,Nearest barangay reference point
Igpit,IGP-POST-276,276,MI18,C1/CONCRETE/35FT,8.49935544922339,124.582664696322,Nearest barangay reference point
Igpit,IGP-POST-277,277,MI14@6,C7/CONCRETE/35FT,8.5025148600349,124.582669959955,Nearest barangay reference point
Igpit,IGP-POST-278,278,MI19B,OS/STEEL/30FT,8.49842210040225,124.58270871812,Nearest barangay reference point
Igpit,IGP-POST-279,279,MI14@5,C2/CONCRETE/35FT,8.50256299785583,124.582745997319,Nearest barangay reference point
Igpit,IGP-POST-280,280,Opol,Zone 5 Igpit,8.49954623810079,124.582780457856,Nearest barangay reference point
Igpit,IGP-POST-281,281,MI22F,OS/STEEL/30FT,8.49389227368131,124.582781558126,Nearest barangay reference point
Igpit,IGP-POST-282,282,MI15E,OS/STEEL/30FT,8.50212288335881,124.583013735668,Nearest barangay reference point
Igpit,IGP-POST-283,283,041,IGPIT,8.49629320204259,124.583027211949,Nearest barangay reference point
Igpit,IGP-POST-284,284,MI15C,OS/STEEL/30FT,8.50181098940448,124.58305129279,Nearest barangay reference point
Igpit,IGP-POST-285,285,MP6C,OS/WOOD/30FT,8.50528419608985,124.583088756642,Nearest barangay reference point
Igpit,IGP-POST-286,286,MI19C,OS/STEEL/30FT,8.49828723789785,124.583189338316,Nearest barangay reference point
Igpit,IGP-POST-287,287,MI17,C8/C7-1/CONCRETE/35FT,8.4999782246201,124.583275066512,Nearest barangay reference point
Igpit,IGP-POST-288,288,MI16A,OS/STEEL/30FT,8.50082502253387,124.583277934698,Nearest barangay reference point
Igpit,IGP-POST-289,289,MI22G,OS/STEEL/30FT,8.49450557107805,124.583287574765,Nearest barangay reference point
Igpit,IGP-POST-290,290,MI15B,OS/STEEL/30FT,8.5014690934264,124.58338019604,Nearest barangay reference point
Igpit,IGP-POST-291,291,MI14@4,C3/CONCRETE/35FT,8.50229700036031,124.583395002393,Nearest barangay reference point
Igpit,IGP-POST-292,292,MP6D,OS/WOOD/30FT,8.50446897988438,124.583499387976,Nearest barangay reference point
Igpit,IGP-POST-293,293,MI14@3,C2/CONCRETE/35FT,8.5020229996951,124.583512995838,Nearest barangay reference point
Igpit,IGP-POST-294,294,MI16,C14/CONCRETE/35FT,8.50066880961339,124.583522500295,Nearest barangay reference point
Igpit,IGP-POST-295,295,MI15AA,OS,8.50136742312789,124.58353182114,Nearest barangay reference point
Igpit,IGP-POST-296,296,MI17@1A,OS/WOOD/30FT,8.49943003018203,124.583598291024,Nearest barangay reference point
Igpit,IGP-POST-297,297,MI15A,OS/STEEL/30FT,8.50128066649015,124.583722598806,Nearest barangay reference point
Igpit,IGP-POST-298,298,MI15,C14/CONCRETE/35FT,8.5016568683463,124.583900272672,Nearest barangay reference point
Igpit,IGP-POST-299,299,MI13@1B,OS/WOOD/30FT,8.50295604305064,124.583917560874,Nearest barangay reference point
Igpit,IGP-POST-300,300,MI14@2,C4/CONCRETE/35FT,8.50183900196282,124.583949004177,Nearest barangay reference point
Igpit,IGP-POST-301,301,MI17@1B,OS/WOOD/30FT,8.49979003050375,124.584064495182,Nearest barangay reference point
Igpit,IGP-POST-302,302,MI17@1,C2/WOOD/35FT,8.49919367849117,124.584117783057,Nearest barangay reference point
Igpit,IGP-POST-303,303,MI17@1,AN25KVA/COMMON,8.49927474080807,124.584117783057,Nearest barangay reference point
Igpit,IGP-POST-304,304,MI12DA,OS/WOOD/30FT,8.50490189799632,124.584144454666,Nearest barangay reference point
Igpit,IGP-POST-305,305,MI15D,OS/STEEL/30FT,8.50150404689961,124.584149734363,Nearest barangay reference point
Igpit,IGP-POST-306,306,MI14@1,C14/C7-1/CONCRETE/35FT,8.50207797515576,124.584239153019,Nearest barangay reference point
Igpit,IGP-POST-307,307,MI14.1A,OS/WOOD/30FT,8.50186639822868,124.584302456751,Nearest barangay reference point
Igpit,IGP-POST-308,308,MI12D,OS/WOOD/30FT,8.50464374139892,124.584317290593,Nearest barangay reference point
Igpit,IGP-POST-309,309,MI13@1A,OS/WOOD/30FT,8.50297384896607,124.584435813732,Nearest barangay reference point
Igpit,IGP-POST-310,310,MI14,C1/CONCRETE/35FT,8.5023141556027,124.584443790494,Nearest barangay reference point
Igpit,IGP-POST-311,311,MI15DD,OS/STEEL/30FT,8.50118670875819,124.584454087025,Nearest barangay reference point
Igpit,IGP-POST-312,312,MI12C,OS/WOOD/30FT,8.50448045476813,124.584589698701,Nearest barangay reference point
Igpit,IGP-POST-313,313,MI15DA,OS/STEEL/30FT,8.50128661815693,124.584661789045,Nearest barangay reference point
Igpit,IGP-POST-314,314,MI15DC,OS/STEEL/30FT,8.50144201949357,124.584733707535,Nearest barangay reference point
Igpit,IGP-POST-315,315,MI17@2,C1/WOOD/35FT,8.49870330549546,124.584742324251,Nearest barangay reference point
Igpit,IGP-POST-316,316,MI13@1AA,OS/STEEL/30FT,8.5028620819915,124.584780640966,Nearest barangay reference point
Igpit,IGP-POST-317,317,MI13@2,C1/CONCRETE/35FT,8.50272820389819,124.584803405902,Nearest barangay reference point
Igpit,IGP-POST-318,318,MI13@2,CN10KVA/COMMON,8.50276062882495,124.584803405902,Nearest barangay reference point
Igpit,IGP-POST-319,319,MI12B,OS/WOOD/30FT,8.50431189770972,124.584846272006,Nearest barangay reference point
Igpit,IGP-POST-320,320,MI17@10,C1/WOOD/35FT,8.498652,124.584847,Nearest barangay reference point
Igpit,IGP-POST-321,321,MI17@10,AN25KVA/SPOTLOAD,8.49868156390381,124.584847,Nearest barangay reference point
Igpit,IGP-POST-322,322,MI14A,OS/WOOD/30FT,8.50205649466663,124.584884914159,Nearest barangay reference point
Igpit,IGP-POST-323,323,MI15DB,OS/STEEL/30FT,8.50122056881623,124.584936547127,Nearest barangay reference point
Igpit,IGP-POST-324,324,MI17@3AA,OS/STEEL/30FT,8.49770830455916,124.584980919211,Nearest barangay reference point
Igpit,IGP-POST-325,325,MI13@1,C2/STEEL/35FT,8.50305599685617,124.585046814413,Nearest barangay reference point
Igpit,IGP-POST-326,326,MI10A,OS/WOOD/30FT,8.50502050605204,124.585129075872,Nearest barangay reference point
Igpit,IGP-POST-327,327,MI17@3AB,OS/STEEL/30FT,8.49745176382483,124.585141134159,Nearest barangay reference point
Igpit,IGP-POST-328,328,MI14B,OS/STEEL/30FT,8.50186421470594,124.585169562576,Nearest barangay reference point
Igpit,IGP-POST-329,329,MI17@3B,OS/STEEL/30FT,8.49784962271098,124.58519395731,Nearest barangay reference point
Igpit,IGP-POST-330,330,MI17@3,C3/STEEL/35FT,8.49809346989201,124.585291836235,Nearest barangay reference point
Igpit,IGP-POST-331,331,MI13,C8/CONCRETE/35FT,8.50356913695453,124.585330877113,Nearest barangay reference point
Igpit,IGP-POST-332,332,MI10SA,OS/WOOD/30FT,8.50515352791053,124.585394109939,Nearest barangay reference point
Igpit,IGP-POST-333,333,MI17@3A,OS/STEEL/30FT,8.49869837448419,124.585478774782,Nearest barangay reference point
Igpit,IGP-POST-334,334,MI17@4,C1-1/WOOD/35FT,8.49777663395558,124.585511442098,Nearest barangay reference point
Igpit,IGP-POST-335,335,MI12,C1/STEEL/40FT,8.50404120574115,124.585513982582,Nearest barangay reference point
Igpit,IGP-POST-336,336,MI14C,OS/STEEL/30FT,8.50154568747569,124.585650211522,Nearest barangay reference point
Igpit,IGP-POST-337,337,MI11,C1/WOOD/35FT,8.50455912351224,124.5856923886,Nearest barangay reference point
Igpit,IGP-POST-338,338,MI10S,OS/WOOD/30FT,8.50494590923485,124.585750431787,Nearest barangay reference point
Igpit,IGP-POST-339,339,MI10,C8/WOOD/35FT,8.50488710737472,124.585825157947,Nearest barangay reference point
Igpit,IGP-POST-340,340,MI17@5A,OS/WOOD/30FT,8.49719457447486,124.585895857849,Nearest barangay reference point
Igpit,IGP-POST-341,341,MI17@5,C7/WOOD/35FT,8.49727598288445,124.585929112333,Nearest barangay reference point
Igpit,IGP-POST-342,342,MI17@5,CN100KVA/SPOTLOAD,8.49739137747673,124.585929112333,Nearest barangay reference point
Igpit,IGP-POST-343,343,MI12AA,OS/WOOD/30FT,8.5036457061117,124.585994675441,Nearest barangay reference point
Igpit,IGP-POST-344,344,MI17@3E,OS/STEEL/30FT,8.50084514331332,124.586024685012,Nearest barangay reference point
Igpit,IGP-POST-345,345,MI17@3AA,OS/STEEL/30FT,8.49897740500935,124.586112763833,Nearest barangay reference point
Igpit,IGP-POST-346,346,MI17@3C,OS/STEEL/30FT,8.49946673737207,124.586139933996,Nearest barangay reference point
Igpit,IGP-POST-347,347,MI9,C1/STEEL/35FT,8.50573124882084,124.586188261995,Nearest barangay reference point
Igpit,IGP-POST-348,348,MI17@6A,OS/WOOD/30FT,8.49625295339406,124.586197013745,Nearest barangay reference point
Igpit,IGP-POST-349,349,MI17@6,A2/WOOD/35FT,8.49658263186188,124.586298418986,Nearest barangay reference point
Igpit,IGP-POST-350,350,MI17@6,BN50KVA/SPOTLOAD,8.49669802645417,124.586298418986,Nearest barangay reference point
Igpit,IGP-POST-351,351,MI12A,OS/WOOD/30FT,8.50332635131008,124.58630983679,Nearest barangay reference point
Igpit,IGP-POST-352,352,MI9AA,2J6/STEEL/30FT,8.50555107463312,124.586317463221,Nearest barangay reference point
Igpit,IGP-POST-353,353,MI10D,OS/WOOD/30FT,8.50487331532204,124.58633272195,Nearest barangay reference point
Igpit,IGP-POST-354,354,MI17@6E,OS/WOOD/30FT,8.49699843444569,124.58639558671,Nearest barangay reference point
Igpit,IGP-POST-355,355,MI8@1,C1/CONCRETE/35FT,8.50644957790382,124.586463523697,Nearest barangay reference point
Igpit,IGP-POST-356,356,MI17@7,A1/WOOD/35FT,8.49604585478901,124.586482569399,Nearest barangay reference point
Igpit,IGP-POST-357,357,MI9AB,2J6/STEEL/30FT,8.50602508094114,124.586486634781,Nearest barangay reference point
Igpit,IGP-POST-358,358,MI17@3D,J6/J15/STEEL/30FT,8.49982296800401,124.586494155053,Nearest barangay reference point
Igpit,IGP-POST-359,359,MI9A,J5/J8/STEEL/30FT,8.50550665402158,124.58660504662,Nearest barangay reference point
Igpit,IGP-POST-360,360,MI10B,OS/WOOD/30FT,8.50415331471421,124.586606725771,Nearest barangay reference point
Igpit,IGP-POST-361,361,MI8,C1/CONCRETE/35FT,8.50679281682964,124.586610709918,Nearest barangay reference point
Igpit,IGP-POST-362,362,MI7,C3/WOOD/30FT,8.50704863250757,124.586747083484,Nearest barangay reference point
Igpit,IGP-POST-363,363,MI17@8,AN10KVA/COMMON,8.49526056919234,124.586787668811,Nearest barangay reference point
Igpit,IGP-POST-364,364,MI17@8,A5/STEEL/35FT,8.49515661869185,124.586795298205,Nearest barangay reference point
Igpit,IGP-POST-365,365,MI9E,OS,8.50541696518919,124.586818201898,Nearest barangay reference point
Igpit,IGP-POST-366,366,MI6,C1/WOOD/35FT,8.50729959149889,124.58682645974,Nearest barangay reference point
Igpit,IGP-POST-367,367,MI5,C8/CONCRETE/35FT,8.50735683016667,124.586847912582,Nearest barangay reference point
Igpit,IGP-POST-368,368,MI5@1,A5/WOOD/35FT,8.507405,124.586891,Nearest barangay reference point
Igpit,IGP-POST-369,369,MI5@1,CN15KVA/SPOTLOAD,8.50742407348633,124.586891,Nearest barangay reference point
Igpit,IGP-POST-370,370,MI9B,OS,8.50532108324684,124.586946944563,Nearest barangay reference point
Igpit,IGP-POST-371,371,MI10C,OS/WOOD/30FT,8.50406899476952,124.586951219147,Nearest barangay reference point
Igpit,IGP-POST-372,372,MI4,C8/CONCRETE/35FT,8.50773246483731,124.587013066018,Nearest barangay reference point
Igpit,IGP-POST-373,373,MI4,ABCN37.5KVA/SPOTLOAD,8.50777824120449,124.587013066018,Nearest barangay reference point
Igpit,IGP-POST-374,374,MI9D,OS,8.50563850590881,124.58704577171,Nearest barangay reference point
Igpit,IGP-POST-375,375,MI17@8A,07-may-13 10:26:10am,8.49516598507763,124.587097568438,Nearest barangay reference point
Igpit,IGP-POST-376,376,MI17@8F,OS/STEEL/30FT,8.49364274181426,124.587141070515,Nearest barangay reference point
Igpit,IGP-POST-377,377,MI9C,OS,8.50513567049562,124.587238969927,Nearest barangay reference point
Igpit,IGP-POST-378,378,MG5C,OS/WOOD/30FT,8.50297146144453,124.587259089805,Nearest barangay reference point
Igpit,IGP-POST-379,379,MI6AA,OS/WOOD/30FT,8.50653762640214,124.587319692137,Nearest barangay reference point
Igpit,IGP-POST-380,380,MI6A,OS/WOOD/30FT,8.50679008844656,124.587361594721,Nearest barangay reference point
Igpit,IGP-POST-381,381,MI6AB,OS/WOOD/30FT,8.50620730050877,124.587559994902,Nearest barangay reference point
Igpit,IGP-POST-382,382,MI17@8B,OS/STEEL/30FT,8.49524611607195,124.587624790147,Nearest barangay reference point
Igpit,IGP-POST-383,383,MI17@8E,OS/STEEL/30FT,8.49406586028636,124.587666699663,Nearest barangay reference point
Igpit,IGP-POST-384,384,MI3@2,A5/STEEL/35FT,8.50817193579538,124.587749931519,Nearest barangay reference point
Igpit,IGP-POST-385,385,MG5B,OS/WOOD/30FT,8.50215523204897,124.58777340164,Nearest barangay reference point
Igpit,IGP-POST-386,386,MG3@8A,OS/WOOD/30FT,8.50584067511132,124.587841374022,Nearest barangay reference point
Igpit,IGP-POST-387,387,MG5A,OS/WOOD/30FT,8.5026522807851,124.587976827128,Nearest barangay reference point
Igpit,IGP-POST-388,388,MI6B,OS/WOOD/30FT,8.50678933336915,124.58800734383,Nearest barangay reference point
Igpit,IGP-POST-389,389,MG3@8B,OS/WOOD/30FT,8.50533076944036,124.588021290455,Nearest barangay reference point
Igpit,IGP-POST-390,390,MI17@8C,OS/STEEL/30FT,8.49500295706094,124.588047238067,Nearest barangay reference point
Igpit,IGP-POST-391,391,MI17@8D,OS/STEEL/30FT,8.49440591409803,124.588058469817,Nearest barangay reference point
Igpit,IGP-POST-392,392,M31@1D,OS/STEEL/30FT,8.50799197506407,124.588130382868,Nearest barangay reference point
Igpit,IGP-POST-393,393,MG9F,OS/STEEL/30FT,8.49691134492485,124.588227115827,Nearest barangay reference point
Igpit,IGP-POST-394,394,MI17@8CB,OS/STEEL/30FT,8.49532138556243,124.588240440935,Nearest barangay reference point
Igpit,IGP-POST-395,395,MG3@8,A5/STEEL/35FT,8.50574999746501,124.588301001303,Nearest barangay reference point
Igpit,IGP-POST-396,396,MG3@8,AN15KVA/COMMON,8.50580054220378,124.588301001303,Nearest barangay reference point
Igpit,IGP-POST-397,397,MG9B,OS/STEEL/30FT,8.4986842847828,124.588343202752,Nearest barangay reference point
Igpit,IGP-POST-398,398,MI17@8CA,OS/STEEL/30FT,8.49504176527262,124.58837765269,Nearest barangay reference point
Igpit,IGP-POST-399,399,MI6C,OS/WOOD/30FT,8.50733776568947,124.588388215655,Nearest barangay reference point
Igpit,IGP-POST-400,400,MI6E,OS/WOOD/30FT,8.50637853797715,124.588394917161,Nearest barangay reference point
Igpit,IGP-POST-401,401,MG3@4,A5/STEEL/35FT,8.50392200191439,124.588432998571,Nearest barangay reference point
Igpit,IGP-POST-402,402,MG3@4,AN15KVA/SPOTLOAD,8.503981129722,124.588432998571,Nearest barangay reference point
Igpit,IGP-POST-403,403,MG9E,OS,8.4977641242018,124.588463654467,Nearest barangay reference point
Igpit,IGP-POST-404,404,M31@1C,OS/STEEL/30FT,8.5077649868623,124.588508578222,Nearest barangay reference point
Igpit,IGP-POST-405,405,MG9@4,A5/STEEL/35FT,8.49825253285775,124.58852425605,Nearest barangay reference point
Igpit,IGP-POST-406,406,MG9@4,CN15KVA/COMMON,8.49837841786751,124.58852425605,Nearest barangay reference point
Igpit,IGP-POST-407,407,M30F,OS,8.50830872122954,124.588647050949,Nearest barangay reference point
Igpit,IGP-POST-408,408,MG3@3,A4/A5-1/STEEL/35FT,8.50445399924629,124.588677996081,Nearest barangay reference point
Igpit,IGP-POST-409,409,MG9G,OS/STEEL/30FT,8.49736095739692,124.588723660857,Nearest barangay reference point
Igpit,IGP-POST-410,410,MG6,C4/WOOD/35FT,8.50215127584909,124.588742796483,Nearest barangay reference point
Igpit,IGP-POST-411,411,MG3@7,A4/STEEL/35FT,8.50560400103599,124.588744996121,Nearest barangay reference point
Igpit,IGP-POST-412,412,MG3@5,A14/STEEL/35FT,8.50484,124.588772,Nearest barangay reference point
Igpit,IGP-POST-413,413,MG3@6,A2/STEEL/35FT,8.50521000056719,124.588794998354,Nearest barangay reference point
Igpit,IGP-POST-414,414,MG5,C1-1/WOOD/35FT,8.50285613131818,124.588821058266,Nearest barangay reference point
Igpit,IGP-POST-415,415,MI6D,OS/WOOD/30FT,8.5071246107949,124.588824160541,Nearest barangay reference point
Igpit,IGP-POST-416,416,MG9AA,OS/STEEL/30FT,8.49978156378618,124.588831109921,Nearest barangay reference point
Igpit,IGP-POST-417,417,M30E,OS/WOOD/30FT,8.50838491882037,124.588861535707,Nearest barangay reference point
Igpit,IGP-POST-418,418,M31@1B,OS/STEEL/30FT,8.50754010616409,124.58891308529,Nearest barangay reference point
Igpit,IGP-POST-419,419,10054015,SLB,8.50368048881254,124.588926920506,Nearest barangay reference point
Igpit,IGP-POST-420,420,MG4,C2/CONCRETE/35FT,8.50365433990521,124.58892717103,Nearest barangay reference point
Igpit,IGP-POST-421,421,MG9D,OS/STEEL/30FT,8.49810092492793,124.588940910502,Nearest barangay reference point
Igpit,IGP-POST-422,422,M30,C14/STEEL/40FT,8.50855771134122,124.588985382608,Nearest barangay reference point
Igpit,IGP-POST-423,423,M30,CN25KVA/COMMON,8.50858632157071,124.588985382608,Nearest barangay reference point
Igpit,IGP-POST-424,424,MG3@2,A1/STEEL/35FT,8.50431724292684,124.589001266547,Nearest barangay reference point
Igpit,IGP-POST-425,425,MG9@3,A2/CONCRETE/35FT,8.49940278367986,124.589009147697,Nearest barangay reference point
Igpit,IGP-POST-426,426,MG9@3,BN25KVA/SPOTLOAD,8.49952866868963,124.589009147697,Nearest barangay reference point
Igpit,IGP-POST-427,427,MG7B,OS/STEEL/30FT,8.50149598692882,124.589147845605,Nearest barangay reference point
Igpit,IGP-POST-428,428,M31@1A,OS/STEEL/30FT,8.50776591106962,124.589165470944,Nearest barangay reference point
Igpit,IGP-POST-429,429,MG9A,OS/WOOD/30FT,8.5002922741347,124.589176360392,Nearest barangay reference point
Igpit,IGP-POST-430,430,MG5B,OS/WOOD/30FT,8.50249051398205,124.58921918162,Nearest barangay reference point
Igpit,IGP-POST-431,431,MG7A,OS/WOOD/30FT,8.50179925536144,124.589231768945,Nearest barangay reference point
Igpit,IGP-POST-432,432,MG9@2,A1/CONCRETE/35FT,8.50000711729925,124.589271578619,Nearest barangay reference point
Igpit,IGP-POST-433,433,10058193,SLB,8.50420310233793,124.589323649022,Nearest barangay reference point
Igpit,IGP-POST-434,434,MG3@1,C1/A5-1/CONCRETE/35FT,8.50417980329323,124.589328408559,Nearest barangay reference point
Igpit,IGP-POST-435,435,MG3@1,AN25KVA/COMMON,8.50423988477517,124.589328408559,Nearest barangay reference point
Igpit,IGP-POST-436,436,M31@1,A5/STEEL/35FT,8.50793200338659,124.589338000676,Nearest barangay reference point
Igpit,IGP-POST-437,437,M31@1,BN37.5KVA/SPOTLOAD,8.50795489157019,124.589338000676,Nearest barangay reference point
Igpit,IGP-POST-438,438,M31@1BA,OS/STEEL/30FT,8.50741219439681,124.589345593978,Nearest barangay reference point
Igpit,IGP-POST-439,439,MG9@1,A2/CONCRETE/35FT,8.50030421624428,124.589409467386,Nearest barangay reference point
Igpit,IGP-POST-440,440,MG4AA,OS/WOOD/30FT,8.50343490408686,124.589411060158,Nearest barangay reference point
Igpit,IGP-POST-441,441,MG9,B7/CONCRETE/35FT,8.500529,124.589436,Nearest barangay reference point
Igpit,IGP-POST-442,442,MG9,ABCN,8.50058097843415,124.589437207039,Nearest barangay reference point
Igpit,IGP-POST-443,443,M30A,OS/WOOD/30FT,8.50869345154277,124.589438462095,Nearest barangay reference point
Igpit,IGP-POST-444,444,M31,C14/A5-1/STEEL/40FT,8.50814678615241,124.589490940107,Nearest barangay reference point
Igpit,IGP-POST-445,445,M31,AN25KVA/COMMON,8.50810414132293,124.589507998578,Nearest barangay reference point
Igpit,IGP-POST-446,446,MG8@1,C14/STEEL/35FT,8.501195,124.589536,Nearest barangay reference point
Igpit,IGP-POST-447,447,MG8@1,BN25KVA/SPOTLOAD,8.50124257507844,124.589538441804,Nearest barangay reference point
Igpit,IGP-POST-448,448,MG4A,OS/WOOD/30FT,8.50366565689939,124.589576688039,Nearest barangay reference point
Igpit,IGP-POST-449,449,MG8,C14/WOOD/35FT,8.5014072699585,124.589586,Nearest barangay reference point
Igpit,IGP-POST-450,450,MG8,C14/WOOD/35FT,8.501454,124.589586,Nearest barangay reference point
Igpit,IGP-POST-451,451,MG8,AN25KVA/COMMON,8.50149500799561,124.589586,Nearest barangay reference point
Igpit,IGP-POST-452,452,MG7,C4-1/WOOD/35FT,8.501684,124.589652,Nearest barangay reference point
Igpit,IGP-POST-453,453,M32A,OS/WOOD/30FT,8.5076624112807,124.589662985244,Nearest barangay reference point
Igpit,IGP-POST-454,454,MG3,C1/WOOD/35FT,8.50472953057537,124.589773783297,Nearest barangay reference point
Igpit,IGP-POST-455,455,10058196,SLB,8.50475146506986,124.589773783299,Nearest barangay reference point
Igpit,IGP-POST-456,456,M31A,OS/WOOD/30FT,8.50828387490771,124.589777483991,Nearest barangay reference point
Igpit,IGP-POST-457,457,M30B,OS/WOOD/30FT,8.50891029375589,124.589790758315,Nearest barangay reference point
Igpit,IGP-POST-458,458,MG8A,OS/WOOD/30FT,8.50139441198736,124.58987549843,Nearest barangay reference point
Igpit,IGP-POST-459,459,MG4CA,OS/WOOD/30FT,8.50278354962848,124.58988134295,Nearest barangay reference point
Igpit,IGP-POST-460,460,MG4CA,OS/WOOD/30FT,8.50265861829303,124.589934748712,Nearest barangay reference point
Igpit,IGP-POST-461,461,M32,AN15KVA/SPOTLOAD,8.50760810246703,124.589937942704,Nearest barangay reference point
Igpit,IGP-POST-462,462,M32,AN25KVA/COMMON,8.50772445073363,124.589945572098,Nearest barangay reference point
Igpit,IGP-POST-463,463,M32,C15/STEEL/45FT,8.50768547760056,124.589952632803,Nearest barangay reference point
Igpit,IGP-POST-464,464,MG8B,OS/WOOD/30FT,8.50174586390047,124.589968617349,Nearest barangay reference point
Igpit,IGP-POST-465,465,M30D,OS/WOOD/30FT,8.50845448498079,124.589977253768,Nearest barangay reference point
Igpit,IGP-POST-466,466,M32B,OS/WOOD/30FT,8.50725555419922,124.589988708496,Nearest barangay reference point
Igpit,IGP-POST-467,467,MG4C,OS/WOOD/30FT,8.50293332601954,124.59004665462,Nearest barangay reference point
Igpit,IGP-POST-468,468,MG4B,OS/STEEL/30FT,8.50337664840334,124.59007900905,Nearest barangay reference point
Igpit,IGP-POST-469,469,MG2,C1/WOOD/35FT,8.50525786613935,124.590162882419,Nearest barangay reference point
Igpit,IGP-POST-470,470,10058198,SLB,8.50528170798978,124.59016288242,Nearest barangay reference point
Igpit,IGP-POST-471,471,M30C,OS/WOOD/30FT,8.50879999011559,124.590177917913,Nearest barangay reference point
Igpit,IGP-POST-472,472,M33C,OS/STEEL/30FT,8.50597800402187,124.590240999229,Nearest barangay reference point
Igpit,IGP-POST-473,473,M32@1,C15/STEEL/45FT,8.50741160487413,124.590294174915,Nearest barangay reference point
Igpit,IGP-POST-474,474,M33@1,ABCN15KVA/SPOTLOAD,8.5071058485225,124.590295014743,Nearest barangay reference point
Igpit,IGP-POST-475,475,M33@1,C7/CONCRETE/35FT,8.50714113447221,124.590295014743,Nearest barangay reference point
Igpit,IGP-POST-476,476,MG4CB,OS/WOOD/30FT,8.502662175359,124.590325443827,Nearest barangay reference point
Igpit,IGP-POST-477,477,M33D,OS/STEEL/30FT,8.50567596737049,124.590408754364,Nearest barangay reference point
Igpit,IGP-POST-478,478,M35@4B,OS/STEEL/30FT,8.50465539161822,124.590419649017,Nearest barangay reference point
Igpit,IGP-POST-479,479,M33B,OS/STEEL/30FT,8.50638199814503,124.590531004191,Nearest barangay reference point
Igpit,IGP-POST-480,480,MG1,C1-1/WOOD/35FT,8.50579955601961,124.590551979982,Nearest barangay reference point
Igpit,IGP-POST-481,481,10058199,SLB,8.50582244132718,124.590551981541,Nearest barangay reference point
Igpit,IGP-POST-482,482,M33@2,C7/WOOD/35FT,8.50690838578727,124.590558362965,Nearest barangay reference point
Igpit,IGP-POST-483,483,M33@2,ABCN25KVA/SPOTLOAD,8.50696465257193,124.590558362965,Nearest barangay reference point
Igpit,IGP-POST-484,484,M35@4F,OS/STEEL/30FT,8.50364637690999,124.590581844445,Nearest barangay reference point
Igpit,IGP-POST-485,485,MG8C,OS/WOOD/30FT,8.50163648062021,124.59059768781,Nearest barangay reference point
Igpit,IGP-POST-486,486,M33,C14/C7-1/C7-1/STEEL/45FT,8.50705600051919,124.590605002461,Nearest barangay reference point
Igpit,IGP-POST-487,487,M33A,OS/WOOD/30FT,8.50675700063346,124.590605003954,Nearest barangay reference point
Igpit,IGP-POST-488,488,M33,AN15KVA/COMMON,8.50709032978552,124.590607669066,Nearest barangay reference point
Igpit,IGP-POST-489,489,M35@4E,OS/WOOD/30FT,8.50382340488352,124.590702455997,Nearest barangay reference point
Igpit,IGP-POST-490,490,M35@4D,OS/STEEL/30FT,8.50422003217505,124.590728696939,Nearest barangay reference point
Igpit,IGP-POST-491,491,M35@4G,OS/STEEL/30FT,8.50349877415592,124.590765821382,Nearest barangay reference point
Igpit,IGP-POST-492,492,M35@4A,OS/STEEL/30FT,8.50499725341797,124.590774536133,Nearest barangay reference point
Igpit,IGP-POST-493,493,MG1A,OS/STEEL/30FT,8.50574302309812,124.590780157383,Nearest barangay reference point
Igpit,IGP-POST-494,494,M33@3,C7/STEEL/40FT,8.50737834155012,124.590783145379,Nearest barangay reference point
Igpit,IGP-POST-495,495,M33@3,ABCN50KVA/SPOTLOAD,8.50741744219709,124.590783145379,Nearest barangay reference point
Igpit,IGP-POST-496,496,M35@4C,OS/CONCRETE/30FT,8.50448347512283,124.590882244676,Nearest barangay reference point
Igpit,IGP-POST-497,497,M34B,OS/STEEL/30FT,8.50611425952195,124.590901698427,Nearest barangay reference point
Igpit,IGP-POST-498,498,MG8D,OS/WOOD/30FT,8.50110824916238,124.590949302048,Nearest barangay reference point
Igpit,IGP-POST-499,499,M35@3A,OS/STEEL/30FT,8.50524425506592,124.591003417969,Nearest barangay reference point
Igpit,IGP-POST-500,500,M35@4,AN37.5KVA/COMMON,8.5047044258402,124.591039379897,Nearest barangay reference point
Igpit,IGP-POST-501,501,M35@4,AN50KVA/COMMON,8.50477309039098,124.591039379897,Nearest barangay reference point
Igpit,IGP-POST-502,502,M35@4,A5/CONCRETE/35FT,8.504739,124.591044,Nearest barangay reference point
Igpit,IGP-POST-503,503,M34A,OS/STEEL/30FT,8.5063264055212,124.591073527858,Nearest barangay reference point
Igpit,IGP-POST-504,504,M34,C14/C7-1/STEEL/45FT,8.50662900065097,124.591082996578,Nearest barangay reference point
Igpit,IGP-POST-505,505,M35@3,A1/CONCRETE/35FT,8.505045,124.59117,Nearest barangay reference point
Igpit,IGP-POST-506,506,M35@4H,OS/STEEL/30FT,8.50354772281583,124.591344094595,Nearest barangay reference point
Igpit,IGP-POST-507,507,M35@2,A14/CONCRETE/35FT,8.505415,124.591389,Nearest barangay reference point
Igpit,IGP-POST-508,508,M34C,OS/WOOD/30FT,8.50632238173118,124.591413747959,Nearest barangay reference point
Igpit,IGP-POST-509,509,M35@6,A5/CONCRETE/35FT,8.5059957353015,124.59141726787,Nearest barangay reference point
Igpit,IGP-POST-510,510,M35@4J,OS/STEEL/30FT,8.50464164244054,124.591427073795,Nearest barangay reference point
Igpit,IGP-POST-511,511,M35@1A,OS/STEEL/30FT,8.50563137337783,124.591471976365,Nearest barangay reference point
Igpit,IGP-POST-512,512,M35@1,A14/CONCRETE/35FT,8.505812,124.591634,Nearest barangay reference point
Igpit,IGP-POST-513,513,M35,C14/A5-1/A5-1/STEEL/45FT,8.50606547331785,124.591647764834,Nearest barangay reference point
Igpit,IGP-POST-514,514,M35@4I,OS/STEEL/30FT,8.50362550136852,124.591684649826,Nearest barangay reference point
Igpit,IGP-POST-515,515,M35@5A,OS/STEEL/30FT,8.50562031348424,124.591863520018,Nearest barangay reference point
Igpit,IGP-POST-516,516,M36B,OS/WOOD/30FT,8.50515281943019,124.591907257327,Nearest barangay reference point
Igpit,IGP-POST-517,517,M35@5,C15/STEEL/40FT,8.50576163141934,124.591962000123,Nearest barangay reference point
Igpit,IGP-POST-518,518,M35@5,300KVAR CAPACITOR,8.50581217615811,124.591962000123,Nearest barangay reference point
Igpit,IGP-POST-519,519,M35B,OS/WOOD/30FT,8.50672099527494,124.592077002735,Nearest barangay reference point
Igpit,IGP-POST-520,520,M35A,OS/STEEL/30FT,8.50651500409616,124.592146996812,Nearest barangay reference point
Igpit,IGP-POST-521,521,M35@7,C14/STEEL/40FT,8.50558999969377,124.592149997752,Nearest barangay reference point
Igpit,IGP-POST-522,522,M38@11,C7/STEEL/35FT,8.50352902801831,124.592169789166,Nearest barangay reference point
Igpit,IGP-POST-523,523,M38@11,ABCN75KVA/SPOTLOAD,8.5035986462434,124.592169789166,Nearest barangay reference point
Igpit,IGP-POST-524,524,M36D,OS/WOOD/30FT,8.50484089910646,124.592176740823,Nearest barangay reference point
Igpit,IGP-POST-525,525,M36A,OS/WOOD/30FT,8.50522685326711,124.592194928568,Nearest barangay reference point
Igpit,IGP-POST-526,526,M36,C14/STEEL/40FT,8.50541695558083,124.592345001058,Nearest barangay reference point
Igpit,IGP-POST-527,527,M38@18,C2/STEEL/35FT,8.50368702185397,124.592453945756,Nearest barangay reference point
Igpit,IGP-POST-528,528,M36C,OS/WOOD/30FT,8.5049524307251,124.592460632324,Nearest barangay reference point
Igpit,IGP-POST-529,529,M36@2,C8/STEEL/35FT,8.5054922409081,124.592509394353,Nearest barangay reference point
Igpit,IGP-POST-530,530,M36@5,C7/CONCRETE/35FT,8.50626904774469,124.59253517895,Nearest barangay reference point
Igpit,IGP-POST-531,531,M36@1,C14/C7-1/STEEL/45FT,8.50517699920819,124.592607001665,Nearest barangay reference point
Igpit,IGP-POST-532,532,M36@3,C8/STEEL/35FT,8.50611258555396,124.592622047132,Nearest barangay reference point
Igpit,IGP-POST-533,533,M36@4,2C7/CONCRETE/35FT,8.50616414357097,124.592664878657,Nearest barangay reference point
Igpit,IGP-POST-534,534,M37,C14/STEEL/40FT,8.50509600189509,124.592692997515,Nearest barangay reference point
Igpit,IGP-POST-535,535,M38@7,C14/A5-1/STEEL/35FT,8.5040772898718,124.592849651753,Nearest barangay reference point
Igpit,IGP-POST-536,536,M38,C1/CONCRETE/35FT,8.50481599903079,124.592977998072,Nearest barangay reference point
Igpit,IGP-POST-537,537,M38@1,C8/STEEL/35FT,8.50521299927812,124.593019002407,Nearest barangay reference point
Igpit,IGP-POST-538,538,M38@12,A5/STEEL/35FT,8.50360775198804,124.593063360357,Nearest barangay reference point
Igpit,IGP-POST-539,539,M38@6,C14/STEEL/35FT,8.50429731131655,124.593076299839,Nearest barangay reference point
Igpit,IGP-POST-540,540,M38@6,BN50KVA/SPOTLOAD,8.50433205540131,124.593077292485,Nearest barangay reference point
Igpit,IGP-POST-541,541,M38@5,C8/C7-1/STEEL/45FT,8.50453300246306,124.593271995798,Nearest barangay reference point
Igpit,IGP-POST-542,542,M39@1,C7/CONCRETE/35FT,8.50416622549406,124.593377709565,Nearest barangay reference point
Igpit,IGP-POST-543,543,M39@1,ABCN75KVA/SPOTLOAD,8.50423012167326,124.593377709565,Nearest barangay reference point
Igpit,IGP-POST-544,544,M39,BN15KVA/SPOTLOAD,8.50419329253041,124.593615717868,Nearest barangay reference point
Igpit,IGP-POST-545,545,M39,AN25KVA/COMMON,8.50428389159047,124.593615717868,Nearest barangay reference point
Igpit,IGP-POST-546,546,M39@2,A5/CONCRETE/35FT,8.50399271980438,124.593620451784,Nearest barangay reference point
Igpit,IGP-POST-547,547,M39,C14/C7-1/STEEL/45FT,8.50423200397815,124.593620995628,Nearest barangay reference point
Igpit,IGP-POST-548,548,M39@2,BN15KVA/SPOTLOAD,8.50403402891957,124.593623347262,Nearest barangay reference point
Igpit,IGP-POST-549,549,M40@1,C7/WOOD/35FT,8.50373027185012,124.593842653706,Nearest barangay reference point
Igpit,IGP-POST-550,550,049,Quinasanghan,8.50352214537017,124.593947475617,Nearest barangay reference point
Igpit,IGP-POST-551,551,M40,C4-1/WOOD/40FT,8.50350099204579,124.594457260947,Nearest barangay reference point
Igpit,IGP-POST-552,552,M40@2,ABCN10KVA/SPOTLOAD,8.50327166185718,124.594475739032,Nearest barangay reference point
Igpit,IGP-POST-553,553,M40@2,C7/CONCRETE/35FT,8.5033307896648,124.594475739032,Nearest barangay reference point
Limonda,LIM-POST-001,1,EDA2@9,A5/STEEL/35FT,8.32401950683791,124.403761961722,Nearest barangay reference point
Limonda,LIM-POST-002,2,EDA2@8,A2/STEEL/35FT,8.32437213469168,124.404346681574,Nearest barangay reference point
Limonda,LIM-POST-003,3,EDA2@7,A1/STEEL/35FT,8.32488000166401,124.404588000222,Nearest barangay reference point
Limonda,LIM-POST-004,4,EDA2@6,A2/STEEL/35FT,8.32563386358115,124.404940372669,Nearest barangay reference point
Limonda,LIM-POST-005,5,EDA2@5,A2/STEEL/35FT,8.32567192112502,124.405452593173,Nearest barangay reference point
Limonda,LIM-POST-006,6,EDA2@4,A2/STEEL/35FT,8.32611867313538,124.405814776438,Nearest barangay reference point
Limonda,LIM-POST-007,7,EDA2@3,A4/STEEL/35FT,8.32625295174457,124.406411813852,Nearest barangay reference point
Limonda,LIM-POST-008,8,EDA2@2,A2/STEEL/35FT,8.32702366897856,124.406536626216,Nearest barangay reference point
Limonda,LIM-POST-009,9,EDA2@1,A2/STEEL/35FT,8.32734712004044,124.407095690555,Nearest barangay reference point
Limonda,LIM-POST-010,10,EDA2,A1/A5-1/STEEL/35FT,8.32803024910391,124.407349582762,Nearest barangay reference point
Limonda,LIM-POST-011,11,EDA3,A4/STEEL/35FT,8.32429544068874,124.410799490288,Nearest barangay reference point
Limonda,LIM-POST-012,12,EDA4,A4/STEEL/35FT,8.32517587579787,124.411732731387,Nearest barangay reference point
Limonda,LIM-POST-013,13,EDA5,WAYPOINT  1266,8.32511602900923,124.412174290046,Nearest barangay reference point
Limonda,LIM-POST-014,14,EDA6,A1/STEEL/35FT,8.32465351559222,124.412299683318,Nearest barangay reference point
Limonda,LIM-POST-015,15,EDA7,A2/STEEL/35FT,8.32409486174584,124.412512080744,Nearest barangay reference point
Limonda,LIM-POST-016,16,EDA8,A4/STEEL/35FT,8.32391230389477,124.413002757356,Nearest barangay reference point
Limonda,LIM-POST-017,17,EDA9,A2/STEEL/35FT,8.323094,124.41322,Nearest barangay reference point
Limonda,LIM-POST-018,18,EDA10,A3/STEEL/35FT,8.322052,124.413734,Nearest barangay reference point
Limonda,LIM-POST-019,19,LIMONDA,LIMONDA,8.33769191873754,124.414116681957,Nearest barangay reference point
Limonda,LIM-POST-020,20,EDA11,A2/STEEL/35FT,8.321664,124.414412,Nearest barangay reference point
Limonda,LIM-POST-021,21,EDA12,A2/STEEL/35FT,8.321265,124.416406,Nearest barangay reference point
Limonda,LIM-POST-022,22,EDA13,A1/STEEL/35FT,8.321496,124.417571,Nearest barangay reference point
Limonda,LIM-POST-023,23,EDA16,A3/STEEL/35FT,8.323447,124.418299,Nearest barangay reference point
Limonda,LIM-POST-024,24,EDA14,A4/STEEL/35FT,8.321614,124.418301,Nearest barangay reference point
Limonda,LIM-POST-025,25,EDA17,A3/STEEL/35FT,8.324169,124.418478,Nearest barangay reference point
Limonda,LIM-POST-026,26,EDA15,A3/STEEL/35FT,8.322891,124.418632,Nearest barangay reference point
Limonda,LIM-POST-027,27,EDA18,A4/STEEL/35FT,8.324785,124.419523,Nearest barangay reference point
Limonda,LIM-POST-028,28,EDA19,A1-1/STEEL/35FT,8.325329,124.419609,Nearest barangay reference point
Limonda,LIM-POST-029,29,EDA20,A4/STEEL/35FT,8.326124,124.419697,Nearest barangay reference point
Limonda,LIM-POST-030,30,EDA21,A2/STEEL/35FT,8.327758,124.421282,Nearest barangay reference point
Limonda,LIM-POST-031,31,EDA22,A2/STEEL/35FT,8.327807,124.422085,Nearest barangay reference point
Limonda,LIM-POST-032,32,EDA23,A4/STEEL/35FT,8.328073,124.422716,Nearest barangay reference point
Limonda,LIM-POST-033,33,EDA24,A1/STEEL/35FT,8.328023,124.424003,Nearest barangay reference point
Limonda,LIM-POST-034,34,EDA25,A2/STEEL/35FT,8.327961,124.425264,Nearest barangay reference point
Limonda,LIM-POST-035,35,EDA26@2,,8.325568,124.426411,Nearest barangay reference point
Limonda,LIM-POST-036,36,EDA43,A5/STEEL/35FT,8.341203,124.42648,Nearest barangay reference point
Limonda,LIM-POST-037,37,EDA42,A1/STEEL/35FT,8.340721,124.426596,Nearest barangay reference point
Limonda,LIM-POST-038,38,EDA26,A2/A5-1/WOOD/35FT,8.327113,124.42662,Nearest barangay reference point
Limonda,LIM-POST-039,39,EDA26@1,A4/STEEL/35FT,8.325939,124.426712,Nearest barangay reference point
Limonda,LIM-POST-040,40,EDA41,A4/STEEL/35FT,8.339934,124.426803,Nearest barangay reference point
Limonda,LIM-POST-041,41,FBG8E,2J6/STEEL/30FT,8.30484600146601,124.426856997292,Nearest barangay reference point
Limonda,LIM-POST-042,42,EDA27,A4/STEEL/35FT,8.326646,124.427008,Nearest barangay reference point
Limonda,LIM-POST-043,43,EDA40,A4/STEEL/35FT,8.339437,124.427819,Nearest barangay reference point
Luyongbonbon,LBN-POST-001,1,LM6A,OS/STEEL/30FT,8.52665838670157,124.56697362069,Nearest barangay reference point
Luyongbonbon,LBN-POST-002,2,LM6,A3/WOOD/35FT,8.52690483680346,124.567194888201,Nearest barangay reference point
Luyongbonbon,LBN-POST-003,3,LM5@2,A2/WOOD/35FT,8.52662244405039,124.567531258288,Nearest barangay reference point
Luyongbonbon,LBN-POST-004,4,LM5A,OS/WOOD/30FT,8.52698595267428,124.567777533659,Nearest barangay reference point
Luyongbonbon,LBN-POST-005,5,LM5@1,A4/WOOD/35FT,8.52654499564312,124.56783199764,Nearest barangay reference point
Luyongbonbon,LBN-POST-006,6,LM5,A4/STEEL/35FT,8.52680505862793,124.567874407229,Nearest barangay reference point
Luyongbonbon,LBN-POST-007,7,LM5,AN37.5KVA/COMMON,8.52687276950439,124.567874407229,Nearest barangay reference point
Luyongbonbon,LBN-POST-008,8,LM5BA,OS/WOOD/30FT,8.52737327853736,124.567920693543,Nearest barangay reference point
Luyongbonbon,LBN-POST-009,9,LM5B,OS/WOOD/30FT,8.52725257670702,124.568115237143,Nearest barangay reference point
Luyongbonbon,LBN-POST-010,10,LM5D,OS/WOOD/30FT,8.52759816228013,124.568169383836,Nearest barangay reference point
Luyongbonbon,LBN-POST-011,11,LM4AA,OS/WOOD/30FT,8.52640485419072,124.568301620182,Nearest barangay reference point
Luyongbonbon,LBN-POST-012,12,LM5DA,OS/WOOD/30FT,8.52772523844503,124.568355300671,Nearest barangay reference point
Luyongbonbon,LBN-POST-013,13,LM5C,OS/WOOD/30FT,8.52749389445243,124.568391843747,Nearest barangay reference point
Luyongbonbon,LBN-POST-014,14,LM1DA,OS/WOOD/30FT,8.52596579278066,124.568547075241,Nearest barangay reference point
Luyongbonbon,LBN-POST-015,15,LM4,A4/WOOD/35FT,8.5266848956641,124.568568682132,Nearest barangay reference point
Luyongbonbon,LBN-POST-016,16,LM3B,OS/WOOD/30FT,8.52730698259901,124.568641034514,Nearest barangay reference point
Luyongbonbon,LBN-POST-017,17,LM4A,OS/WOOD/30FT,8.52634515765079,124.568747063859,Nearest barangay reference point
Luyongbonbon,LBN-POST-018,18,LM4B,OS/WOOD/30FT,8.52652092809668,124.568961309591,Nearest barangay reference point
Luyongbonbon,LBN-POST-019,19,LM3,A4/WOOD/35FT,8.52709208851424,124.569019628523,Nearest barangay reference point
Luyongbonbon,LBN-POST-020,20,LM3A,OS/WOOD/30FT,8.5277019326807,124.569052001171,Nearest barangay reference point
Luyongbonbon,LBN-POST-021,21,LM1D,OS/WOOD/30FT,8.52583428227588,124.569082430846,Nearest barangay reference point
Luyongbonbon,LBN-POST-022,22,LM4C,OS/WOOD/30FT,8.52647273021506,124.569257444452,Nearest barangay reference point
Luyongbonbon,LBN-POST-023,23,LM4D,OS/WOOD/30FT,8.52678646408992,124.569261467763,Nearest barangay reference point
Luyongbonbon,LBN-POST-024,24,LM1,LUYONG BONBON,8.52791945526023,124.569381694624,Nearest barangay reference point
Luyongbonbon,LBN-POST-025,25,LM2,A6/WOOD/35FT,8.52712502939248,124.569415421992,Nearest barangay reference point
Luyongbonbon,LBN-POST-026,26,LM1C,OS/WOOD/30FT,8.52591625628822,124.569451734834,Nearest barangay reference point
Luyongbonbon,LBN-POST-027,27,LY5D,OS/WOOD/30FT,8.5248735495873,124.569524405831,Nearest barangay reference point
Luyongbonbon,LBN-POST-028,28,LY4,C8/WOOD/35FT,8.52408411221136,124.569560659882,Nearest barangay reference point
Luyongbonbon,LBN-POST-029,29,LM1KA,OS/WOOD/30FT,8.52835396160788,124.569613755848,Nearest barangay reference point
Luyongbonbon,LBN-POST-030,30,LM1B,OS/WOOD/30FT,8.52586500430324,124.569868000382,Nearest barangay reference point
Luyongbonbon,LBN-POST-031,31,LM1K,OS/WOOD/30FT,8.52841104487485,124.569910812267,Nearest barangay reference point
Luyongbonbon,LBN-POST-032,32,LM1@3,AN25KVA/COMMON,8.52633870457381,124.569923246025,Nearest barangay reference point
Luyongbonbon,LBN-POST-033,33,LM1@3,OS/WOOD/30FT,8.52631187592616,124.569927239496,Nearest barangay reference point
Luyongbonbon,LBN-POST-034,34,LY3,AN15KVA/SPOTLOAD,8.52418589201333,124.569930633808,Nearest barangay reference point
Luyongbonbon,LBN-POST-035,35,LY3,C1/WOOD/35FT,8.5242192706144,124.569930633808,Nearest barangay reference point
Luyongbonbon,LBN-POST-036,36,LY3,AN50KVA/COMMON,8.52425360288979,124.569930633808,Nearest barangay reference point
Luyongbonbon,LBN-POST-037,37,Opol,Zone2Luyong Bonbon,8.52736821081959,124.56995253248,Nearest barangay reference point
Luyongbonbon,LBN-POST-038,38,LY3C,OS/STEEL/30FT,8.52373427986358,124.569964542214,Nearest barangay reference point
Luyongbonbon,LBN-POST-039,39,LM1@1,OS/WOOD/30FT,8.52678461512665,124.570018185033,Nearest barangay reference point
Luyongbonbon,LBN-POST-040,40,LM1AD,OS/WOOD/30FT,8.52601800103327,124.570049998637,Nearest barangay reference point
Luyongbonbon,LBN-POST-041,41,LM1G,OS/WOOD/30FT,8.52767050116425,124.570062776437,Nearest barangay reference point
Luyongbonbon,LBN-POST-042,42,LM1AC,OS/STEEL/30FT,8.52585500167057,124.570063003489,Nearest barangay reference point
Luyongbonbon,LBN-POST-043,43,LM1F,OS/WOOD/30FT,8.52734880497116,124.570113737084,Nearest barangay reference point
Luyongbonbon,LBN-POST-044,44,LM1J,OS/WOOD/30FT,8.52823175851522,124.570134437109,Nearest barangay reference point
Luyongbonbon,LBN-POST-045,45,LM1@2,A1-1/WOOD/35FT,8.52644456242293,124.570152127861,Nearest barangay reference point
Luyongbonbon,LBN-POST-046,46,LM1,A1-1/WOOD/35FT,8.52712504538737,124.570159892862,Nearest barangay reference point
Luyongbonbon,LBN-POST-047,47,LM1,AN50KVA/COMMON,8.52715079459391,124.570159892862,Nearest barangay reference point
Luyongbonbon,LBN-POST-048,48,LY2,C1/WOOD/35FT,8.52435161971515,124.570179156792,Nearest barangay reference point
Luyongbonbon,LBN-POST-049,49,LM1H,OS/WOOD/30FT,8.52784711351214,124.570258660571,Nearest barangay reference point
Luyongbonbon,LBN-POST-050,50,LY3A,OS/WOOD/30FT,8.52386135078267,124.57027902963,Nearest barangay reference point
Luyongbonbon,LBN-POST-051,51,Opol,Zone 2 Bonbon,8.52387680914723,124.570318743417,Nearest barangay reference point
Luyongbonbon,LBN-POST-052,52,Opol,Zone 2 Bonbon,8.52387680914723,124.570318743417,Nearest barangay reference point
Luyongbonbon,LBN-POST-053,53,LY3D,OS/STEEL/30FT,8.52369303419455,124.570330162069,Nearest barangay reference point
Luyongbonbon,LBN-POST-054,54,LM1I,OS/WOOD/30FT,8.52802421671275,124.570382380329,Nearest barangay reference point
Luyongbonbon,LBN-POST-055,55,LM1EB,OS/WOOD/30FT,8.52627306934763,124.570464425975,Nearest barangay reference point
Luyongbonbon,LBN-POST-056,56,LM1EA,OS/WOOD/30FT,8.52691596421958,124.570479704866,Nearest barangay reference point
Luyongbonbon,LBN-POST-057,57,LM1E,OS/WOOD/30FT,8.52653056141306,124.570487314159,Nearest barangay reference point
Luyongbonbon,LBN-POST-058,58,LY1B,OS/STEEL/30FT,8.52522776889016,124.570519935042,Nearest barangay reference point
Luyongbonbon,LBN-POST-059,59,LY1,C7/C7/WOOD/35FT,8.52449293860002,124.570599760694,Nearest barangay reference point
Luyongbonbon,LBN-POST-060,60,LY3AA,OS/WOOD/30FT,8.52381859841533,124.570612461705,Nearest barangay reference point
Luyongbonbon,LBN-POST-061,61,LY1A,OS/STEEL/30FT,8.52495937679702,124.570639872765,Nearest barangay reference point
Luyongbonbon,LBN-POST-062,62,LM1L,OS/WOOD/30FT,8.52788147326877,124.570647410151,Nearest barangay reference point
Luyongbonbon,LBN-POST-063,63,302-01405,302-01405,8.52512799947117,124.570673996546,Nearest barangay reference point
Luyongbonbon,LBN-POST-064,64,L7,C3/C4-1/WOOD/40FT,8.52448035307765,124.570730056663,Nearest barangay reference point
Luyongbonbon,LBN-POST-065,65,L12B,OS/WOOD/30FT,8.52736657971438,124.570784707687,Nearest barangay reference point
Luyongbonbon,LBN-POST-066,66,302-01400,302-01400,8.52590399994084,124.570814004053,Nearest barangay reference point
Luyongbonbon,LBN-POST-067,67,L10B,OS/WOOD/30FT,8.52579077285378,124.570848157745,Nearest barangay reference point
Luyongbonbon,LBN-POST-068,68,302-01395,302-01395,8.52649999914208,124.570855995745,Nearest barangay reference point
Luyongbonbon,LBN-POST-069,69,L10A,OS/WOOD/30FT,8.5261096251398,124.570874311706,Nearest barangay reference point
Luyongbonbon,LBN-POST-070,70,302-01390,302-01390,8.52705499688246,124.570888001263,Nearest barangay reference point
Luyongbonbon,LBN-POST-071,71,302-01385,302-01385,8.5276849986262,124.570911003091,Nearest barangay reference point
Luyongbonbon,LBN-POST-072,72,L8,C2/WOOD/4OFT,8.52503958795788,124.570917146904,Nearest barangay reference point
Luyongbonbon,LBN-POST-073,73,302-01410,TYPE C/STEEL/70FT,8.52461799603475,124.57092100225,Nearest barangay reference point
Luyongbonbon,LBN-POST-074,74,L9,C1/WOOD/35FT,8.52559506279935,124.570938517514,Nearest barangay reference point
Luyongbonbon,LBN-POST-075,75,L12A,OS/WOOD/30FT,8.52708452276686,124.570945391712,Nearest barangay reference point
Luyongbonbon,LBN-POST-076,76,L9.1,C1/STEEL/35FT,8.52582818640382,124.570960460981,Nearest barangay reference point
Luyongbonbon,LBN-POST-077,77,L6,C2/WOOD/40FT,8.52390719482827,124.570960472592,Nearest barangay reference point
Luyongbonbon,LBN-POST-078,78,L10,C2/STEEL/35FT,8.52600866812811,124.570977711452,Nearest barangay reference point
Luyongbonbon,LBN-POST-079,79,302-01415,TYPE B/STEEL/70FT,8.52428999760114,124.571001002647,Nearest barangay reference point
Luyongbonbon,LBN-POST-080,80,L9A,OS/WOOD/30FT,8.52576730569536,124.571009761235,Nearest barangay reference point
Luyongbonbon,LBN-POST-081,81,L6B,OS/WOOD/30FT,8.52414674966032,124.5710533453,Nearest barangay reference point
Luyongbonbon,LBN-POST-082,82,L11,C1/WOOD/35FT,8.52649716666667,124.571085333333,Nearest barangay reference point
Luyongbonbon,LBN-POST-083,83,302-01380,302-01380,8.52844099538369,124.571094004089,Nearest barangay reference point
Luyongbonbon,LBN-POST-084,84,L12,C8/C7-1/A5-1/WOOD/35FT,8.52698900130881,124.571110997717,Nearest barangay reference point
Luyongbonbon,LBN-POST-085,85,L12,CN50KVA/COMMON,8.52701379684104,124.571110997717,Nearest barangay reference point
Luyongbonbon,LBN-POST-086,86,L13,C1/A5-1/STEEL/35FT,8.52740932660385,124.571140600556,Nearest barangay reference point
Luyongbonbon,LBN-POST-087,87,L13,CN15KVA/SPOTLOAD,8.52747989850326,124.571140600556,Nearest barangay reference point
Luyongbonbon,LBN-POST-088,88,L17A,OS/WOOD/30FT,8.5296815177146,124.571230438732,Nearest barangay reference point
Luyongbonbon,LBN-POST-089,89,L13@1,C1-1/STEEL/35FT,8.52774183548899,124.571244118514,Nearest barangay reference point
Luyongbonbon,LBN-POST-090,90,302-01375,302-01375,8.5290729961289,124.571253000837,Nearest barangay reference point
Luyongbonbon,LBN-POST-091,91,L17,CN50KVA/COMMON,8.5296160125348,124.571256573536,Nearest barangay reference point
Luyongbonbon,LBN-POST-092,92,L17,C14-2/C7-1/STEEL/40FT,8.52956791136662,124.571266831808,Nearest barangay reference point
Luyongbonbon,LBN-POST-093,93,L12@1,C7/WOOD/35FT,8.52694479984619,124.571281414316,Nearest barangay reference point
Luyongbonbon,LBN-POST-094,94,L10C,OS/WOOD/30FT,8.52630266416505,124.571336573335,Nearest barangay reference point
Luyongbonbon,LBN-POST-095,95,L14,C1/WOOD/35FT,8.52816486669002,124.571351485518,Nearest barangay reference point
Luyongbonbon,LBN-POST-096,96,L14,BN25KVA/COMMON,8.52822876286922,124.571351485518,Nearest barangay reference point
Luyongbonbon,LBN-POST-097,97,L13@2,A1-1/STEEL/35FT,8.52738601922771,124.571389967666,Nearest barangay reference point
Luyongbonbon,LBN-POST-098,98,L15,C1/WOOD/35FT,8.52861221071162,124.571430112805,Nearest barangay reference point
Luyongbonbon,LBN-POST-099,99,L16,C3/WOOD/45FT,8.52885688167702,124.571463222199,Nearest barangay reference point
Luyongbonbon,LBN-POST-100,100,L17B,OS/WOOD/30FT,8.52938359666693,124.571474876215,Nearest barangay reference point
Luyongbonbon,LBN-POST-101,101,302-01370,TYPEC/STEEL/70FT,8.52958899834187,124.57150100372,Nearest barangay reference point
Luyongbonbon,LBN-POST-102,102,L17@0,C14/STEEL/35FT,8.5296137938741,124.57150100372,Nearest barangay reference point
Luyongbonbon,LBN-POST-103,103,L13@3,A2/STEEL/35FT,8.52740487943225,124.571609150843,Nearest barangay reference point
Luyongbonbon,LBN-POST-104,104,L17@1,C14-1/WOOD/40FT,8.52966000098971,124.571800997473,Nearest barangay reference point
Luyongbonbon,LBN-POST-105,105,L13@4,A5/STEEL/35FT,8.52728841178551,124.571880799764,Nearest barangay reference point
Luyongbonbon,LBN-POST-106,106,L13@4,CN25KVA/SPOTLOAD,8.52734563224449,124.571880799764,Nearest barangay reference point
Luyongbonbon,LBN-POST-107,107,L13.4,CN25KVA/SPOTLOAD,8.52734849326744,124.571880799764,Nearest barangay reference point
Luyongbonbon,LBN-POST-108,108,L17@1A,OS/WOOD/30FT,8.5295392453119,124.571923555188,Nearest barangay reference point
Luyongbonbon,LBN-POST-109,109,L17@1F,OS/WOOD/30FT,8.52862905523326,124.571995052419,Nearest barangay reference point
Luyongbonbon,LBN-POST-110,110,L13.4A,OS/WOOD/30FT,8.52760553947961,124.572026819509,Nearest barangay reference point
Luyongbonbon,LBN-POST-111,111,L17@1D,OS/WOOD/30FT,8.52870566855719,124.572200329785,Nearest barangay reference point
Luyongbonbon,LBN-POST-112,112,L17@1B,OS/WOOD/30FT,8.52940186440077,124.572210470606,Nearest barangay reference point
Luyongbonbon,LBN-POST-113,113,L17@1C,OS/WOOD/30FT,8.52906239867787,124.572230673367,Nearest barangay reference point
Luyongbonbon,LBN-POST-114,114,L17@2,C2/WOOD/40FT,8.52969800429459,124.572233999348,Nearest barangay reference point
Luyongbonbon,LBN-POST-115,115,L17@2,AN37.5KVA/COMMON,8.52981912093278,124.572233999348,Nearest barangay reference point
Luyongbonbon,LBN-POST-116,116,L17@1H,OS/WOOD/30FT,8.52864557002994,124.572513974727,Nearest barangay reference point
Luyongbonbon,LBN-POST-117,117,L17@1E,OS/WOOD/30FT,8.52924479309542,124.572619257465,Nearest barangay reference point
Luyongbonbon,LBN-POST-118,118,L17@3,C14/WOOD/40FT,8.52974099580541,124.572681000825,Nearest barangay reference point
Luyongbonbon,LBN-POST-119,119,L17@1G,OS/WOOD/30FT,8.52926876290573,124.572882616415,Nearest barangay reference point
Luyongbonbon,LBN-POST-120,120,L17@1HA,OS/WOOD/30FT,8.5284453416624,124.572956037778,Nearest barangay reference point
Luyongbonbon,LBN-POST-121,121,L17@4,C1/WOOD/40FT,8.52976200116282,124.572972996709,Nearest barangay reference point
Luyongbonbon,LBN-POST-122,122,L17@1I,OS/WOOD/30FT,8.5290164226396,124.573068763217,Nearest barangay reference point
Luyongbonbon,LBN-POST-123,123,L17@5,C14/WOOD/35FT,8.52978699827267,124.573362000363,Nearest barangay reference point
Luyongbonbon,LBN-POST-124,124,L17@6,C7/WOOD/35FT,8.52981276572618,124.573712575728,Nearest barangay reference point
Luyongbonbon,LBN-POST-125,125,L17@6,ABCN25KVA/SPOTLOAD,8.52991767459637,124.573720201693,Nearest barangay reference point
Malanang,MAL-POST-001,1,IR18,A4/CONCRETE/35FT,8.48037034048943,124.555748833228,Nearest barangay reference point
Malanang,MAL-POST-002,2,IR17,A2/CONCRETE/35FT,8.48083357847143,124.556032376249,Nearest barangay reference point
Malanang,MAL-POST-003,3,IR16,A2/CONCRETE/35FT,8.48129718525819,124.556187938784,Nearest barangay reference point
Malanang,MAL-POST-004,4,IR12@5H,OS/STEEL/30FT,8.47808391802927,124.556188208595,Nearest barangay reference point
Malanang,MAL-POST-005,5,IR15,A2/A5-1/CONCRETE/35FT,8.48166424423679,124.556433712988,Nearest barangay reference point
Malanang,MAL-POST-006,6,L-C239,HT/Wood,8.48029597810629,124.556541433442,Nearest barangay reference point
Malanang,MAL-POST-007,7,IR14,A2/STEEL/35FT,8.48202755635606,124.556584738081,Nearest barangay reference point
Malanang,MAL-POST-008,8,IR13A,OS/WOOD/30FT,8.48230445757509,124.556822720915,Nearest barangay reference point
Malanang,MAL-POST-009,9,IR12@5G,OS/STEEL/30FT,8.47832221851925,124.556871754679,Nearest barangay reference point
Malanang,MAL-POST-010,10,IR13,AN10KVA/COMMON,8.48241922220022,124.556953970229,Nearest barangay reference point
Malanang,MAL-POST-011,11,IR13,A4/CONCRETE/35FT,8.48231050332815,124.556961599623,Nearest barangay reference point
Malanang,MAL-POST-012,12,MPC6,MPC6,8.48545656219995,124.557104761982,Nearest barangay reference point
Malanang,MAL-POST-013,13,IR15@4F,OS/STEEL/30FT,8.48591856797852,124.557134524359,Nearest barangay reference point
Malanang,MAL-POST-014,14,IR12@5F,OS/STEEL/30FT,8.47828407359104,124.557407865754,Nearest barangay reference point
Malanang,MAL-POST-015,15,IR13A,OS/WOOD/30FT,8.48256481066347,124.557433072478,Nearest barangay reference point
Malanang,MAL-POST-016,16,MPC5,MPC5,8.48398574246216,124.557655326245,Nearest barangay reference point
Malanang,MAL-POST-017,17,IR12,A3/A5-1/CONCRETE/35FT,8.48219237996067,124.557707680276,Nearest barangay reference point
Malanang,MAL-POST-018,18,IR12@1,A2/STEEL/35FT,8.48155620334826,124.557780689985,Nearest barangay reference point
Malanang,MAL-POST-019,19,Opol,Dodionngan,8.47945873181557,124.558030435573,Nearest barangay reference point
Malanang,MAL-POST-020,20,IR12@5E,OS/STEEL/30FT,8.47823127096439,124.558032232332,Nearest barangay reference point
Malanang,MAL-POST-021,21,L-C240,HT/Wood,8.48025783113228,124.558090200533,Nearest barangay reference point
Malanang,MAL-POST-022,22,MPC4,MPC4,8.48246221338961,124.558215619811,Nearest barangay reference point
Malanang,MAL-POST-023,23,IR11,A1-1/CONCRETE/35FT,8.48238042702532,124.558217137939,Nearest barangay reference point
Malanang,MAL-POST-024,24,IR12@2,A1/STEEL/35FT,8.48107885696241,124.558241278517,Nearest barangay reference point
Malanang,MAL-POST-025,25,I7,C8/WOOD/40FT,8.490653965701,124.558362355021,Nearest barangay reference point
Malanang,MAL-POST-026,26,IR10,A6/CONCRETE/35FT,8.48244973232566,124.558366253859,Nearest barangay reference point
Malanang,MAL-POST-027,27,IR12@5,A5/STEEL/35FT,8.47982014833,124.558415788518,Nearest barangay reference point
Malanang,MAL-POST-028,28,IR12@5,AN10KVA/COMMON,8.47992886720207,124.558423417912,Nearest barangay reference point
Malanang,MAL-POST-029,29,MPC3,MPC3,8.48193915525346,124.558486932292,Nearest barangay reference point
Malanang,MAL-POST-030,30,I8,C3/STEEL/40FT,8.48998232381504,124.558697212052,Nearest barangay reference point
Malanang,MAL-POST-031,31,IR12@3,A2/STEEL/35FT,8.48068632965749,124.558721135114,Nearest barangay reference point
Malanang,MAL-POST-032,32,IR12@4,A2/STEEL/35FT,8.48035709185161,124.55872473966,Nearest barangay reference point
Malanang,MAL-POST-033,33,MPC2,MPC2,8.48141368753502,124.558761585757,Nearest barangay reference point
Malanang,MAL-POST-034,34,MPC1,MPC1,8.48087962969362,124.559036249348,Nearest barangay reference point
Malanang,MAL-POST-035,35,IR9,A4/CONCRETE/35FT,8.48265866336709,124.5591221283,Nearest barangay reference point
Malanang,MAL-POST-036,36,IR8,A1/CONCRETE/35FT,8.48345144797843,124.559285985194,Nearest barangay reference point
Malanang,MAL-POST-037,37,MPC0,MPC0,8.48032256741048,124.559327058474,Nearest barangay reference point
Malanang,MAL-POST-038,38,IR12@5A,OS/STEEL/30FT,8.47973021054137,124.559342652735,Nearest barangay reference point
Malanang,MAL-POST-039,39,MPC,MPC,8.48023494069021,124.559394830622,Nearest barangay reference point
Malanang,MAL-POST-040,40,IR7,A4/CONCRETE/35FT,8.48426908027587,124.55942990806,Nearest barangay reference point
Malanang,MAL-POST-041,41,I9,C8/WOOD/35FT,8.48956599469163,124.559459881423,Nearest barangay reference point
Malanang,MAL-POST-042,42,L-C241,L-C241,8.48021922233264,124.559599216313,Nearest barangay reference point
Malanang,MAL-POST-043,43,L-C241,L-C241,8.48021922233264,124.559599216313,Nearest barangay reference point
Malanang,MAL-POST-044,44,314-00005,314-00005,8.47977600029541,124.559614003858,Nearest barangay reference point
Malanang,MAL-POST-045,45,K5A,DC- C2/WOOD/40FT,8.49768881234166,124.559679980828,Nearest barangay reference point
Malanang,MAL-POST-046,46,KL6@2,C7/STEEL/40FT,8.49823093414306,124.559776306153,Nearest barangay reference point
Malanang,MAL-POST-047,47,K5A,DC- C2/WOOD/40FT,8.49771437797788,124.559784393389,Nearest barangay reference point
Malanang,MAL-POST-048,48,IR5,A4/CONCRETE/35FT,8.48563258680745,124.559804815689,Nearest barangay reference point
Malanang,MAL-POST-049,49,KL6,DC-C14/STEEL/40FT,8.49820041656494,124.559951782227,Nearest barangay reference point
Malanang,MAL-POST-050,50,302-01670,TYPE B/STEEL/70FT,8.49820186102295,124.559973258789,Nearest barangay reference point
Malanang,MAL-POST-051,51,KL6@1,AN15KVA/SPOTLOAD,8.49856539325656,124.559991903611,Nearest barangay reference point
Malanang,MAL-POST-052,52,KL6@1,DC-C14/STEEL/40FT,8.49853786102295,124.559992111816,Nearest barangay reference point
Malanang,MAL-POST-053,53,K6,DC-C14/STEEL/40FT,8.49820259441589,124.560001773605,Nearest barangay reference point
Malanang,MAL-POST-054,54,302-01665,A-(N-1)/DC-C14-2/STEEL/70FT,8.49853516884168,124.56001666992,Nearest barangay reference point
Malanang,MAL-POST-055,55,IR4,A1-1/STEEL/35FT,8.48584611672032,124.560027113074,Nearest barangay reference point
Malanang,MAL-POST-056,56,K6@1,DC-C14/STEEL/40FT,8.49853612251599,124.560039558104,Nearest barangay reference point
Malanang,MAL-POST-057,57,KL7,DC C2/WOOD/40FT,8.49910134569674,124.560069413024,Nearest barangay reference point
Malanang,MAL-POST-058,58,IR12@5B,OS/STEEL/30FT,8.47977107361333,124.560070563008,Nearest barangay reference point
Malanang,MAL-POST-059,59,K7,DC C2/WOOD/40FT,8.49907587534948,124.560116485205,Nearest barangay reference point
Malanang,MAL-POST-060,60,302-01660,302-01660,8.49899300294232,124.560161999213,Nearest barangay reference point
Malanang,MAL-POST-061,61,IR6,A4/CONCRETE/35FT,8.48470043908676,124.560171272495,Nearest barangay reference point
Malanang,MAL-POST-062,62,302-01655,302-01655,8.49949800367372,124.56058400411,Nearest barangay reference point
Malanang,MAL-POST-063,63,KL8,DC C1/WOOD/40FT,8.49970202785381,124.560737808241,Nearest barangay reference point
Malanang,MAL-POST-064,64,I10,C1/WOOD/35FT,8.48899091977669,124.560758012845,Nearest barangay reference point
Malanang,MAL-POST-065,65,IR3,A6/CONCRETE/35FT,8.48662109444374,124.560761123786,Nearest barangay reference point
Malanang,MAL-POST-066,66,K8,DC C1/WOOD/40FT,8.49968769087361,124.560770692974,Nearest barangay reference point
Malanang,MAL-POST-067,67,IA4B,OS/STEEL/30FT,8.49040301842865,124.561028164152,Nearest barangay reference point
Malanang,MAL-POST-068,68,302-01650,302-01650,8.50000000217651,124.561051002509,Nearest barangay reference point
Malanang,MAL-POST-069,69,IR12@5C,OS/STEEL/30FT,8.47971143339079,124.561076199877,Nearest barangay reference point
Malanang,MAL-POST-070,70,314-00010,314-00010,8.47972700085978,124.561085998798,Nearest barangay reference point
Malanang,MAL-POST-071,71,IR3A,OS/WOOD/30FT,8.48632726818324,124.561091875658,Nearest barangay reference point
Malanang,MAL-POST-072,72,KL9,DC C8/WOOD/40FT,8.50047168898737,124.56112846064,Nearest barangay reference point
Malanang,MAL-POST-073,73,K9,DC C8/WOOD/40FT,8.50042877035481,124.561158977253,Nearest barangay reference point
Malanang,MAL-POST-074,74,IR2,A4/STEEL/35FT,8.48728231297821,124.561362853165,Nearest barangay reference point
Malanang,MAL-POST-075,75,302-01645,302-01645,8.50055900286493,124.561458995789,Nearest barangay reference point
Malanang,MAL-POST-076,76,IA4A,OS/STEEL/30FT,8.49085927940906,124.561459757388,Nearest barangay reference point
Malanang,MAL-POST-077,77,IA4@1,AN25KVA/SPOTLOAD,8.49129403337017,124.56165465702,Nearest barangay reference point
Malanang,MAL-POST-078,78,KL10,DC C2/WOOD/40FT,8.50107709498353,124.561660039613,Nearest barangay reference point
Malanang,MAL-POST-079,79,K13D,OS/STEEL/30FT,8.5036374901284,124.561660088547,Nearest barangay reference point
Malanang,MAL-POST-080,80,IA4@1,A5/STEEL/35FT,8.49124062760845,124.561662286414,Nearest barangay reference point
Malanang,MAL-POST-081,81,IR1,A6/STEEL/35FT,8.48820323267368,124.561663512033,Nearest barangay reference point
Malanang,MAL-POST-082,82,K10,DC C2/WOOD/40FT,8.50103322211221,124.561690561069,Nearest barangay reference point
Malanang,MAL-POST-083,83,I11,C1/WOOD/35FT,8.48849822406367,124.561707153485,Nearest barangay reference point
Malanang,MAL-POST-084,84,302-01640,302-01640,8.50108073459698,124.561742252486,Nearest barangay reference point
Malanang,MAL-POST-085,85,IA1,C1/STEEL/35FT,8.4889405942789,124.561743400884,Nearest barangay reference point
Malanang,MAL-POST-086,86,IA2,C1/WOOD/35FT,8.48946606882724,124.561773918462,Nearest barangay reference point
Malanang,MAL-POST-087,87,IR12@5D,OS/STEEL/30FT,8.47963759100051,124.56178907871,Nearest barangay reference point
Malanang,MAL-POST-088,88,IA5G,OS/STEEL/30FT,8.49243747488928,124.561792381096,Nearest barangay reference point
Malanang,MAL-POST-089,89,IA3,C1/WOOD/35FT,8.49038827189121,124.56180443604,Nearest barangay reference point
Malanang,MAL-POST-090,90,314-00015,314-00015,8.47963999799375,124.561817996952,Nearest barangay reference point
Malanang,MAL-POST-091,91,Opol,Malanang,8.49129549509488,124.561830721583,Nearest barangay reference point
Malanang,MAL-POST-092,92,I11E,OS/J6/WOOD/30FT,8.48651183769108,124.561834931374,Nearest barangay reference point
Malanang,MAL-POST-093,93,IA4,C3/A5-1/STEEL/35FT,8.49146378892289,124.561860648624,Nearest barangay reference point
Malanang,MAL-POST-094,94,K13C,OS/STEEL/30FT,8.50378412167795,124.561875394903,Nearest barangay reference point
Malanang,MAL-POST-095,95,IA5B,OS/WOOD/30FT,8.49289046600462,124.562022937462,Nearest barangay reference point
Malanang,MAL-POST-096,96,K13B,OS/WOOD/30FT,8.50374299646892,124.562049002307,Nearest barangay reference point
Malanang,MAL-POST-097,97,KL11,DC C2/WOOD/40FT,8.50174996046094,124.562111148476,Nearest barangay reference point
Malanang,MAL-POST-098,98,K11,DC C2/WOOD/40FT,8.50171371900974,124.562149298907,Nearest barangay reference point
Malanang,MAL-POST-099,99,IA5C,OS/WOOD/30FT,8.49347485229374,124.562181103975,Nearest barangay reference point
Malanang,MAL-POST-100,100,302-01635,302-01635,8.50180400106515,124.562199996146,Nearest barangay reference point
Malanang,MAL-POST-101,101,I12,C1/WOOD/35FT,8.48829253216287,124.562202356325,Nearest barangay reference point
Malanang,MAL-POST-102,102,I11A,OS/STEEL/30FT,8.48765403963626,124.562282189727,Nearest barangay reference point
Malanang,MAL-POST-103,103,IA5D,OS/WOOD/30FT,8.4939531236887,124.562302809209,Nearest barangay reference point
Malanang,MAL-POST-104,104,I11D,OS/J7/WOOD/30FT,8.48644679412246,124.56233038567,Nearest barangay reference point
Malanang,MAL-POST-105,105,K13A,OS/WOOD/30FT,8.50338699542071,124.562334002044,Nearest barangay reference point
Malanang,MAL-POST-106,106,026,Zone2UpperDanao,8.5019959871533,124.562336701699,Nearest barangay reference point
Malanang,MAL-POST-107,107,026,Zone2UpperDanao,8.5019959871533,124.562336701699,Nearest barangay reference point
Malanang,MAL-POST-108,108,314-00020,314-00020,8.47967499564253,124.562464997075,Nearest barangay reference point
Malanang,MAL-POST-109,109,I11B,OS/WOOD/30FT,8.48704199306668,124.562511434779,Nearest barangay reference point
Malanang,MAL-POST-110,110,IA5A,OS/WOOD/30FT,8.49247044883669,124.562558792532,Nearest barangay reference point
Malanang,MAL-POST-111,111,KL12,DC C2/WOOD/40FT,8.50282278858509,124.562558829463,Nearest barangay reference point
Malanang,MAL-POST-112,112,K12,DC C2/WOOD/40FT,8.50279322429077,124.562596976359,Nearest barangay reference point
Malanang,MAL-POST-113,113,302-01630,302-01630,8.50278899875506,124.562606004369,Nearest barangay reference point
Malanang,MAL-POST-114,114,I11C,OS/WOOD/30FT,8.48657403141261,124.562661638484,Nearest barangay reference point
Malanang,MAL-POST-115,115,IA5E,OS/STEEL/30FT,8.49333219230176,124.562694327906,Nearest barangay reference point
Malanang,MAL-POST-116,116,KL13,DC C1/WOOD/40FT,8.5032253707291,124.562779190477,Nearest barangay reference point
Malanang,MAL-POST-117,117,I15@4,C4/STEEL/35FT,8.48537044410088,124.562793824915,Nearest barangay reference point
Malanang,MAL-POST-118,118,K13,DC C1/WOOD/40FT,8.50318817955761,124.562809709062,Nearest barangay reference point
Malanang,MAL-POST-119,119,I12A,OS/STEEL/30FT,8.48863824270666,124.562911922112,Nearest barangay reference point
Malanang,MAL-POST-120,120,I13,C1/WOOD/40FT,8.48815649387456,124.562978436742,Nearest barangay reference point
Malanang,MAL-POST-121,121,CAP.,CAP.,8.48807700251415,124.562984002343,Nearest barangay reference point
Malanang,MAL-POST-122,122,IA5,C8/WOOD/35FT,8.49213533616298,124.562998432561,Nearest barangay reference point
Malanang,MAL-POST-123,123,KL14,DC C1/WOOD/40FT,8.50369700663482,124.563004164342,Nearest barangay reference point
Malanang,MAL-POST-124,124,K14,DC C1/WOOD/40FT,8.50366267908352,124.563042306877,Nearest barangay reference point
Malanang,MAL-POST-125,125,302-01625,302-01625,8.50338400149529,124.563075003417,Nearest barangay reference point
Malanang,MAL-POST-126,126,IA5F,OS/STEEL/30FT,8.49360049702228,124.563081404194,Nearest barangay reference point
Malanang,MAL-POST-127,127,314-00025,314-00025,8.47962499681101,124.563138999964,Nearest barangay reference point
Malanang,MAL-POST-128,128,I15@3,AN37.5KVA/SPOTLOAD,8.48586162200836,124.563217155654,Nearest barangay reference point
Malanang,MAL-POST-129,129,I15@3,C1/STEEL/35FT,8.4856661187735,124.563247673233,Nearest barangay reference point
Malanang,MAL-POST-130,130,302-01620,302-01620,8.50395699591817,124.563401997125,Nearest barangay reference point
Malanang,MAL-POST-131,131,I15@5,C1/STEEL/35FT,8.48469422991902,124.563407650007,Nearest barangay reference point
Malanang,MAL-POST-132,132,302-01615,302-01615,8.50450900318194,124.563540003973,Nearest barangay reference point
Malanang,MAL-POST-133,133,302-01610,302-01610,8.50508199806331,124.563634998803,Nearest barangay reference point
Malanang,MAL-POST-134,134,314-00030,314-00030,8.47979499846464,124.563669004393,Nearest barangay reference point
Malanang,MAL-POST-135,135,KL15,DC C1/WOOD/40FT,8.50505337951077,124.563711577508,Nearest barangay reference point
Malanang,MAL-POST-136,136,K15,DC C1/WOOD/40FT,8.50502572017585,124.563749721885,Nearest barangay reference point
Malanang,MAL-POST-137,137,I14,C1/WOOD/35FT,8.48786094797283,124.56375082912,Nearest barangay reference point
Malanang,MAL-POST-138,138,I15@6,C2/STEEL/35FT,8.48414808898256,124.563887609107,Nearest barangay reference point
Malanang,MAL-POST-139,139,I15@6,AN5KVA/SPOTLOAD,8.48433405547426,124.563902867897,Nearest barangay reference point
Malanang,MAL-POST-140,140,IA6,C8/STEEL/35FT,8.49271054705632,124.563962306723,Nearest barangay reference point
Malanang,MAL-POST-141,141,I15@2,C4/STEEL/35FT,8.48614381968988,124.563980922064,Nearest barangay reference point
Malanang,MAL-POST-142,142,314-00035,314-00035,8.47953700369237,124.564071998932,Nearest barangay reference point
Malanang,MAL-POST-143,143,IA7@4,A5/WOOD/40FT,8.49522223834379,124.564079595627,Nearest barangay reference point
Malanang,MAL-POST-144,144,I15@8,C1/STEEL/35FT,8.48303610192402,124.564185149154,Nearest barangay reference point
Malanang,MAL-POST-145,145,I15@9,C4/STEEL/35FT,8.48249441597083,124.564208042583,Nearest barangay reference point
Malanang,MAL-POST-146,146,I15@7,C2/STEEL/35FT,8.48359591100817,124.564215669158,Nearest barangay reference point
Malanang,MAL-POST-147,147,I15@1,C1/STEEL/35FT,8.48692401467824,124.564308155221,Nearest barangay reference point
Malanang,MAL-POST-148,148,I15,C8/WOOD/35FT,8.48760286917715,124.56457418347,Nearest barangay reference point
Malanang,MAL-POST-149,149,I15,CN5KVA/COMMON,8.48780790915518,124.56457418347,Nearest barangay reference point
Malanang,MAL-POST-150,150,I15,CN5KVA/COMMON,8.48780790915518,124.56457418347,Nearest barangay reference point
Malanang,MAL-POST-151,151,314-00040,314-00040,8.47929699601306,124.564665999531,Nearest barangay reference point
Malanang,MAL-POST-152,152,I15@10,ABCN37.5KVA/SPOTLOAD,8.48271185106489,124.564673437127,Nearest barangay reference point
Malanang,MAL-POST-153,153,I15@10,C7/STEEL/35FT,8.48249536699507,124.564681066521,Nearest barangay reference point
Malanang,MAL-POST-154,154,I15A,OS/WOOD/30FT,8.48779586143792,124.564753258601,Nearest barangay reference point
Malanang,MAL-POST-155,155,IA7@3,A1/WOOD/35FT,8.49492903937193,124.564786525341,Nearest barangay reference point
Malanang,MAL-POST-156,156,IT6@6E,OS/STEEL/30FT,8.4757675796817,124.564965654562,Nearest barangay reference point
Malanang,MAL-POST-157,157,IA7@1,A1/WOOD/35FT,8.49412139457718,124.565139761092,Nearest barangay reference point
Malanang,MAL-POST-158,158,IA7@2,A4/WOOD/35FT,8.49480448429112,124.565217355164,Nearest barangay reference point
Malanang,MAL-POST-159,159,IT6@6D,OS/STEEL/30FT,8.47409153491403,124.565218958023,Nearest barangay reference point
Malanang,MAL-POST-160,160,I15B,OS/WOOD/30FT,8.48845845088363,124.565250054002,Nearest barangay reference point
Malanang,MAL-POST-161,161,IA7,C2/STEEL/35FT,8.49350714822818,124.565301483394,Nearest barangay reference point
Malanang,MAL-POST-162,162,314-00045,314-00045,8.47898200300992,124.565324996324,Nearest barangay reference point
Malanang,MAL-POST-163,163,IT10,A5/STEEL/35FT,8.47950792352805,124.565558002033,Nearest barangay reference point
Malanang,MAL-POST-164,164,314-00050,314-00050,8.47871499881109,124.565715001123,Nearest barangay reference point
Malanang,MAL-POST-165,165,IT6@6C,OS/STEEL/30FT,8.47448154577429,124.56572899265,Nearest barangay reference point
Malanang,MAL-POST-166,166,Opol,Nasagpian,8.47395126263832,124.565797159206,Nearest barangay reference point
Malanang,MAL-POST-167,167,314-00055,314-00055,8.47844600046018,124.56599800086,Nearest barangay reference point
Malanang,MAL-POST-168,168,IA8,C1/STEEL/35FT,8.49432621289816,124.566130731153,Nearest barangay reference point
Malanang,MAL-POST-169,169,314-00060,314-00060,8.47803600134126,124.566213003711,Nearest barangay reference point
Malanang,MAL-POST-170,170,IT6@6B,OS/STEEL/30FT,8.47495545964644,124.566396196406,Nearest barangay reference point
Malanang,MAL-POST-171,171,I16,C8/STEEL/35FT,8.48697033071473,124.566561820559,Nearest barangay reference point
Malanang,MAL-POST-172,172,I17@8B,2J6/STEEL/30FT,8.4860174466008,124.566852631852,Nearest barangay reference point
Malanang,MAL-POST-173,173,IT9,A1/STEEL/35FT,8.47910117564117,124.566864246016,Nearest barangay reference point
Malanang,MAL-POST-174,174,314-00070,314-00070,8.47814891455401,124.566880823219,Nearest barangay reference point
Malanang,MAL-POST-175,175,I17@9B,2J6/STEEL/30FT,8.48631199550057,124.56688100107,Nearest barangay reference point
Malanang,MAL-POST-176,176,I17@6B,2J6/STEEL/30FT,8.48569899781289,124.566883002291,Nearest barangay reference point
Malanang,MAL-POST-177,177,I17@10B,2J6/STEEL/30FT,8.48650800361701,124.566950003924,Nearest barangay reference point
Malanang,MAL-POST-178,178,IT6@6A,OS/STEEL/30FT,8.47435146001182,124.567064740061,Nearest barangay reference point
Malanang,MAL-POST-179,179,I17@8A,J6/J15/STEEL/30FT,8.48590075107903,124.567072774422,Nearest barangay reference point
Malanang,MAL-POST-180,180,I17@1B,2J6/STEEL/30FT,8.48669074755859,124.567128265137,Nearest barangay reference point
Malanang,MAL-POST-181,181,I17@9A,J6/J15/STEEL/30FT,8.48615499777961,124.567150998683,Nearest barangay reference point
Malanang,MAL-POST-182,182,I17@6A,J6/J15/STEEL/30FT,8.48554728516281,124.567165437028,Nearest barangay reference point
Malanang,MAL-POST-183,183,IA9,C2/STEEL/35FT,8.49463033628158,124.567191461,Nearest barangay reference point
Malanang,MAL-POST-184,184,IAE4B,2J6/STEEL/30FT,8.48802,124.567221,Nearest barangay reference point
Malanang,MAL-POST-185,185,I17@8,A5/STEEL/35FT,8.48580426650079,124.567250370176,Nearest barangay reference point
Malanang,MAL-POST-186,186,I17@8,AN25KVA/COMMON,8.48585662062874,124.567256411295,Nearest barangay reference point
Malanang,MAL-POST-187,187,I17@10A,J6/J15/STEEL/30FT,8.48633899592029,124.567260995815,Nearest barangay reference point
Malanang,MAL-POST-188,188,I17@7,C7/CONCRETE/35FT,8.48522447699295,124.567315365417,Nearest barangay reference point
Malanang,MAL-POST-189,189,IA7@21B,2J6/STEEL/30FT,8.488193,124.56732,Nearest barangay reference point
Malanang,MAL-POST-190,190,IAA17,C7/STEEL/35FT,8.48853800149694,124.56739599667,Nearest barangay reference point
Malanang,MAL-POST-191,191,I17@9,A5/STEEL/35FT,8.48601199805244,124.567396003878,Nearest barangay reference point
Malanang,MAL-POST-192,192,I17@9,AN25KVA/COMMON,8.48606261428109,124.567401369791,Nearest barangay reference point
Malanang,MAL-POST-193,193,I17@1A,J6/J15/STEEL/30FT,8.48656121081543,124.567405670898,Nearest barangay reference point
Malanang,MAL-POST-194,194,I17@6,C14/CONCRETE/35FT,8.48540812851842,124.567417114162,Nearest barangay reference point
Malanang,MAL-POST-195,195,IAE4A,J6/J15/STEEL/30FT,8.487896,124.567432,Nearest barangay reference point
Malanang,MAL-POST-196,196,IA7@18B,2J6/STEEL/30FT,8.488389,124.567438,Nearest barangay reference point
Malanang,MAL-POST-197,197,I17@10,A5/STEEL/35FT,8.4862109959354,124.567494999671,Nearest barangay reference point
Malanang,MAL-POST-198,198,I17@10,AN25KVA/COMMON,8.48626860793343,124.56750055192,Nearest barangay reference point
Malanang,MAL-POST-199,199,IA7@21A,J6/J15/STEEL/30FT,8.488059,124.567534,Nearest barangay reference point
Malanang,MAL-POST-200,200,I17@5,C14/CONCRETE/35FT,8.48564030547622,124.567544435723,Nearest barangay reference point
Malanang,MAL-POST-201,201,I18@6C,OS/CONCRETE/30FT,8.48507099794667,124.567602995986,Nearest barangay reference point
Malanang,MAL-POST-202,202,I17,C1/WOOD/35FT,8.48666431945801,124.567614482422,Nearest barangay reference point
Malanang,MAL-POST-203,203,I17,CN25KVA/COMMON,8.48672726196289,124.567614482422,Nearest barangay reference point
Malanang,MAL-POST-204,204,I17@11,A5/STEEL/35FT,8.48644,124.567638,Nearest barangay reference point
Malanang,MAL-POST-205,205,IAA16,C14/STEEL/35FT,8.48898699806225,124.567638001311,Nearest barangay reference point
Malanang,MAL-POST-206,206,IAA17A,OS,8.4883610256142,124.567644233971,Nearest barangay reference point
Malanang,MAL-POST-207,207,IA7@18A,J6/J15/STEEL/30FT,8.488274,124.567652,Nearest barangay reference point
Malanang,MAL-POST-208,208,I17@4,C14/CONCRETE/35FT,8.48586615737191,124.5676683986,Nearest barangay reference point
Malanang,MAL-POST-209,209,I17.4,AN25KVA/COMMON,8.48592242415657,124.5676683986,Nearest barangay reference point
Malanang,MAL-POST-210,210,314-00075,314-00075,8.47824099540066,124.567690003198,Nearest barangay reference point
Malanang,MAL-POST-211,211,IT6@6,A5/STEEL/35FT,8.47432924564619,124.567742159263,Nearest barangay reference point
Malanang,MAL-POST-212,212,I18@6B,OS/CONCRETE/30FT,8.48533899677313,124.567748999724,Nearest barangay reference point
Malanang,MAL-POST-213,213,IAE4,CN25KVA/COMMON,8.48774426031494,124.567754118164,Nearest barangay reference point
Malanang,MAL-POST-214,214,IAE4,A5/STEEL/35FT,8.487687,124.567755,Nearest barangay reference point
Malanang,MAL-POST-215,215,I17@3,C14/STEEL/40FT,8.486066,124.56776,Nearest barangay reference point
Malanang,MAL-POST-216,216,I18@3C,OS/CONCRETE/30FT,8.48490041484369,124.567777255713,Nearest barangay reference point
Malanang,MAL-POST-217,217,I17A,J6/J15/STEEL/30FT,8.487061,124.567791,Nearest barangay reference point
Malanang,MAL-POST-218,218,IAA14@1G,OS/CONCRETE/30FT,8.48825700066029,124.567821000059,Nearest barangay reference point
Malanang,MAL-POST-219,219,IAA14@1B,OS/CONCRETE/30FT,8.48874200039373,124.56783199614,Nearest barangay reference point
Malanang,MAL-POST-220,220,IT8,A4/STEEL/35FT,8.47873401723524,124.567844671783,Nearest barangay reference point
Malanang,MAL-POST-221,221,IAA15,C1/STEEL/35FT,8.48936599880116,124.567851004045,Nearest barangay reference point
Malanang,MAL-POST-222,222,IA7@21,CN25KVA/COMMON,8.48793022680664,124.567853300293,Nearest barangay reference point
Malanang,MAL-POST-223,223,IA7@21,A5/STEEL/35FT,8.487869,124.567859,Nearest barangay reference point
Malanang,MAL-POST-224,224,I18@6A,OS/CONCRETE/30FT,8.48555851388328,124.567885515833,Nearest barangay reference point
Malanang,MAL-POST-225,225,I17@2,C14/STEEL/40FT,8.48629818609327,124.567900414573,Nearest barangay reference point
Malanang,MAL-POST-226,226,I17B,2J6/STEEL/30FT,8.487277,124.567917,Nearest barangay reference point
Malanang,MAL-POST-227,227,314-00080,314-00080,8.47857300370175,124.567953004458,Nearest barangay reference point
Malanang,MAL-POST-228,228,I18@3B,OS/CONCRETE/30FT,8.48522400421191,124.567965999093,Nearest barangay reference point
Malanang,MAL-POST-229,229,IAE3,A1/STEEL/35FT,8.48756092651367,124.567978370605,Nearest barangay reference point
Malanang,MAL-POST-230,230,IA7@18,A5/STEEL/35FT,8.488079,124.567983,Nearest barangay reference point
Malanang,MAL-POST-231,231,IA7@18,CN25KVA/COMMON,8.48813240576172,124.567983,Nearest barangay reference point
Malanang,MAL-POST-232,232,IAA14@1F,OS/CONCRETE/30FT,8.48855099802659,124.567990997632,Nearest barangay reference point
Malanang,MAL-POST-233,233,IA18@1,A5/STEEL/35FT,8.486925,124.568021,Nearest barangay reference point
Malanang,MAL-POST-234,234,IA18@1,CN25KVA/COMMON,8.48697459106445,124.568021,Nearest barangay reference point
Malanang,MAL-POST-235,235,I19@4C,OS/CONCRETE/30FT,8.48481046272432,124.568027261453,Nearest barangay reference point
Malanang,MAL-POST-236,236,I18,C1/2C7-1/CONCRETE/35FT,8.48653900192712,124.568028997954,Nearest barangay reference point
Malanang,MAL-POST-237,237,IT6@5,A2/STEEL/35FT,8.47500013145094,124.568032677583,Nearest barangay reference point
Malanang,MAL-POST-238,238,I18@6,A5/CONCRETE/35FT,8.48585595772434,124.568039468393,Nearest barangay reference point
Malanang,MAL-POST-239,239,I18@6,AN25KVA/COMMON,8.48591031716037,124.568039468393,Nearest barangay reference point
Malanang,MAL-POST-240,240,IAA14,C7/A5-1/STEEL/35FT,8.48973299860051,124.568050997982,Nearest barangay reference point
Malanang,MAL-POST-241,241,IA7@20,A1/STEEL/35FT,8.487739,124.568071,Nearest barangay reference point
Malanang,MAL-POST-242,242,I18@3A,OS/CONCRETE/30FT,8.48542900074624,124.568091003597,Nearest barangay reference point
Malanang,MAL-POST-243,243,IAA14@1A,OS/CONCRETE/30FT,8.48923159834523,124.568106998957,Nearest barangay reference point
Malanang,MAL-POST-244,244,IA18@1A,J6/J15/STEEL/30FT,8.487152,124.568137,Nearest barangay reference point
Malanang,MAL-POST-245,245,IAA14@1E,OS/CONCRETE/30FT,8.4888279972475,124.568144996047,Nearest barangay reference point
Malanang,MAL-POST-246,246,IT6@4,A1/STEEL/35FT,8.4758339601386,124.568155385595,Nearest barangay reference point
Malanang,MAL-POST-247,247,IAE2,A1/STEEL/35FT,8.487441,124.568174,Nearest barangay reference point
Malanang,MAL-POST-248,248,IA7@17,A1/STEEL/35FT,8.48793,124.568191,Nearest barangay reference point
Malanang,MAL-POST-249,249,I19@4B,OS/CONCRETE/30FT,8.48510299953976,124.568193999791,Nearest barangay reference point
Malanang,MAL-POST-250,250,I18@5,A1/CONCRETE/35FT,8.4861437013589,124.568213144919,Nearest barangay reference point
Malanang,MAL-POST-251,251,I18@3,AN25KVA/COMMON,8.48577103395095,124.568232373836,Nearest barangay reference point
Malanang,MAL-POST-252,252,I18@3,A5/CONCRETE/35FT,8.4857099987947,124.56824000323,Nearest barangay reference point
Malanang,MAL-POST-253,253,IAA13,C1/STEEL/35FT,8.49010699969576,124.568265997618,Nearest barangay reference point
Malanang,MAL-POST-254,254,IA7@19,A1/STEEL/35FT,8.487602,124.568294,Nearest barangay reference point
Malanang,MAL-POST-255,255,IT7A,OS/STEEL/30FT,8.47871717472854,124.568300734537,Nearest barangay reference point
Malanang,MAL-POST-256,256,IAA14@1,A1/STEEL/35FT,8.48957600386856,124.568301996809,Nearest barangay reference point
Malanang,MAL-POST-257,257,IA10,A1/WOOD/35FT,8.49531461436237,124.568304754694,Nearest barangay reference point
Malanang,MAL-POST-258,258,IAA14@1D,OS/CONCRETE/30FT,8.48911700412407,124.568316999279,Nearest barangay reference point
Malanang,MAL-POST-259,259,I19@4A,OS/CONCRETE/30FT,8.48534632473387,124.568334890378,Nearest barangay reference point
Malanang,MAL-POST-260,260,IAA7@1,C15/STEEL/35FT,8.48701910599936,124.568335430579,Nearest barangay reference point
Malanang,MAL-POST-261,261,I18@4,A4/CONCRETE/35FT,8.4863514108157,124.568338033785,Nearest barangay reference point
Malanang,MAL-POST-262,262,IT6B,OS/STEEL/30FT,8.48055305575984,124.568351192388,Nearest barangay reference point
Malanang,MAL-POST-263,263,IT6@3,A4/STEEL/35FT,8.47678120035978,124.568353117968,Nearest barangay reference point
Malanang,MAL-POST-264,264,IT6A,OS/STEEL/30FT,8.48006749286725,124.568397040637,Nearest barangay reference point
Malanang,MAL-POST-265,265,I19@5C,OS/CONCRETE/30FT,8.48491899569366,124.568398003653,Nearest barangay reference point
Malanang,MAL-POST-266,266,314-00085,314-00085,8.47889500011546,124.568400995576,Nearest barangay reference point
Malanang,MAL-POST-267,267,IA7@16,A1/STEEL/35FT,8.487812,124.568407,Nearest barangay reference point
Malanang,MAL-POST-268,268,I18@2,A1/CONCRETE/35FT,8.48599200136271,124.568408997291,Nearest barangay reference point
Malanang,MAL-POST-269,269,IAA11@4,A4/STEEL/35FT,8.48975002282177,124.568411028785,Nearest barangay reference point
Malanang,MAL-POST-270,270,IT7,A1-1/STEEL/35FT,8.47913978394782,124.568440042292,Nearest barangay reference point
Malanang,MAL-POST-271,271,Opol,Taporok,8.479389504687,124.568476984061,Nearest barangay reference point
Malanang,MAL-POST-272,272,I19@4,A5/CONCRETE/35FT,8.48564279896286,124.568511790113,Nearest barangay reference point
Malanang,MAL-POST-273,273,I19@4,AN25KVA/COMMON,8.48570383411911,124.568511790113,Nearest barangay reference point
Malanang,MAL-POST-274,274,IAD1@3B,OS/CONCRETE/30FT,8.48678200158905,124.568542997896,Nearest barangay reference point
Malanang,MAL-POST-275,275,IAA12,C1/STEEL/35FT,8.49055623417179,124.568545261426,Nearest barangay reference point
Malanang,MAL-POST-276,276,I19@5B,OS/CONCRETE/30FT,8.48519959965191,124.56856851751,Nearest barangay reference point
Malanang,MAL-POST-277,277,IAA7@17,C14/STEEL/35FT,8.48745438563179,124.568575072338,Nearest barangay reference point
Malanang,MAL-POST-278,278,I18@1,C14/A5-1/CONCRETE/35FT,8.48628699723605,124.568577998953,Nearest barangay reference point
Malanang,MAL-POST-279,279,IAA11@3,A1/STEEL/35FT,8.49004765538871,124.568578590148,Nearest barangay reference point
Malanang,MAL-POST-280,280,IAA11@5,A1/STEEL/35FT,8.48964409477075,124.568588567716,Nearest barangay reference point
Malanang,MAL-POST-281,281,IAA11@5,BN25KVA/COMMON,8.48970226890405,124.568588567716,Nearest barangay reference point
Malanang,MAL-POST-282,282,IT7B,OS/STEEL/30FT,8.47838122424064,124.568604739999,Nearest barangay reference point
Malanang,MAL-POST-283,283,Opol,P.C.H.M.,8.48862711435758,124.568620882716,Nearest barangay reference point
Malanang,MAL-POST-284,284,IAD2@3B,OS/CONCRETE/30FT,8.48650224165277,124.568627962464,Nearest barangay reference point
Malanang,MAL-POST-285,285,IAA11,C14/A5-1/CONCRETE/35FT,8.49072500086669,124.568647224588,Nearest barangay reference point
Malanang,MAL-POST-286,286,I19@3,A1/CONCRETE/35FT,8.48588560086712,124.568650099647,Nearest barangay reference point
Malanang,MAL-POST-287,287,IAA14@2,A1/STEEL/35FT,8.48926772183313,124.568682122628,Nearest barangay reference point
Malanang,MAL-POST-288,288,IAA7@16,C14/STEEL/35FT,8.48765386627323,124.568689647326,Nearest barangay reference point
Malanang,MAL-POST-289,289,I19@7B,OS/CONCRETE/30FT,8.48499599988804,124.568692000092,Nearest barangay reference point
Malanang,MAL-POST-290,290,I19@5A,OS/CONCRETE/30FT,8.48541760547189,124.568698515847,Nearest barangay reference point
Malanang,MAL-POST-291,291,IAD1@3A,OS/CONCRETE/30FT,8.487063,124.568715,Nearest barangay reference point
Malanang,MAL-POST-292,292,IAA11@2,A1/STEEL/35FT,8.49034647457302,124.568747486919,Nearest barangay reference point
Malanang,MAL-POST-293,293,I19@2,A4/CONCRETE/35FT,8.48606004884175,124.568749159809,Nearest barangay reference point
Malanang,MAL-POST-294,294,IAA11@5A,OS/CONCRETE/30FT,8.48995780572296,124.568760227412,Nearest barangay reference point
Malanang,MAL-POST-295,295,I19@5A,I19@4,8.48553094496847,124.568782293324,Nearest barangay reference point
Malanang,MAL-POST-296,296,IAA11@6,A1/STEEL/35FT,8.48950902200748,124.568791327979,Nearest barangay reference point
Malanang,MAL-POST-297,297,IAD2@3A,OS/CONCRETE/30FT,8.48681124243684,124.568806221802,Nearest barangay reference point
Malanang,MAL-POST-298,298,IAA7@15,C14/STEEL/35FT,8.48791463722138,124.568826441477,Nearest barangay reference point
Malanang,MAL-POST-299,299,314-00090,314-00090,8.4788590000036,124.568863002111,Nearest barangay reference point
Malanang,MAL-POST-300,300,IAD3@3B,OS/CONCRETE/30FT,8.48633562939453,124.568864111816,Nearest barangay reference point
Malanang,MAL-POST-301,301,IAD1@3,A5/CONCRETE/35FT,8.487361,124.568867,Nearest barangay reference point
Malanang,MAL-POST-302,302,I19@7A,OS/CONCRETE/30FT,8.48530496832631,124.568867088716,Nearest barangay reference point
Malanang,MAL-POST-303,303,I19@5,A5/CONCRETE/35FT,8.48572660135634,124.568873514018,Nearest barangay reference point
Malanang,MAL-POST-304,304,Opol,Tapurok,8.47798645793157,124.568888786962,Nearest barangay reference point
Malanang,MAL-POST-305,305,IAA11@1,A4/A5-1/CONCRETE/35FT,8.49058055536444,124.56889166267,Nearest barangay reference point
Malanang,MAL-POST-306,306,IAA11@5B,OS/CONCRETE/30FT,8.49022602662445,124.568894254044,Nearest barangay reference point
Malanang,MAL-POST-307,307,IAA7@14,C14/STEEL/35FT,8.48814589155999,124.568949156418,Nearest barangay reference point
Malanang,MAL-POST-308,308,IAA11@6A,OS/CONCRETE/30FT,8.48981053568424,124.568963656202,Nearest barangay reference point
Malanang,MAL-POST-309,309,IAD2@3,A5/CONCRETE/35FT,8.48709354302423,124.568972956578,Nearest barangay reference point
Malanang,MAL-POST-310,310,IAD2@3,BN25KVA/COMMON,8.48718795678156,124.568972956578,Nearest barangay reference point
Malanang,MAL-POST-311,311,IAA10,C14/CONCRETE/35FT,8.49125805146736,124.568976737683,Nearest barangay reference point
Malanang,MAL-POST-312,312,IAA11@7,A5/STEEL/35FT,8.48934257502934,124.568989137925,Nearest barangay reference point
Malanang,MAL-POST-313,313,I19@7,AN25KVA/COMMON,8.48560016998621,124.568992368749,Nearest barangay reference point
Malanang,MAL-POST-314,314,I19@7,A5/CONCRETE/35FT,8.48554199585291,124.568999998144,Nearest barangay reference point
Malanang,MAL-POST-315,315,IT6@7,A2/STEEL/35FT,8.47938545744009,124.569004475585,Nearest barangay reference point
Malanang,MAL-POST-316,316,I19,C14/A5-1/CONCRETE/35FT,8.48601400084843,124.569017999171,Nearest barangay reference point
Malanang,MAL-POST-317,317,IAD3@3A,OS/CONCRETE/30FT,8.48663662722206,124.569025113744,Nearest barangay reference point
Malanang,MAL-POST-318,318,I19@9B,OS/CONCRETE/30FT,8.48503362990597,124.569041111397,Nearest barangay reference point
Malanang,MAL-POST-319,319,IAA11@9,A4/CONCRETE/35FT,8.49086199618937,124.569054000264,Nearest barangay reference point
Malanang,MAL-POST-320,320,IAA11@9,AN25KVA/COMMON,8.49094878055216,124.569061629659,Nearest barangay reference point
Malanang,MAL-POST-321,321,IAD4@3B,OS/CONCRETE/30FT,8.48620716726479,124.569087481867,Nearest barangay reference point
Malanang,MAL-POST-322,322,IAA14@3,CN25KVA/COMMON,8.48901023535358,124.569094117383,Nearest barangay reference point
Malanang,MAL-POST-323,323,IAA7@13,C14/STEEL/35FT,8.48842609482181,124.56909776426,Nearest barangay reference point
Malanang,MAL-POST-324,324,IAD1@2,A1/CONCRETE/35FT,8.487772,124.569101,Nearest barangay reference point
Malanang,MAL-POST-325,325,IAA14@3,A5/STEEL/35FT,8.48895492224323,124.569101746778,Nearest barangay reference point
Malanang,MAL-POST-326,326,IAA11@6B,OS/CONCRETE/30FT,8.49007725343109,124.569115506485,Nearest barangay reference point
Malanang,MAL-POST-327,327,IT6@2,A4/STEEL/35FT,8.47744823020038,124.569134728705,Nearest barangay reference point
Malanang,MAL-POST-328,328,IA11,C4/STEEL/35FT,8.49581450361303,124.569138996204,Nearest barangay reference point
Malanang,MAL-POST-329,329,I19@6,A4/CONCRETE/35FT,8.48582425472056,124.569161373615,Nearest barangay reference point
Malanang,MAL-POST-330,330,IAA11@7A,OS/CONCRETE/30FT,8.48965907469393,124.569161804393,Nearest barangay reference point
Malanang,MAL-POST-331,331,IAA11@7C,OS/CONCRETE/30FT,8.48921407945455,124.569169515744,Nearest barangay reference point
Malanang,MAL-POST-332,332,IAD3@3,A5/CONCRETE/35FT,8.48694660258421,124.569181334656,Nearest barangay reference point
Malanang,MAL-POST-333,333,IAD3@3,BN25KVA/COMMON,8.48703624796996,124.569181334656,Nearest barangay reference point
Malanang,MAL-POST-334,334,I19@9A,OS/CONCRETE/30FT,8.48527658098645,124.569182745656,Nearest barangay reference point
Malanang,MAL-POST-335,335,IAA11@10,A1/CONCRETE/35FT,8.49072700380263,124.569221003832,Nearest barangay reference point
Malanang,MAL-POST-336,336,IAD2@2,A1/CONCRETE/35FT,8.48754021541617,124.569226005404,Nearest barangay reference point
Malanang,MAL-POST-337,337,IAD4@3A,OS/CONCRETE/30FT,8.48649567451776,124.569257738372,Nearest barangay reference point
Malanang,MAL-POST-338,338,IAA9,C14/CONCRETE/35FT,8.4917186750048,124.569259019536,Nearest barangay reference point
Malanang,MAL-POST-339,339,I19@9,A5/CONCRETE/35FT,8.48542767899796,124.569271366313,Nearest barangay reference point
Malanang,MAL-POST-340,340,IAA7@12,C14/STEEL/35FT,8.48880344912645,124.569294994233,Nearest barangay reference point
Malanang,MAL-POST-341,341,IAA11@7B,OS/CONCRETE/30FT,8.48992610350252,124.569306762889,Nearest barangay reference point
Malanang,MAL-POST-342,342,IAA11@1A,OS/CONCRETE/30FT,8.490267676186,124.569308490146,Nearest barangay reference point
Malanang,MAL-POST-343,343,314-00095,314-00095,8.47876399992001,124.56931599576,Nearest barangay reference point
Malanang,MAL-POST-344,344,IAD5@3B,OS/CONCRETE/30FT,8.48607217855828,124.569316552035,Nearest barangay reference point
Malanang,MAL-POST-345,345,IAA11@9A,OS/CONCRETE/30FT,8.49126278583962,124.569316702251,Nearest barangay reference point
Malanang,MAL-POST-346,346,IAD1@1,A1/CONCRETE/35FT,8.48820400278244,124.569354001254,Nearest barangay reference point
Malanang,MAL-POST-347,347,IT6@1,A1/STEEL/35FT,8.47835599444807,124.569355174899,Nearest barangay reference point
Malanang,MAL-POST-348,348,IAA11@7D,OS/CONCRETE/30FT,8.4894978068769,124.569356767461,Nearest barangay reference point
Malanang,MAL-POST-349,349,I19@8,A4/CONCRETE/35FT,8.48565227274116,124.569404461667,Nearest barangay reference point
Malanang,MAL-POST-350,350,IAA11@10A,OS/CONCRETE/30FT,8.491018,124.569407,Nearest barangay reference point
Malanang,MAL-POST-351,351,IAA11@11,A1/CONCRETE/35FT,8.49058175330945,124.569427256007,Nearest barangay reference point
Malanang,MAL-POST-352,352,IAA11@11,AN25KVA/COMMON,8.49066949134656,124.569427256007,Nearest barangay reference point
Malanang,MAL-POST-353,353,IAD4@3,BN25KVA/COMMON,8.48689595142725,124.569434366097,Nearest barangay reference point
Malanang,MAL-POST-354,354,IAD3@2,A1/CONCRETE/35FT,8.48739319875285,124.569435309659,Nearest barangay reference point
Malanang,MAL-POST-355,355,IAD4@3,A5/CONCRETE/35FT,8.48679200092676,124.569441995491,Nearest barangay reference point
Malanang,MAL-POST-356,356,IAD5@3A,OS/CONCRETE/30FT,8.48634558306885,124.569477741211,Nearest barangay reference point
Malanang,MAL-POST-357,357,IAA8,C14/CONCRETE/35FT,8.49209442202828,124.569480277486,Nearest barangay reference point
Malanang,MAL-POST-358,358,IAD2@1,A1/CONCRETE/30FT,8.48798957001771,124.569488783867,Nearest barangay reference point
Malanang,MAL-POST-359,359,IAD1,C14/CONCRETE/35FT,8.48846300365636,124.569499998367,Nearest barangay reference point
Malanang,MAL-POST-360,360,IAA7@11,C14/STEEL/35FT,8.48915523849428,124.569500600919,Nearest barangay reference point
Malanang,MAL-POST-361,361,IAA11@7E,OS/CONCRETE/30FT,8.48976753652097,124.569509066641,Nearest barangay reference point
Malanang,MAL-POST-362,362,I19@9C,OS/CONCRETE/30FT,8.48531400208141,124.569514000611,Nearest barangay reference point
Malanang,MAL-POST-363,363,IAA11@9B,OS/CONCRETE/30FT,8.49162740094976,124.569549467494,Nearest barangay reference point
Malanang,MAL-POST-364,364,IT6,A1-1/A5-1/WOOD/35FT,8.47940088249744,124.569614091888,Nearest barangay reference point
Malanang,MAL-POST-365,365,IT6,AN25KVA/COMMON,8.47949624992908,124.569614091888,Nearest barangay reference point
Malanang,MAL-POST-366,366,IAD6@3B,OS/CONCRETE/30FT,8.48598399751731,124.569615999985,Nearest barangay reference point
Malanang,MAL-POST-367,367,IAA11@1B,OS/CONCRETE/30FT,8.49001018420804,124.569636552905,Nearest barangay reference point
Malanang,MAL-POST-368,368,IAA11@10B,OS/CONCRETE/30FT,8.491392,124.569645,Nearest barangay reference point
Malanang,MAL-POST-369,369,IAD5@3,BN15KVA/COMMON,8.48675540309306,124.569646288497,Nearest barangay reference point
Malanang,MAL-POST-370,370,IAA11@11A,OS/CONCRETE/30FT,8.49091275647226,124.569647196105,Nearest barangay reference point
Malanang,MAL-POST-371,371,IAA11@12,A1/CONCRETE/35FT,8.49043356180705,124.56964753743,Nearest barangay reference point
Malanang,MAL-POST-372,372,IAA11@12,AN10KVA/COMMON,8.49052129984416,124.56964753743,Nearest barangay reference point
Malanang,MAL-POST-373,373,IAD5@3,A5/CONCRETE/35FT,8.48665240626689,124.569653917891,Nearest barangay reference point
Malanang,MAL-POST-374,374,I19@1,C14/A5-1/CONCRETE/35FT,8.4856100002077,124.569662998471,Nearest barangay reference point
Malanang,MAL-POST-375,375,IAD2,C14/A5-1/CONCRETE/35FT,8.48831988797218,124.569685840945,Nearest barangay reference point
Malanang,MAL-POST-376,376,IAA7,C14/C7-1CONCRETE/35FT,8.49241699774031,124.569689003996,Nearest barangay reference point
Malanang,MAL-POST-377,377,IAA7,CN25KVA/COMMON,8.49246086675886,124.569689003996,Nearest barangay reference point
Malanang,MAL-POST-378,378,IAB11,C14/A5-1/CONCRETE/35FT,8.48876192371044,124.569691260811,Nearest barangay reference point
Malanang,MAL-POST-379,379,IAD3@1,A1/CONCRETE/35FT,8.48784606835821,124.569694142597,Nearest barangay reference point
Malanang,MAL-POST-380,380,IAA7@10,C14/STEEL/35FT,8.48951918176195,124.569694973583,Nearest barangay reference point
Malanang,MAL-POST-381,381,IAA7,CN25KVA/COMMON,8.49249138433699,124.56969663339,Nearest barangay reference point
Malanang,MAL-POST-382,382,I19@8A,OS/CONCRETE/30FT,8.48548852738956,124.569697108542,Nearest barangay reference point
Malanang,MAL-POST-383,383,IAD4@2,A1/CONCRETE/35FT,8.48724299820439,124.569701001943,Nearest barangay reference point
Malanang,MAL-POST-384,384,IAD7@3B,OS/CONCRETE/30FT,8.48567955031254,124.569706040287,Nearest barangay reference point
Malanang,MAL-POST-385,385,IAA1,A1/A4/WOOD/35FT,8.49501973155862,124.56970980381,Nearest barangay reference point
Malanang,MAL-POST-386,386,IAA11@9C,OS/CONCRETE/30FT,8.49197481469727,124.569747629395,Nearest barangay reference point
Malanang,MAL-POST-387,387,IAD6@3A,OS/CONCRETE/30FT,8.48621299897749,124.569747996553,Nearest barangay reference point
Malanang,MAL-POST-388,388,I19@9D,OS/CONCRETE/30FT,8.48517398887642,124.569754281505,Nearest barangay reference point
Malanang,MAL-POST-389,389,IAB10,C14/A5-1/CONCRETE/35FT,8.48895498234734,124.569818862075,Nearest barangay reference point
Malanang,MAL-POST-390,390,IAD6@3,BN15KVA/COMMON,8.48649919323907,124.569834616827,Nearest barangay reference point
Malanang,MAL-POST-391,391,IAA11@13,A5/CONCRETE/35FT,8.49028763340265,124.56983797409,Nearest barangay reference point
Malanang,MAL-POST-392,392,IAA11@13,AN25KVA/COMMON,8.49036774204522,124.569845603484,Nearest barangay reference point
Malanang,MAL-POST-393,393,IAD6@3,A5/CONCRETE/35FT,8.48641050152765,124.569849875616,Nearest barangay reference point
Malanang,MAL-POST-394,394,IAA7@9,C14/C7-1/STEEL/35FT,8.48982579711286,124.569863607601,Nearest barangay reference point
Malanang,MAL-POST-395,395,IAA11@12A,OS/CONCRETE/30FT,8.49079096953842,124.569871499421,Nearest barangay reference point
Malanang,MAL-POST-396,396,IAA11@11B,OS/CONCRETE/30FT,8.49128105973083,124.569873427933,Nearest barangay reference point
Malanang,MAL-POST-397,397,IAD3,C14/A5-1/CONCRETE/35FT,8.48817238137695,124.569886506062,Nearest barangay reference point
Malanang,MAL-POST-398,398,IAA6,C14/CONCRETE/35FT,8.49279099547858,124.569891000966,Nearest barangay reference point
Malanang,MAL-POST-399,399,IAD7@3A,OS/CONCRETE/30FT,8.48599800360439,124.569898997094,Nearest barangay reference point
Malanang,MAL-POST-400,400,IAD5@2,A1/CONCRETE/35FT,8.48710345403788,124.569911571384,Nearest barangay reference point
Malanang,MAL-POST-401,401,IAA11@10C,OS/CONCRETE/30FT,8.491849,124.569937,Nearest barangay reference point
Malanang,MAL-POST-402,402,IAB9,C14/A5-1/CONCRETE/35FT,8.48916464439483,124.569943660931,Nearest barangay reference point
Malanang,MAL-POST-403,403,IAD4@1,A1/CONCRETE/35FT,8.48768500040618,124.569955004489,Nearest barangay reference point
Malanang,MAL-POST-404,404,I19@8B,OS/CONCRETE/30FT,8.485325867215,124.570005399204,Nearest barangay reference point
Malanang,MAL-POST-405,405,IT6@2A,OS/STEEL/30FT,8.47753322725443,124.570015671965,Nearest barangay reference point
Malanang,MAL-POST-406,406,IAA1@1,A4/WOOD/35FT,8.49512240987151,124.57002228116,Nearest barangay reference point
Malanang,MAL-POST-407,407,IAB11@1,A5/CONCRETE/35FT,8.48852526038028,124.570024856208,Nearest barangay reference point
Malanang,MAL-POST-408,408,IAD8@3B,OS/CONCRETE/30FT,8.485725,124.570045,Nearest barangay reference point
Malanang,MAL-POST-409,409,IAD7@3,A5/CONCRETE/35FT,8.48625568370342,124.57006084573,Nearest barangay reference point
Malanang,MAL-POST-410,410,IAD7@3,BN10KVA/COMMON,8.4863586805296,124.57006084573,Nearest barangay reference point
Malanang,MAL-POST-411,411,314-00100,314-00100,8.478641001706,124.570071000763,Nearest barangay reference point
Malanang,MAL-POST-412,412,IAB8,C14/A5-1/CONCRETE/35FT,8.48941365795686,124.570081798378,Nearest barangay reference point
Malanang,MAL-POST-413,413,IAA11@12B,OS/CONCRETE/30FT,8.49117284761452,124.570083563497,Nearest barangay reference point
Malanang,MAL-POST-414,414,IAA3@1D,OS/CONCRETE/30FT,8.49259136989713,124.570106994361,Nearest barangay reference point
Malanang,MAL-POST-415,415,IAD6@2,A1/CONCRETE/35FT,8.48686618918706,124.570113905562,Nearest barangay reference point
Malanang,MAL-POST-416,416,IAA7@0,C14/CONCRETE/35FT,8.49215719504134,124.570116892598,Nearest barangay reference point
Malanang,MAL-POST-417,417,IAA7@8,C14/STEEL/35FT,8.49022317662777,124.570117512908,Nearest barangay reference point
Malanang,MAL-POST-418,418,IAD4,C14/A5-1/CONCRETE/35FT,8.48800521112179,124.570122366856,Nearest barangay reference point
Malanang,MAL-POST-419,419,IAA11@13A,OS/CONCRETE/30FT,8.49075190768303,124.570125138938,Nearest barangay reference point
Malanang,MAL-POST-420,420,IAA5,C14/CONCRETE/35FT,8.49317000094581,124.570126996169,Nearest barangay reference point
Malanang,MAL-POST-421,421,IAB10@1,BN25KVA/COMMON,8.48877894552812,124.570139294103,Nearest barangay reference point
Malanang,MAL-POST-422,422,IAB10@1,A5/CONCRETE/35FT,8.48871314200029,124.570146923498,Nearest barangay reference point
Malanang,MAL-POST-423,423,IAA11@11C,OS/CONCRETE/30FT,8.49174993578321,124.570153973245,Nearest barangay reference point
Malanang,MAL-POST-424,424,IT6A,OS/STEEL/30FT,8.47919106617048,124.570159430774,Nearest barangay reference point
Malanang,MAL-POST-425,425,IAD5@1,A1/CONCRETE/35FT,8.48754659048816,124.570164543251,Nearest barangay reference point
Malanang,MAL-POST-426,426,IAB1,C14/C7-1/CONCRETE/35FT,8.48959313404014,124.570169291665,Nearest barangay reference point
Malanang,MAL-POST-427,427,I20,C1/WOOD/35FT,8.48532979762859,124.570188004953,Nearest barangay reference point
Malanang,MAL-POST-428,428,IA12,A1-1/WOOD/35FT,8.49713138999831,124.570198783553,Nearest barangay reference point
Malanang,MAL-POST-429,429,IAA2,C1/WOOD/35FT,8.49450452528214,124.570206154916,Nearest barangay reference point
Malanang,MAL-POST-430,430,IAD8@3A,OS/CONCRETE/30FT,8.48602999578472,124.570222002039,Nearest barangay reference point
Malanang,MAL-POST-431,431,IAB9@1,BN25KVA/COMMON,8.48900079925274,124.570245369363,Nearest barangay reference point
Malanang,MAL-POST-432,432,IAB9@1,A5/CONCRETE/35FT,8.48893499572491,124.570252998758,Nearest barangay reference point
Malanang,MAL-POST-433,433,IAA3@1C,OS/CONCRETE/30FT,8.49286221340299,124.57027484104,Nearest barangay reference point
Malanang,MAL-POST-434,434,IAD9@3B,OS/CONCRETE/30FT,8.48559142312421,124.570292941783,Nearest barangay reference point
Malanang,MAL-POST-435,435,IAB3,C14/A5-1/CONCRETE/35FT,8.48981322580494,124.570297484753,Nearest barangay reference point
Malanang,MAL-POST-436,436,IAA3@2D,OS/CONCRETE/30FT,8.49246834685649,124.57031298492,Nearest barangay reference point
Malanang,MAL-POST-437,437,IAD7@2,A1/CONCRETE/35FT,8.48671191394973,124.570318084411,Nearest barangay reference point
Malanang,MAL-POST-438,438,IAA7@7,C14/STEEL/35FT,8.49056205900744,124.570327476515,Nearest barangay reference point
Malanang,MAL-POST-439,439,IAD5,C2/C7-1/A5-1/CONCRETE/40FT,8.48785051339554,124.570337125405,Nearest barangay reference point
Malanang,MAL-POST-440,440,IAA4,C14/CONCRETE/35FT,8.49352700410557,124.570338997372,Nearest barangay reference point
Malanang,MAL-POST-441,441,IAB11@1A,OS/CONCRETE/30FT,8.48829129300125,124.570353557671,Nearest barangay reference point
Malanang,MAL-POST-442,442,IAA11@13B,OS/CONCRETE/30FT,8.49112372446786,124.570356725785,Nearest barangay reference point
Malanang,MAL-POST-443,443,IAA11@12C,OS/CONCRETE/30FT,8.49161725255431,124.570367124694,Nearest barangay reference point
Malanang,MAL-POST-444,444,IAD6@1,A1/CONCRETE/35FT,8.48732143425318,124.570375500342,Nearest barangay reference point
Malanang,MAL-POST-445,445,IAD8@3,A5/CONCRETE/35FT,8.48631720634305,124.570381791141,Nearest barangay reference point
Malanang,MAL-POST-446,446,IAD8.3,BN25KVA/COMMON,8.48640685172879,124.570381791141,Nearest barangay reference point
Malanang,MAL-POST-447,447,IAB8@1,A5/CONCRETE/35FT,8.48918331663367,124.570394702824,Nearest barangay reference point
Malanang,MAL-POST-448,448,IAB8@1,BN25KVA/COMMON,8.4892491201615,124.570394702824,Nearest barangay reference point
Malanang,MAL-POST-449,449,IAD9@3A,OS/CONCRETE/30FT,8.48586459047309,124.570421521429,Nearest barangay reference point
Malanang,MAL-POST-450,450,IAA3@1B,OS/CONCRETE/30FT,8.49315213039518,124.57044268772,Nearest barangay reference point
Malanang,MAL-POST-451,451,IAB4,C14/A5-1/CONCRETE/35FT,8.49004792207276,124.570443220945,Nearest barangay reference point
Malanang,MAL-POST-452,452,IAA3@2C,OS/CONCRETE/30FT,8.49273537681757,124.570465574924,Nearest barangay reference point
Malanang,MAL-POST-453,453,IAB12,C8/STEEL/35FT,8.48790924515375,124.570473153892,Nearest barangay reference point
Malanang,MAL-POST-454,454,IAB10@1A,OS/CONCRETE/30FT,8.48847916546288,124.57047562497,Nearest barangay reference point
Malanang,MAL-POST-455,455,IAA3@3D,OS/CONCRETE/30FT,8.49234436908761,124.570526608013,Nearest barangay reference point
Malanang,MAL-POST-456,456,IT5,A1/WOOD/35FT,8.47959324717522,124.570528976619,Nearest barangay reference point
Malanang,MAL-POST-457,457,IAA7@1,C14/CONCRETE/35FT,8.49189077494392,124.570530884812,Nearest barangay reference point
Malanang,MAL-POST-458,458,IAA7@6,C14/STEEL/35FT,8.49091091520079,124.570539533704,Nearest barangay reference point
Malanang,MAL-POST-459,459,IAA11@13C,OS/CONCRETE/30FT,8.49145163218408,124.570557054566,Nearest barangay reference point
Malanang,MAL-POST-460,460,IAB9@1A,OS/CONCRETE/30FT,8.48870299927507,124.570565995918,Nearest barangay reference point
Malanang,MAL-POST-461,461,IAB5,C14/A5-1/CONCRETE/35FT,8.49027441828952,124.570570713823,Nearest barangay reference point
Malanang,MAL-POST-462,462,IAD6,C14/A5-1/CONCRETE/35FT,8.48766981099934,124.570574229547,Nearest barangay reference point
Malanang,MAL-POST-463,463,IAD7@1,A1/CONCRETE/35FT,8.48717593175945,124.570585890893,Nearest barangay reference point
Malanang,MAL-POST-464,464,IAB13,C1-4/A5-1/STEEL/35FT,8.48811135213384,124.570599129859,Nearest barangay reference point
Malanang,MAL-POST-465,465,IAA3@1A,OS/CONCRETE/30FT,8.49344299738889,124.570602900527,Nearest barangay reference point
Malanang,MAL-POST-466,466,IAD8@2,A1/CONCRETE/35FT,8.48668995637221,124.570606258039,Nearest barangay reference point
Malanang,MAL-POST-467,467,IAA3,C8/C7-1/A5-1/CONCRETE/40FT,8.49402866862801,124.570625591396,Nearest barangay reference point
Malanang,MAL-POST-468,468,IAA3@2B,OS/CONCRETE/30FT,8.49303578270177,124.570633423187,Nearest barangay reference point
Malanang,MAL-POST-469,469,IAD9@3,A5/CONCRETE/35FT,8.48624320155055,124.570643305321,Nearest barangay reference point
Malanang,MAL-POST-470,470,IAD9@3,BN15KVA/COMMON,8.48634619837672,124.570643305321,Nearest barangay reference point
Malanang,MAL-POST-471,471,IAB2,C14/CONCRETE/35FT,8.48926146272915,124.570649371774,Nearest barangay reference point
Malanang,MAL-POST-472,472,I20@1,2C7-1/STEEL/354FT,8.48509205836971,124.570651232381,Nearest barangay reference point
Malanang,MAL-POST-473,473,IAA3@3C,OS/CONCRETE/30FT,8.49263714886385,124.570702090644,Nearest barangay reference point
Malanang,MAL-POST-474,474,IAB6,C14/A5-1/CONCRETE/35FT,8.4904904057189,124.57070315036,Nearest barangay reference point
Malanang,MAL-POST-475,475,IAB14,C14/A5-1/CONCRETE/35FT,8.48828570552354,124.570714739186,Nearest barangay reference point
Malanang,MAL-POST-476,476,IAB8@1A,OS/CONCRETE/30FT,8.48893613751428,124.570716902312,Nearest barangay reference point
Malanang,MAL-POST-477,477,IAA3@4D,OS/CONCRETE/30FT,8.49220322397318,124.570732604551,Nearest barangay reference point
Malanang,MAL-POST-478,478,IAA7@5,C14/STEEL/35FT,8.49121657770246,124.570735784834,Nearest barangay reference point
Malanang,MAL-POST-479,479,IAB4@1,A5/CONCRETE/35FT,8.48982999862018,124.57076199786,Nearest barangay reference point
Malanang,MAL-POST-480,480,IAB3@1,BN25KVA/COMMON,8.4895723887419,124.570766815768,Nearest barangay reference point
Malanang,MAL-POST-481,481,IAB3@1,A5/CONCRETE/35FT,8.48950277051681,124.570774445162,Nearest barangay reference point
Malanang,MAL-POST-482,482,IAA7@2,C14/STEEL/35FT,8.49173621189493,124.570781630087,Nearest barangay reference point
Malanang,MAL-POST-483,483,IAD7,C14/A5-1/CONCRETE/35FT,8.48750677208356,124.570785547931,Nearest barangay reference point
Malanang,MAL-POST-484,484,IAA3@2A,OS/CONCRETE/30FT,8.49330662820842,124.570786011044,Nearest barangay reference point
Malanang,MAL-POST-485,485,IAD9@2,A1/CONCRETE/35FT,8.48653941223825,124.570811196479,Nearest barangay reference point
Malanang,MAL-POST-486,486,IAD8@1,A1/CONCRETE/35FT,8.48706386539998,124.570816806961,Nearest barangay reference point
Malanang,MAL-POST-487,487,IAA1@2,A5/WOOD/35FT,8.4948416999352,124.57082652477,Nearest barangay reference point
Malanang,MAL-POST-488,488,I21,2C7-1/WOOD/35FT,8.48558672703803,124.5708301384,Nearest barangay reference point
Malanang,MAL-POST-489,489,IAB7,C7/CONCRETE/35FT,8.49070406472815,124.570832226189,Nearest barangay reference point
Malanang,MAL-POST-490,490,IAA3@1,A1/STEEL/35FT,8.49384896276873,124.570841849368,Nearest barangay reference point
Malanang,MAL-POST-491,491,IAA3@1,BN15KVA/COMMON,8.4938937854616,124.570841849368,Nearest barangay reference point
Malanang,MAL-POST-492,492,IAA3@1,BN15KVA/COMMON,8.49392239569109,124.570841849368,Nearest barangay reference point
Malanang,MAL-POST-493,493,IAB15,C14/A5-1/CONCRETE/35FT,8.48849963141397,124.570862888043,Nearest barangay reference point
Malanang,MAL-POST-494,494,IT6@2B,OS/STEEL/30FT,8.47712058474344,124.570864759888,Nearest barangay reference point
Malanang,MAL-POST-495,495,314-00105,314-00105,8.47852199544647,124.570865001606,Nearest barangay reference point
Malanang,MAL-POST-496,496,IAA3@3B,OS/CONCRETE/30FT,8.49292038377673,124.570869932737,Nearest barangay reference point
Malanang,MAL-POST-497,497,IAA3@4C,OS/CONCRETE/30FT,8.49247216161944,124.570885193356,Nearest barangay reference point
Malanang,MAL-POST-498,498,IAB5@1,A5/CONCRETE/35FT,8.49005250712044,124.570891745186,Nearest barangay reference point
Malanang,MAL-POST-499,499,IAB5@1,BN25KVA/COMMON,8.49012498636848,124.57089937458,Nearest barangay reference point
Malanang,MAL-POST-500,500,IA13,A1/WOOD/35FT,8.49767236547643,124.57090240521,Nearest barangay reference point
Malanang,MAL-POST-501,501,IAB13@1,A1/STEEL/35FT,8.48786291267466,124.570915465197,Nearest barangay reference point
Malanang,MAL-POST-502,502,IAA1@2A,OS/CONCRETE/30FT,8.49538636107741,124.570919475277,Nearest barangay reference point
Malanang,MAL-POST-503,503,IAA3@5D,OS/CONCRETE/30FT,8.49196699906829,124.570927996431,Nearest barangay reference point
Malanang,MAL-POST-504,504,IAB3@1A,OS/CONCRETE/30FT,8.48937700089526,124.570974998883,Nearest barangay reference point
Malanang,MAL-POST-505,505,IAA7@3,C14/C7-1/CONCRETE/35FT,8.49160091182816,124.570979920874,Nearest barangay reference point
Malanang,MAL-POST-506,506,IAA7.3,BN25KVA/COMMON,8.49168102047074,124.570979920874,Nearest barangay reference point
Malanang,MAL-POST-507,507,IAB16,C14/A5-1/CONCRETE/35FT,8.48869355423317,124.570980112117,Nearest barangay reference point
Malanang,MAL-POST-508,508,IAA1@2B,OS/CONCRETE/30FT,8.49576499147716,124.570990397418,Nearest barangay reference point
Malanang,MAL-POST-509,509,IAD8,C14/A5-1/CONCRETE/35FT,8.48735790805876,124.570997604935,Nearest barangay reference point
Malanang,MAL-POST-510,510,IAA3@2,A1/STEEL/35FT,8.49364299583695,124.571005004159,Nearest barangay reference point
Malanang,MAL-POST-511,511,IAA3@3A,OS/CONCRETE/30FT,8.49317596980958,124.571014892922,Nearest barangay reference point
Malanang,MAL-POST-512,512,IAB6@1,A5/CONCRETE/35FT,8.49024974102701,124.571019736885,Nearest barangay reference point
Malanang,MAL-POST-513,513,IAB6@1,AN25KVA/COMMON,8.49031172985757,124.571019736885,Nearest barangay reference point
Malanang,MAL-POST-514,514,IAD9@1,A1/CONCRETE/35FT,8.48692246654071,124.571025270254,Nearest barangay reference point
Malanang,MAL-POST-515,515,IAD10B,OS/CONCRETE/30FT,8.48643000168621,124.571036001449,Nearest barangay reference point
Malanang,MAL-POST-516,516,IAB14@1,A1/CONCRETE/35FT,8.48804799787543,124.571056003755,Nearest barangay reference point
Malanang,MAL-POST-517,517,IAA3@4B,OS/CONCRETE/30FT,8.49276494120882,124.571060667223,Nearest barangay reference point
Malanang,MAL-POST-518,518,IAA3@5C,OS/CONCRETE/30FT,8.49223999779406,124.57108699578,Nearest barangay reference point
Malanang,MAL-POST-519,519,IAB4@1A,OS/CONCRETE/30FT,8.48958753880389,124.571091001237,Nearest barangay reference point
Malanang,MAL-POST-520,520,IA13B,OS/WOOD/30FT,8.49723639804859,124.571106321527,Nearest barangay reference point
Malanang,MAL-POST-521,521,IAB17,C14/C7-1/A5-1/CONCRETE/35FT,8.48891983454741,124.571122998377,Nearest barangay reference point
Malanang,MAL-POST-522,522,IAA7@4,C4/CONCRETE/35FT,8.49190098233522,124.571149069816,Nearest barangay reference point
Malanang,MAL-POST-523,523,IAB7@1,A5/CONCRETE/35FT,8.49047248234235,124.571156742297,Nearest barangay reference point
Malanang,MAL-POST-524,524,IAA3@6,2C7/STEEL/35FT,8.49395499986302,124.571160003431,Nearest barangay reference point
Malanang,MAL-POST-525,525,IA13A,OS/WOOD/30FT,8.49809224350736,124.571160904282,Nearest barangay reference point
Malanang,MAL-POST-526,526,IAA3@3,BN15KVA/COMMON,8.49351389381932,124.571173370249,Nearest barangay reference point
Malanang,MAL-POST-527,527,IAA3@3,A1/STEEL/35FT,8.49344999764012,124.571180999644,Nearest barangay reference point
Malanang,MAL-POST-528,528,IAD9,C14/A5-1/CONCRETE/40FT,8.48720292476393,124.571191145318,Nearest barangay reference point
Malanang,MAL-POST-529,529,IAB15@1,A1/CONCRETE/35FT,8.48826915272323,124.571191821016,Nearest barangay reference point
Malanang,MAL-POST-530,530,IAD10A,OS/CONCRETE/30FT,8.48674376295997,124.571203846278,Nearest barangay reference point
Malanang,MAL-POST-531,531,IAB5@1A,OS/CONCRETE/30FT,8.48981900390977,124.571214999593,Nearest barangay reference point
Malanang,MAL-POST-532,532,IAA3@4A,OS/CONCRETE/30FT,8.49304436379183,124.571220883028,Nearest barangay reference point
Malanang,MAL-POST-533,533,IAB13@2,A5/STEEL/35FT,8.48762888924121,124.571246717396,Nearest barangay reference point
Malanang,MAL-POST-534,534,IAB18,C14/A5-1/CONCRETE/35FT,8.48913688342457,124.571265738282,Nearest barangay reference point
Malanang,MAL-POST-535,535,IAA3@5B,OS/CONCRETE/30FT,8.49251899700373,124.571267000198,Nearest barangay reference point
Malanang,MAL-POST-536,536,IAA7@4A,OS/CONCRETE/30FT,8.49219654873014,124.571312438697,Nearest barangay reference point
Malanang,MAL-POST-537,537,IAB16@1,A1/CONCRETE/35FT,8.48846099886022,124.57131500379,Nearest barangay reference point
Malanang,MAL-POST-538,538,IAB14@2,A5/CONCRETE/35FT,8.48782600391797,124.571336997969,Nearest barangay reference point
Malanang,MAL-POST-539,539,IAB6@1A,OS/CONCRETE/30FT,8.49001450718239,124.571339369517,Nearest barangay reference point
Malanang,MAL-POST-540,540,IAA3@4,A1/STEEL/35FT,8.49325200022751,124.571349999295,Nearest barangay reference point
Malanang,MAL-POST-541,541,IAA3@7,C14/CONCRETE/40FT,8.49370199892188,124.571374000948,Nearest barangay reference point
Malanang,MAL-POST-542,542,IAD10,C7/CONCRETE/35FT,8.48705469995322,124.571392632787,Nearest barangay reference point
Malanang,MAL-POST-543,543,IAB19,C14/A5-1/CONCRETE/35FT,8.48935364636397,124.571400884353,Nearest barangay reference point
Malanang,MAL-POST-544,544,IAA3@5A,OS/CONCRETE/30FT,8.49279999576916,124.571422000019,Nearest barangay reference point
Malanang,MAL-POST-545,545,IAA7@4B,OS/CONCRETE/30FT,8.492467392236,124.571465026587,Nearest barangay reference point
Malanang,MAL-POST-546,546,I21@1,C1/STEEL/35FT,8.48556828849656,124.571485939343,Nearest barangay reference point
Malanang,MAL-POST-547,547,IAB7@1A,OS/CONCRETE/30FT,8.49022148244477,124.571486737402,Nearest barangay reference point
Malanang,MAL-POST-548,548,IAB17@1,A1/CONCRETE/35FT,8.4886384180103,124.571503370295,Nearest barangay reference point
Malanang,MAL-POST-549,549,IAB15@2,BN25KVA/COMMON,8.4881057424163,124.571517957422,Nearest barangay reference point
Malanang,MAL-POST-550,550,IAB15@2,A5/CONCRETE/35FT,8.48802563377372,124.571525586816,Nearest barangay reference point
Malanang,MAL-POST-551,551,IAA3@5,BN15KVA/COMMON,8.49306689242576,124.571529372072,Nearest barangay reference point
Malanang,MAL-POST-552,552,IAA3@5,A5/STEEL/35FT,8.49300299624657,124.571537001467,Nearest barangay reference point
Malanang,MAL-POST-553,553,IAB20,C14/A5-1/CONCRETE/35FT,8.48957060619993,124.571540999439,Nearest barangay reference point
Malanang,MAL-POST-554,554,IAB13@2A,OS/CONCRETE/30FT,8.48738573528427,124.571572945847,Nearest barangay reference point
Malanang,MAL-POST-555,555,IAB18@1,A1/CONCRETE/35FT,8.48891299687054,124.571581002076,Nearest barangay reference point
Malanang,MAL-POST-556,556,IAA3@8,C14/CONCRETE/40FT,8.49346499943718,124.571581996251,Nearest barangay reference point
Malanang,MAL-POST-557,557,IAA7@4C,OS/CONCRETE/30FT,8.49275254085661,124.571632873267,Nearest barangay reference point
Malanang,MAL-POST-558,558,314-00110,314-00110,8.47839400303895,124.571638003696,Nearest barangay reference point
Malanang,MAL-POST-559,559,IT6@2C,OS/STEEL/30FT,8.47765066558768,124.571639887852,Nearest barangay reference point
Malanang,MAL-POST-560,560,IAB16@2,A5/CONCRETE/35FT,8.48822699916762,124.57164700098,Nearest barangay reference point
Malanang,MAL-POST-561,561,IAB14@2A,OS/CONCRETE/30FT,8.48756667912888,124.571693259481,Nearest barangay reference point
Malanang,MAL-POST-562,562,IAB21,C14/A5-1/CONCRETE/35FT,8.48982756645673,124.571708406462,Nearest barangay reference point
Malanang,MAL-POST-563,563,IAB19@1,A1/CONCRETE/35FT,8.4891411216742,124.571712625069,Nearest barangay reference point
Malanang,MAL-POST-564,564,IAB17@2,A5/CONCRETE/35FT,8.48846260525837,124.57174636646,Nearest barangay reference point
Malanang,MAL-POST-565,565,IAB17@2,BN15KVA/COMMON,8.48853794552937,124.57174636646,Nearest barangay reference point
Malanang,MAL-POST-566,566,IAA3@9,C14/CONCRETE/40FT,8.49325699605177,124.571768002681,Nearest barangay reference point
Malanang,MAL-POST-567,567,IAC1,ABCN15KVA/SPOTLOAD,8.49177227482406,124.57181341492,Nearest barangay reference point
Malanang,MAL-POST-568,568,I29@7,ABCN75KVA,8.48204179060705,124.571814365744,Nearest barangay reference point
Malanang,MAL-POST-569,569,I29@7,C7/STEEL/35FT,8.48210473311194,124.571814365744,Nearest barangay reference point
Malanang,MAL-POST-570,570,IAB22,C7/A5-1/CONCRETE/35FT,8.48998698855028,124.571815627601,Nearest barangay reference point
Malanang,MAL-POST-571,571,I29@6,2C7/STEEL/35FT,8.48218599753526,124.571818002034,Nearest barangay reference point
Malanang,MAL-POST-572,572,IAC1,3Ø,8.49165497288314,124.571821044315,Nearest barangay reference point
Malanang,MAL-POST-573,573,IAA7@4D,OS/CONCRETE/30FT,8.49303768947721,124.57182360813,Nearest barangay reference point
Malanang,MAL-POST-574,574,IAB15@2A,OS/CONCRETE/30FT,8.48780388855848,124.57183451889,Nearest barangay reference point
Malanang,MAL-POST-575,575,IAB20@1,A1/CONCRETE/35FT,8.48935132358746,124.571842367918,Nearest barangay reference point
Malanang,MAL-POST-576,576,IT4,A4/WOOD/35FT,8.47992827184499,124.571901261807,Nearest barangay reference point
Malanang,MAL-POST-577,577,IAB18@2,A5/CONCRETE/35FT,8.48868300363091,124.571906004143,Nearest barangay reference point
Malanang,MAL-POST-578,578,IAB18@2,BN15KVA/COMMON,8.48875166818169,124.571906004143,Nearest barangay reference point
Malanang,MAL-POST-579,579,I22,C2/WOOD/35FT,8.48561078163978,124.571915512359,Nearest barangay reference point
Malanang,MAL-POST-580,580,IAB16@2A,OS/CONCRETE/30FT,8.48800400272082,124.571958997839,Nearest barangay reference point
Malanang,MAL-POST-581,581,IT6@2D,OS/STEEL/30FT,8.47802598752693,124.571982372284,Nearest barangay reference point
Malanang,MAL-POST-582,582,IAB21@1,A1/CONCRETE/35FT,8.48961564133672,124.57201714348,Nearest barangay reference point
Malanang,MAL-POST-583,583,IAB19@2,BN15KVA/COMMON,8.48898750494222,124.572021630753,Nearest barangay reference point
Malanang,MAL-POST-584,584,IAA3@10,2C7/STEEL/40FT,8.49294899844905,124.572023000698,Nearest barangay reference point
Malanang,MAL-POST-585,585,IAB19@2,A5/CONCRETE/35FT,8.48890834997396,124.572029260148,Nearest barangay reference point
Malanang,MAL-POST-586,586,IT3,A4/WOOD/35FT,8.4804560802877,124.572037300095,Nearest barangay reference point
Malanang,MAL-POST-587,587,I29@5A,OS/STEEL/30FT,8.48196599847833,124.572063997476,Nearest barangay reference point
Malanang,MAL-POST-588,588,IAB17@2A,OS/CONCRETE/30FT,8.48823199857809,124.572071002284,Nearest barangay reference point
Malanang,MAL-POST-589,589,IT3A,OS/WOOD/30FT,8.48153583705426,124.572092117742,Nearest barangay reference point
Malanang,MAL-POST-590,590,I29@5,C14-1/STEEL/40FT,8.48206100100658,124.572095998814,Nearest barangay reference point
Malanang,MAL-POST-591,591,IAB15@2B,OS/CONCRETE/30FT,8.48758028594971,124.572125146973,Nearest barangay reference point
Malanang,MAL-POST-592,592,IAB22@1,A1/CONCRETE/35FT,8.48978018561853,124.572127736893,Nearest barangay reference point
Malanang,MAL-POST-593,593,IAB20@2,A5/CONCRETE/35FT,8.48911399738152,124.572173997624,Nearest barangay reference point
Malanang,MAL-POST-594,594,IAB20@2,BN15KVA/COMMON,8.4891941060241,124.572173997624,Nearest barangay reference point
Malanang,MAL-POST-595,595,IAC2,A1/WOOD/35FT,8.4926848034304,124.572194276279,Nearest barangay reference point
Malanang,MAL-POST-596,596,IAB16@2B,OS/CONCRETE/30FT,8.48784100309448,124.57220300306,Nearest barangay reference point
Malanang,MAL-POST-597,597,IAB18@2A,OS/CONCRETE/30FT,8.48845600008531,124.572233996969,Nearest barangay reference point
Malanang,MAL-POST-598,598,314-00115,314-00115,8.4782810032708,124.572286995574,Nearest barangay reference point
Malanang,MAL-POST-599,599,IAB21@2,BN15KVA/COMMON,8.48945663489835,124.572336520103,Nearest barangay reference point
Malanang,MAL-POST-600,600,IAB21@2,A5/CONCRETE/35FT,8.48938034095304,124.572344149498,Nearest barangay reference point
Malanang,MAL-POST-601,601,IAB19@2A,OS/CONCRETE/30FT,8.48867456767398,124.572363256127,Nearest barangay reference point
Malanang,MAL-POST-602,602,IAA3@11,C14-1/CONCRETE/40FT,8.49299299585575,124.572392998324,Nearest barangay reference point
Malanang,MAL-POST-603,603,IT6@2E,OS/STEEL/30FT,8.47806404812332,124.5724149067,Nearest barangay reference point
Malanang,MAL-POST-604,604,IAB22@2,A5/CONCRETE/35FT,8.48956779620163,124.572450631083,Nearest barangay reference point
Malanang,MAL-POST-605,605,IAB20@2A,OS/CONCRETE/30FT,8.48886018707032,124.572521372144,Nearest barangay reference point
Malanang,MAL-POST-606,606,I23,C2/WOOD/35FT,8.48543761417075,124.572571055435,Nearest barangay reference point
Malanang,MAL-POST-607,607,I23,ABCN37.5KVA/SPOTLOAD,8.48549388095542,124.572578684829,Nearest barangay reference point
Malanang,MAL-POST-608,608,IAB21@2A,OS/CONCRETE/30FT,8.48920336078855,124.572597407764,Nearest barangay reference point
Malanang,MAL-POST-609,609,IAB19@2B,OS/CONCRETE/30FT,8.48849042350382,124.572632887496,Nearest barangay reference point
Malanang,MAL-POST-610,610,I29@4,C14-1/STEEL/40FT,8.48210699842961,124.572705999462,Nearest barangay reference point
Malanang,MAL-POST-611,611,IAB22@2A,OS/CONCRETE/30FT,8.48937994613734,124.572724371242,Nearest barangay reference point
Malanang,MAL-POST-612,612,IAB20@2B,OS/CONCRETE/30FT,8.48858257495472,124.57288962945,Nearest barangay reference point
Malanang,MAL-POST-613,613,314-00120,314-00120,8.47815400129719,124.572937001631,Nearest barangay reference point
Malanang,MAL-POST-614,614,IT2,A2/WOOD/35FT,8.4805617760867,124.573006583378,Nearest barangay reference point
Malanang,MAL-POST-615,615,IT2A,OS/WOOD/30FT,8.48123592912804,124.573011694617,Nearest barangay reference point
Malanang,MAL-POST-616,616,I29@3,C14-1/STEEL/40FT,8.48185400335291,124.573172002669,Nearest barangay reference point
Malanang,MAL-POST-617,617,I23@1,C8/CONCRETE/35FT,8.48547952354807,124.573481167768,Nearest barangay reference point
Malanang,MAL-POST-618,618,314-00125,314-00125,8.47797000113195,124.573595003563,Nearest barangay reference point
Malanang,MAL-POST-619,619,IT1,A1/WOOD/35FT,8.48063486628235,124.573680236936,Nearest barangay reference point
Malanang,MAL-POST-620,620,I29@2,C14-1/STEEL/45FT,8.48161799676943,124.573709995954,Nearest barangay reference point
Malanang,MAL-POST-621,621,I25@1,C4-1/WOOD/40FT,8.48438535833979,124.573719163947,Nearest barangay reference point
Malanang,MAL-POST-622,622,I25,C4-1/WOOD/40FT,8.48501764628718,124.573729336085,Nearest barangay reference point
Malanang,MAL-POST-623,623,I34,C1/STEEL/40FT,8.4768893284145,124.573730189652,Nearest barangay reference point
Malanang,MAL-POST-624,624,I24,C4/CONCRETE/35FT,8.48538455241606,124.573741677759,Nearest barangay reference point
Malanang,MAL-POST-625,625,I27AA,OS/WOOD/30FT,8.48358001559973,124.57378978841,Nearest barangay reference point
Malanang,MAL-POST-626,626,I33,C8/WOOD/35FT,8.47765811461778,124.573866060567,Nearest barangay reference point
Malanang,MAL-POST-627,627,I27A,OS/WOOD/30FT,8.4831932745874,124.573881905526,Nearest barangay reference point
Malanang,MAL-POST-628,628,I25@2D,OS/J6/CONCRETE/30FT,8.48483818583191,124.57391160354,Nearest barangay reference point
Malanang,MAL-POST-629,629,I25@3,C4-1/WOOD/40FT,8.48402580822922,124.573960741572,Nearest barangay reference point
Malanang,MAL-POST-630,630,I25@2,C4/STEEL/45FT,8.48432831110718,124.573967614733,Nearest barangay reference point
Malanang,MAL-POST-631,631,I32,C1/WOOD/35FT,8.47876306281447,124.574019163426,Nearest barangay reference point
Malanang,MAL-POST-632,632,314-00130,314-00130,8.47728299629097,124.574143998344,Nearest barangay reference point
Malanang,MAL-POST-633,633,I25@2A,OS/WOOD/30FT,8.48398750834168,124.574148114771,Nearest barangay reference point
Malanang,MAL-POST-634,634,I31,C1/STEEL/40FT,8.47991197025328,124.574156961917,Nearest barangay reference point
Malanang,MAL-POST-635,635,I25@2B,OS/WOOD/30FT,8.48437183909119,124.57416337356,Nearest barangay reference point
Malanang,MAL-POST-636,636,I29@1,C8/STEEL/40FT,8.48159000098891,124.574181000751,Nearest barangay reference point
Malanang,MAL-POST-637,637,I25@2C,OS/WOOD/30FT,8.48478668741883,124.574201520532,Nearest barangay reference point
Malanang,MAL-POST-638,638,I30@1,C8/WOOD/30FT,8.48080439146142,124.574284366847,Nearest barangay reference point
Malanang,MAL-POST-639,639,I30@2,C1/WOOD/30FT,8.48066097710162,124.57430138211,Nearest barangay reference point
Malanang,MAL-POST-640,640,I25@4,C8/STEEL/40FT,8.48398922587783,124.574302414023,Nearest barangay reference point
Malanang,MAL-POST-641,641,I25@4,CN25KVA/COMMON,8.48401211406143,124.574302414023,Nearest barangay reference point
Malanang,MAL-POST-642,642,I25.4,UB,8.48397165164352,124.574305530638,Nearest barangay reference point
Malanang,MAL-POST-643,643,I30,C8/WOOD/35FT,8.481060961511,124.574325270535,Nearest barangay reference point
Malanang,MAL-POST-644,644,I29,C1/C7-1/WOOD/35FT,8.48158764078014,124.574375985026,Nearest barangay reference point
Malanang,MAL-POST-645,645,I25@3B,OS/J7/CONCRETE/30FT,8.48413179814816,124.574394021183,Nearest barangay reference point
Malanang,MAL-POST-646,646,I25@3C,OS/J6/J15/STEEL/30FT,8.48447607457639,124.574409279972,Nearest barangay reference point
Malanang,MAL-POST-647,647,I28,C1/WOOD/35FT,8.48216879203903,124.574418231432,Nearest barangay reference point
Malanang,MAL-POST-648,648,I25@3A,OS/WOOD/30FT,8.48394678533078,124.574477944523,Nearest barangay reference point
Malanang,MAL-POST-649,649,I27,C1/WOOD/35FT,8.48279989345125,124.574565931743,Nearest barangay reference point
Malanang,MAL-POST-650,650,I26@1,C1/WOOD/35FT,8.48348178168857,124.574603587614,Nearest barangay reference point
Malanang,MAL-POST-651,651,I26,C8/STEEL/40FT,8.48371655638242,124.574669045754,Nearest barangay reference point
Malanang,MAL-POST-652,652,I25@5,C7/C8/CONCRETE/40FT,8.48393528367406,124.574722991848,Nearest barangay reference point
Nangcaon,NCA-POST-001,1,NANGCAON,NANGCAON,8.37608589304174,124.445740522289,Nearest barangay reference point
Nangcaon,NCA-POST-002,2,Opol,Tagkolot,8.3598544735559,124.447772401867,Nearest barangay reference point
Nangcaon,NCA-POST-003,3,JCC12@4,A5/STEEL/35FT,8.36944585418471,124.448187946549,Nearest barangay reference point
Nangcaon,NCA-POST-004,4,JCC12@3,A1/STEEL/35FT,8.36924209012065,124.448762609831,Nearest barangay reference point
Nangcaon,NCA-POST-005,5,JCC12@2,A4/STEEL/35FT,8.3691301917144,124.449087660036,Nearest barangay reference point
Nangcaon,NCA-POST-006,6,JCC12@1,A4/STEEL/35FT,8.36969630544339,124.449308104091,Nearest barangay reference point
Nangcaon,NCA-POST-007,7,JCC12,AN15KVA/COMMON,8.36970448804366,124.44972443136,Nearest barangay reference point
Nangcaon,NCA-POST-008,8,JCC12,A2/STEEL/35FT,8.3696196110295,124.449732060754,Nearest barangay reference point
Nangcaon,NCA-POST-009,9,JCC12A,OS/STEEL/30FT,8.36993172263289,124.449868208865,Nearest barangay reference point
Nangcaon,NCA-POST-010,10,JCC12B,OS/STEEL/30FT,8.36929455337836,124.449971924681,Nearest barangay reference point
Nangcaon,NCA-POST-011,11,JCC12C,OS/STEEL/30FT,8.36856704808686,124.451029252529,Nearest barangay reference point
Nangcaon,NCA-POST-012,12,JCC11,A1/STEEL/35FT,8.36971331510981,124.452171297027,Nearest barangay reference point
Nangcaon,NCA-POST-013,13,JCC12D,OS/STEEL/30FT,8.36813350609343,124.452197342451,Nearest barangay reference point
Nangcaon,NCA-POST-014,14,JCC8@14B,OS/STEEL/30FT,8.35927236317448,124.453409199523,Nearest barangay reference point
Nangcaon,NCA-POST-015,15,JCC8@14C,OS/STEEL/30FT,8.35964351151922,124.453422777461,Nearest barangay reference point
Nangcaon,NCA-POST-016,16,JCC8@14A,OS/STEEL/30FT,8.35897455471394,124.453512550329,Nearest barangay reference point
Nangcaon,NCA-POST-017,17,JCC8@14D,OS/STEEL/30FT,8.35916112959453,124.453697370364,Nearest barangay reference point
Nangcaon,NCA-POST-018,18,JCC10,A1/STEEL/35FT,8.36980200681193,124.454673738438,Nearest barangay reference point
Nangcaon,NCA-POST-019,19,JCC8@14,A5/STEEL/35FT,8.35884654941894,124.454892374638,Nearest barangay reference point
Nangcaon,NCA-POST-020,20,JCC8@14,AN10KVA/COMMON,8.35895336094237,124.454892374638,Nearest barangay reference point
Nangcaon,NCA-POST-021,21,JCC8@14E,OS/STEEL/30FT,8.35893138813135,124.455061718256,Nearest barangay reference point
Nangcaon,NCA-POST-022,22,JCC8@13,A1-1/STEEL/35FT,8.35868747160099,124.455502326654,Nearest barangay reference point
Nangcaon,NCA-POST-023,23,JCC8@12,A1/STEEL/35FT,8.35807852252584,124.457014425246,Nearest barangay reference point
Nangcaon,NCA-POST-024,24,JCC9,A1/STEEL/35FT,8.36989451321115,124.457206697427,Nearest barangay reference point
Nangcaon,NCA-POST-025,25,JCC8@11,A2/STEEL/35FT,8.3572079861195,124.459056083391,Nearest barangay reference point
Nangcaon,NCA-POST-026,26,JCC8@9,A4/STEEL/35FT,8.35654136897356,124.459568388315,Nearest barangay reference point
Nangcaon,NCA-POST-027,27,JCC8@10,A4/STEEL/35FT,8.3572698360687,124.459625302991,Nearest barangay reference point
Nangcaon,NCA-POST-028,28,JCC8,A1/A5-1/STEEL/35FT,8.3699870196104,124.459732027022,Nearest barangay reference point
Nangcaon,NCA-POST-029,29,JCC8@1,A1/STEEL/35FT,8.36787081633975,124.460372896161,Nearest barangay reference point
Nangcaon,NCA-POST-030,30,JCC8@2,A1/STEEL/35FT,8.3657040683312,124.461036653483,Nearest barangay reference point
Nangcaon,NCA-POST-031,31,JCC8@3,A1/STEEL/35FT,8.36354018134556,124.461700410805,Nearest barangay reference point
Nangcaon,NCA-POST-032,32,JCC8@8,A4/STEEL/35FT,8.35579001276342,124.461827642547,Nearest barangay reference point
Nangcaon,NCA-POST-033,33,JCC7,A1/STEEL/35FT,8.37007571131243,124.462264986011,Nearest barangay reference point
Nangcaon,NCA-POST-034,34,JCC8@4,A1/STEEL/35FT,8.36136866496552,124.462371797521,Nearest barangay reference point
Nangcaon,NCA-POST-035,35,JCC8@5,A1STEEL/35FT,8.35923720290612,124.46301266666,Nearest barangay reference point
Nangcaon,NCA-POST-036,36,JCC8@7,A2/STEEL/35FT,8.35691335483177,124.463307049813,Nearest barangay reference point
Nangcaon,NCA-POST-037,37,JCC8@6,A4/STEEL/35FT,8.35708631904606,124.463673177391,Nearest barangay reference point
Nangcaon,NCA-POST-038,38,JCC6,A1/STEEL/35FT,8.37016821771167,124.464790315606,Nearest barangay reference point
Nangcaon,NCA-POST-039,39,JCC8@6A,OS/STEEL/30FT,8.35645453943549,124.464819176629,Nearest barangay reference point
Nangcaon,NCA-POST-040,40,JCC8@6B,OS/STEEL/30FT,8.35629050445671,124.46494708732,Nearest barangay reference point
Nangcaon,NCA-POST-041,41,JCC8@6C,OS/STEEL/30FT,8.35655855748125,124.465094778994,Nearest barangay reference point
Nangcaon,NCA-POST-042,42,JCC5.1,A1-1/STEEL/35FT,8.37026167778531,124.467285127623,Nearest barangay reference point
Nangcaon,NCA-POST-043,43,JCC4A,OS/STEEL/30FT,8.36930785908018,124.469732206677,Nearest barangay reference point
Nangcaon,NCA-POST-044,44,JCC5,A4/STEEL/35FT,8.37035282072831,124.469817920836,Nearest barangay reference point
Nangcaon,NCA-POST-045,45,JCB57B,OS/STEEL/30FT,8.36848189825142,124.469958041981,Nearest barangay reference point
Nangcaon,NCA-POST-046,46,JCB57A,OS/STEEL/30FT,8.36831711093882,124.470239083535,Nearest barangay reference point
Nangcaon,NCA-POST-047,47,JCC4,A4/STEEL/35FT,8.36987970141719,124.470292617816,Nearest barangay reference point
Nangcaon,NCA-POST-048,48,JCB57,A5/STEEL/35FT,8.3683617069668,124.47056036264,Nearest barangay reference point
Nangcaon,NCA-POST-049,49,JCC3,A4/STEEL/35FT,8.37027700361862,124.4707822886,Nearest barangay reference point
Nangcaon,NCA-POST-050,50,JCB57C,OS/STEEL/30FT,8.36862531519349,124.470924639938,Nearest barangay reference point
Nangcaon,NCA-POST-051,51,JCC2,A1/STEEL/35FT,8.36980350991649,124.471042379056,Nearest barangay reference point
Nangcaon,NCA-POST-052,52,JCC1,A1-1/STEEL/35FT,8.36930361321981,124.47131378508,Nearest barangay reference point
Nangcaon,NCA-POST-053,53,JCB56,AN25KVA/COMMON,8.36897356554595,124.471461051393,Nearest barangay reference point
Nangcaon,NCA-POST-054,54,JCB56,A4/A5-1/STEEL/35FT,8.36884386583892,124.471476310182,Nearest barangay reference point
Nangcaon,NCA-POST-055,55,JCB55,A1-1/WOOD/35FT,8.36921627378585,124.472801572896,Nearest barangay reference point
Nangcaon,NCA-POST-056,56,Opol,Lagundang,8.37153889128051,124.473758119641,Nearest barangay reference point
Nangcaon,NCA-POST-057,57,JCB54,A6/STEEL/35FT,8.3695864763615,124.47394558906,Nearest barangay reference point
Nangcaon,NCA-POST-058,58,JCB53,A1/WOOD/35FT,8.36996222403168,124.475082368848,Nearest barangay reference point
Nangcaon,NCA-POST-059,59,JCB52,A1/WOOD/35FT,8.37033701802756,124.47622677803,Nearest barangay reference point
Nangcaon,NCA-POST-060,60,JCB51,A1/WOOD/35FT,8.37071753406919,124.477378816607,Nearest barangay reference point
Nangcaon,NCA-POST-061,61,JCB50,A2/WOOD/35FT,8.37108770125455,124.478537644526,Nearest barangay reference point
Nangcaon,NCA-POST-062,62,JCB49,A4/WOOD/35FT,8.37250214738403,124.479969189773,Nearest barangay reference point
Nangcaon,NCA-POST-063,63,JCB48,A6/WOOD/35FT,8.37325693774952,124.480312763986,Nearest barangay reference point
Patag,PTG-POST-001,1,IR53@4,AN10KVA/COMMON,8.46433259381012,124.526456587373,Nearest barangay reference point
Patag,PTG-POST-002,2,IR53@4,A5/STEEL/35FT,8.46419049633697,124.526479475556,Nearest barangay reference point
Patag,PTG-POST-003,3,IR53@3,A1/STEEL/35FT,8.46420516069039,124.528127696834,Nearest barangay reference point
Patag,PTG-POST-004,4,IR53@2,A1/STEEL/35FT,8.46408119711276,124.529485647074,Nearest barangay reference point
Patag,PTG-POST-005,5,IR52A,OS/STEEL/30FT,8.46575766266689,124.529899709703,Nearest barangay reference point
Patag,PTG-POST-006,6,IR55.4B,OS/STEEL/30FT,8.4572543809734,124.530302797224,Nearest barangay reference point
Patag,PTG-POST-007,7,IR53@1,A1/STEEL/35FT,8.46398354667147,124.530362057965,Nearest barangay reference point
Patag,PTG-POST-008,8,IR52,A4/STEEL/35FT,8.46457450040478,124.530792217422,Nearest barangay reference point
Patag,PTG-POST-009,9,IR52,AN10KVA/COMMON,8.46470801480908,124.530792217422,Nearest barangay reference point
Patag,PTG-POST-010,10,IR55.4A,OS/STEEL/30FT,8.45690158873308,124.530792800762,Nearest barangay reference point
Patag,PTG-POST-011,11,IR53,A4/A5-1/CONCRETE/35FT,8.46391837248258,124.531089763809,Nearest barangay reference point
Patag,PTG-POST-012,12,IR54,A4/STEEL/35FT,8.46224168080715,124.531653865891,Nearest barangay reference point
Patag,PTG-POST-013,13,IR55@2,A4/STEEL/35FT,8.45969469065845,124.531938274304,Nearest barangay reference point
Patag,PTG-POST-014,14,IR55@3,A1/STEEL/35FT,8.45853983641142,124.53201630997,Nearest barangay reference point
Patag,PTG-POST-015,15,IR55@4,A2/STEEL/35FT,8.45785469880181,124.532073642526,Nearest barangay reference point
Patag,PTG-POST-016,16,IR55@5,A2/STEEL/35FT,8.4573708972178,124.532446807771,Nearest barangay reference point
Patag,PTG-POST-017,17,IR55,A4/A5-1/STEEL/35FT,8.46154844153941,124.53281157622,Nearest barangay reference point
Patag,PTG-POST-018,18,IR55@1,A4/STEEL/35FT,8.46042534251428,124.532848890804,Nearest barangay reference point
Patag,PTG-POST-019,19,IR50,A1-1/CONCRETE/35FT,8.46622703942468,124.53335102075,Nearest barangay reference point
Patag,PTG-POST-020,20,IR56,A1-1/STEEL/35FT,8.46208354222945,124.533541748022,Nearest barangay reference point
Patag,PTG-POST-021,21,IR55@6,A4/STEEL/35FT,8.4571643618237,124.533564028056,Nearest barangay reference point
Patag,PTG-POST-022,22,IR55@11,AN10KVA/COMMON,8.45308843828404,124.533831497665,Nearest barangay reference point
Patag,PTG-POST-023,23,IR55@11,A5/STEEL/35FT,8.4529463408109,124.533839127059,Nearest barangay reference point
Patag,PTG-POST-024,24,IR55@7,A2/STEEL/35FT,8.45570406777301,124.533928805858,Nearest barangay reference point
Patag,PTG-POST-025,25,IR57,A4/CONCRETE/35FT,8.46249418656258,124.533962402215,Nearest barangay reference point
Patag,PTG-POST-026,26,IR55@10,A2/STEEL/35FT,8.45333416822645,124.534252767825,Nearest barangay reference point
Patag,PTG-POST-027,27,IR55@8,A2/STEEL/35FT,8.45507601252388,124.534420075921,Nearest barangay reference point
Patag,PTG-POST-028,28,IR49,A4/CONCRETE/35FT,8.46593712615894,124.534430540961,Nearest barangay reference point
Patag,PTG-POST-029,29,IR55@9,A2/STEEL/35FT,8.45431267658631,124.534556196864,Nearest barangay reference point
Patag,PTG-POST-030,30,IR58,A1-1/CONCRETE/35FT,8.46257250892425,124.535106444455,Nearest barangay reference point
Patag,PTG-POST-031,31,Opol,Benigwayan,8.46488563458656,124.535310098659,Nearest barangay reference point
Patag,PTG-POST-032,32,IR55@11B,OS/STEEL/30FT,8.45164605695487,124.53532507055,Nearest barangay reference point
Patag,PTG-POST-033,33,IR59,A1-1/CONCRETE/35FT,8.4623774266493,124.535686392061,Nearest barangay reference point
Patag,PTG-POST-034,34,IR48,A1-1/CONCRETE/35FT,8.46617630096939,124.535875517739,Nearest barangay reference point
Patag,PTG-POST-035,35,IR48,AN10KVA/COMMON,8.46632602783706,124.535883147134,Nearest barangay reference point
Patag,PTG-POST-036,36,IR60,AN10KVA/COMMON,8.46201907421732,124.53599442514,Nearest barangay reference point
Patag,PTG-POST-037,37,IR60,A1-1/CONCRETE/35FT,8.46186839367533,124.536002054535,Nearest barangay reference point
Patag,PTG-POST-038,38,IR55@11C,OS/STEEL/30FT,8.45240931049413,124.536380596955,Nearest barangay reference point
Patag,PTG-POST-039,39,IR47,A1/CONCRETE/35FT,8.4658636503939,124.536495096846,Nearest barangay reference point
Patag,PTG-POST-040,40,IR61,A1-1/CONCRETE/35FT,8.46150303396962,124.536512449108,Nearest barangay reference point
Patag,PTG-POST-041,41,IR55@11D,OS/STEEL/30FT,8.45185409070196,124.537004884607,Nearest barangay reference point
Patag,PTG-POST-042,42,IR46,A6/CONCRETE/35FT,8.46558679985844,124.537082433565,Nearest barangay reference point
Patag,PTG-POST-043,43,IR62,A2/STEEL/35FT,8.4610101836555,124.537411315092,Nearest barangay reference point
Patag,PTG-POST-044,44,IR45,A4/CONCRETE/35FT,8.46543010297155,124.537887563794,Nearest barangay reference point
Patag,PTG-POST-045,45,IR62A,OS/WOOD/30FT,8.46066037192941,124.538041641936,Nearest barangay reference point
Patag,PTG-POST-046,46,IR63,A1-1/CONCRETE/35FT,8.46099389854745,124.538588028128,Nearest barangay reference point
Patag,PTG-POST-047,47,IR44,A1-1/CONCRETE/35FT,8.46573401029009,124.53909550035,Nearest barangay reference point
Patag,PTG-POST-048,48,JA8C,OS/STEEL/30FT,8.50060701410171,124.539474190439,Nearest barangay reference point
Patag,PTG-POST-049,49,JA8CA,OS/STEEL/30FT,8.50150052784235,124.539629338574,Nearest barangay reference point
Patag,PTG-POST-050,50,IR43,A1/WOOD/35FT,8.46591009731035,124.539638304949,Nearest barangay reference point
Patag,PTG-POST-051,51,JA8A,OS/WOOD/30FT,8.49998700143808,124.539704861009,Nearest barangay reference point
Patag,PTG-POST-052,52,IR64,A1-1/CONCRETE/35FT,8.46059303123691,124.539778118681,Nearest barangay reference point
Patag,PTG-POST-053,53,JD20,A2/STEEL/35FT,8.47961400361918,124.539820995548,Nearest barangay reference point
Patag,PTG-POST-054,54,IR69C,OS/STEEL/30FT,8.4553779102862,124.539882717654,Nearest barangay reference point
Patag,PTG-POST-055,55,303-00140,303-00140,8.48976599974416,124.540025996842,Nearest barangay reference point
Patag,PTG-POST-056,56,489,,8.48983022045898,124.540035741211,Nearest barangay reference point
Patag,PTG-POST-057,57,J17,C1/STEEL/35FT,8.489665980119,124.540076320629,Nearest barangay reference point
Patag,PTG-POST-058,58,JA8B,OS/WOOD/30FT,8.49885301214076,124.540109457092,Nearest barangay reference point
Patag,PTG-POST-059,59,IR42,A2/CONCRETE/35FT,8.46610996099542,124.540125038342,Nearest barangay reference point
Patag,PTG-POST-060,60,Elsalvador,Tuling,8.49938598365219,124.540324015312,Nearest barangay reference point
Patag,PTG-POST-061,61,IR65,A1-1/CONCRETE/35FT,8.46042997528069,124.540443792667,Nearest barangay reference point
Patag,PTG-POST-062,62,L-C227,HT/Steel,8.48171218447395,124.540481557945,Nearest barangay reference point
Patag,PTG-POST-063,63,JA8CB,OS/STEEL/30FT,8.50139025255247,124.540565440374,Nearest barangay reference point
Patag,PTG-POST-064,64,IR69B,OS/STEEL/30FT,8.45589894801379,124.540628045797,Nearest barangay reference point
Patag,PTG-POST-065,65,JA8,AN15VA/COMMON,8.49959996966553,124.540653447266,Nearest barangay reference point
Patag,PTG-POST-066,66,JA8,A5/WOOD/35FT,8.49955712859108,124.540663137687,Nearest barangay reference point
Patag,PTG-POST-067,67,303-00135,303-00135,8.48962899695311,124.540821003708,Nearest barangay reference point
Patag,PTG-POST-068,68,IR66,A4/CONCRETE/35FT,8.46032201636829,124.540876634148,Nearest barangay reference point
Patag,PTG-POST-069,69,JA6B,OS/STEEL/30FT,8.49819696254711,124.540919230511,Nearest barangay reference point
Patag,PTG-POST-070,70,JA6C,OS/STEEL/30FT,8.49757906558864,124.540939678826,Nearest barangay reference point
Patag,PTG-POST-071,71,JD21,A2/STEEL/35FT,8.47961199920795,124.540953998249,Nearest barangay reference point
Patag,PTG-POST-072,72,IR69A,OS/STEEL/30FT,8.45603750087322,124.540989976376,Nearest barangay reference point
Patag,PTG-POST-073,73,IR41,A1-1/CONCRETE/35FT,8.46642228746881,124.541001299264,Nearest barangay reference point
Patag,PTG-POST-074,74,J16,C8/WOOD/35FT,8.48986060790387,124.541105450703,Nearest barangay reference point
Patag,PTG-POST-075,75,JA6A,OS/STEEL/30FT,8.49799479680805,124.541195835535,Nearest barangay reference point
Patag,PTG-POST-076,76,IR67,A1-1/CONCRETE/35FT,8.45881788386196,124.541248874466,Nearest barangay reference point
Patag,PTG-POST-077,77,JA7,A1/WOOD/35FT,8.4988219411784,124.541261615002,Nearest barangay reference point
Patag,PTG-POST-078,78,L-C228,HT/Steel,8.48131406270132,124.541350304956,Nearest barangay reference point
Patag,PTG-POST-079,79,JA8CC,OS/STEEL/30FT,8.50127200242384,124.541542000302,Nearest barangay reference point
Patag,PTG-POST-080,80,303-00130,303-00130,8.49005400096956,124.541576999997,Nearest barangay reference point
Patag,PTG-POST-081,81,488,,8.49010922045898,124.541583370605,Nearest barangay reference point
Patag,PTG-POST-082,82,JD22,A4/STEEL/35FT,8.47954699683385,124.541686004309,Nearest barangay reference point
Patag,PTG-POST-083,83,IR40,A4/CONCRETE/35FT,8.46717539960094,124.541690531987,Nearest barangay reference point
Patag,PTG-POST-084,84,IR68,A4/STEEL/35FT,8.45791709377479,124.54173082831,Nearest barangay reference point
Patag,PTG-POST-085,85,JA6,A1/WOOD/35FT,8.49798216901067,124.541816152287,Nearest barangay reference point
Patag,PTG-POST-086,86,Opol,Sitio Iso Patag,8.48021881023113,124.541955301289,Nearest barangay reference point
Patag,PTG-POST-087,87,IR68A,OS/WOOD/30FT,8.45828443765641,124.542023967952,Nearest barangay reference point
Patag,PTG-POST-088,88,J15,C1/WOOD/35FT,8.49021683877922,124.542030896634,Nearest barangay reference point
Patag,PTG-POST-089,89,L-C229,HT/Wood,8.48095115237242,124.542160024742,Nearest barangay reference point
Patag,PTG-POST-090,90,IR38A,OS/WOOD/30FT,8.46974853426219,124.542194707319,Nearest barangay reference point
Patag,PTG-POST-091,91,IR39,A6/CONCRETE/35FT,8.46854012616483,124.542196960989,Nearest barangay reference point
Patag,PTG-POST-092,92,487,,8.49035400799561,124.542228594238,Nearest barangay reference point
Patag,PTG-POST-093,93,303-00125,303-00125,8.49030299848947,124.542238999592,Nearest barangay reference point
Patag,PTG-POST-094,94,JA5,A1/WOOD/35FT,8.49703358904386,124.542592316521,Nearest barangay reference point
Patag,PTG-POST-095,95,IR69,A4/CONCRETE/35FT,8.45763568534847,124.542598768797,Nearest barangay reference point
Patag,PTG-POST-096,96,JD23,A1-1/STEEL/35FT,8.47870794036756,124.542723691247,Nearest barangay reference point
Patag,PTG-POST-097,97,JA5A,OS/STEEL/30FT,8.49774700236824,124.542918000977,Nearest barangay reference point
Patag,PTG-POST-098,98,486,,8.49052337860107,124.54294,Nearest barangay reference point
Patag,PTG-POST-099,99,303-00120,303-00120,8.4904563394644,124.542941625225,Nearest barangay reference point
Patag,PTG-POST-100,100,IR38,A4/STEEL/35FT,8.47067030302289,124.542985698079,Nearest barangay reference point
Patag,PTG-POST-101,101,JD24D,OS/STEEL/30FT,8.47917999915327,124.543155000091,Nearest barangay reference point
Patag,PTG-POST-102,102,JA4,A1/WOOD/35FT,8.49614259275136,124.543184078884,Nearest barangay reference point
Patag,PTG-POST-103,103,J14,C1-1/WOOD/35FT,8.49058199674254,124.543190996693,Nearest barangay reference point
Patag,PTG-POST-104,104,IR70,A4/CONCRETE/35FT,8.45782972267928,124.54327922101,Nearest barangay reference point
Patag,PTG-POST-105,105,L-C230,HT/Wood,8.48087581210065,124.543357839685,Nearest barangay reference point
Patag,PTG-POST-106,106,485,,8.49066202716064,124.543455964844,Nearest barangay reference point
Patag,PTG-POST-107,107,303-00115,303-00115,8.4906140019961,124.543465997248,Nearest barangay reference point
Patag,PTG-POST-108,108,JD24,BN15VA/COMMON,8.47794500008639,124.543471371914,Nearest barangay reference point
Patag,PTG-POST-109,109,JD24,A5/STEEL/35FT,8.47784200421065,124.543479000706,Nearest barangay reference point
Patag,PTG-POST-110,110,IR71,A1/CONCRETE/35FT,8.45742196172097,124.543875483525,Nearest barangay reference point
Patag,PTG-POST-111,111,303-00110,303-00110,8.49078200364284,124.543923000617,Nearest barangay reference point
Patag,PTG-POST-112,112,484,,8.4908361741333,124.543926,Nearest barangay reference point
Patag,PTG-POST-113,113,JD24A,OS/STEEL/30FT,8.47735100259356,124.543932004528,Nearest barangay reference point
Patag,PTG-POST-114,114,JA3,A2/WOOD/35FT,8.49521287206639,124.543945071873,Nearest barangay reference point
Patag,PTG-POST-115,115,J13,C1/WOOD/35FT,8.4908149713722,124.544066944738,Nearest barangay reference point
Patag,PTG-POST-116,116,IR72,AN10KVA/COMMON,8.45730414755414,124.544205395234,Nearest barangay reference point
Patag,PTG-POST-117,117,IR72,A3/CONCRETE/35FT,8.45715442068647,124.544220654023,Nearest barangay reference point
Patag,PTG-POST-118,118,JD24E,OS/STEEL/30FT,8.4790750011112,124.544291003479,Nearest barangay reference point
Patag,PTG-POST-119,119,IR37,AN10KVA/COMMON,8.47148853322959,124.544297143689,Nearest barangay reference point
Patag,PTG-POST-120,120,IR37,A4/CONCRETE/35FT,8.47133022329307,124.544312402478,Nearest barangay reference point
Patag,PTG-POST-121,121,IR82F,OS/WOOD/30FT,8.45157564617694,124.544328404591,Nearest barangay reference point
Patag,PTG-POST-122,122,IR73,A1-1/STEEL/35FT,8.45651420161639,124.544344143671,Nearest barangay reference point
Patag,PTG-POST-123,123,JD24B,OS/STEEL/30FT,8.47660200218951,124.544435000903,Nearest barangay reference point
Patag,PTG-POST-124,124,JA2,A1/WOOD/35FT,8.4938812391326,124.544441448178,Nearest barangay reference point
Patag,PTG-POST-125,125,483,,8.49120522045899,124.544448964844,Nearest barangay reference point
Patag,PTG-POST-126,126,303-00105,303-00105,8.4911499954592,124.544453999912,Nearest barangay reference point
Patag,PTG-POST-127,127,IR36,A1-1/CONCRETE/35FT,8.47187084300511,124.544571805618,Nearest barangay reference point
Patag,PTG-POST-128,128,L-C231,HT/Wood,8.48079665713162,124.544586172205,Nearest barangay reference point
Patag,PTG-POST-129,129,IR82E,OS/WOOD/30FT,8.45158084295691,124.544636439532,Nearest barangay reference point
Patag,PTG-POST-130,130,IR72A,OS/STEEL/30FT,8.45721423625947,124.544674409554,Nearest barangay reference point
Patag,PTG-POST-131,131,JD24C,OS/STEEL/30FT,8.47626000027159,124.544684003419,Nearest barangay reference point
Patag,PTG-POST-132,132,J12B,OS/WOOD/30FT,8.4911829006502,124.544727551226,Nearest barangay reference point
Patag,PTG-POST-133,133,JD24F,OS/STEEL/30FT,8.47935800064114,124.544832998218,Nearest barangay reference point
Patag,PTG-POST-134,134,JA1,A1/WOOD/35FT,8.49249599894665,124.544867997141,Nearest barangay reference point
Patag,PTG-POST-135,135,JA3A,OS/STEEL/30FT,8.49550716381896,124.544880466345,Nearest barangay reference point
Patag,PTG-POST-136,136,IR80A,OS/WOOD/30FT,8.45228215679527,124.544941289351,Nearest barangay reference point
Patag,PTG-POST-137,137,IR74,A1-1/CONCRETE/35FT,8.4558163243657,124.544951496375,Nearest barangay reference point
Patag,PTG-POST-138,138,IR35,A4/CONCRETE/35FT,8.47249998865282,124.54502526658,Nearest barangay reference point
Patag,PTG-POST-139,139,IR82D,OS/WOOD/30FT,8.45162887126208,124.545068442822,Nearest barangay reference point
Patag,PTG-POST-140,140,IR80,A4/CONCRETE/35FT,8.45249069070097,124.545088134432,Nearest barangay reference point
Patag,PTG-POST-141,141,IR80,AN25KVA/COMMON,8.45259654855009,124.545088134432,Nearest barangay reference point
Patag,PTG-POST-142,142,303-00100,303-00100,8.49089899622489,124.545124002022,Nearest barangay reference point
Patag,PTG-POST-143,143,482,,8.49095896166992,124.545127370605,Nearest barangay reference point
Patag,PTG-POST-144,144,JA3B,OS/STEEL/30FT,8.49647700279188,124.545227995769,Nearest barangay reference point
Patag,PTG-POST-145,145,J12,C4/A5-1/WOOD/35FT,8.49117800153187,124.545279003055,Nearest barangay reference point
Patag,PTG-POST-146,146,J12A,OS/STEEL/30FT,8.4907423524255,124.545314870625,Nearest barangay reference point
Patag,PTG-POST-147,147,IR81,A1-1/CONCRETE/35FT,8.45225599927831,124.545316615799,Nearest barangay reference point
Patag,PTG-POST-148,148,IR79,A1-1/CONCRETE/35FT,8.45297571790358,124.545368320966,Nearest barangay reference point
Patag,PTG-POST-149,149,IR35A,OS/WOOD/30FT,8.47252319566906,124.545399779454,Nearest barangay reference point
Patag,PTG-POST-150,150,IR82C,OS/WOOD/30FT,8.45163985155524,124.545450238511,Nearest barangay reference point
Patag,PTG-POST-151,151,IR77,A4/CONCRETE/35FT,8.45392419356573,124.545634202387,Nearest barangay reference point
Patag,PTG-POST-152,152,IR35B,OS/WOOD/30FT,8.47257533110679,124.545648302883,Nearest barangay reference point
Patag,PTG-POST-153,153,IR34,A4/CONCRETE/35FT,8.4722410996045,124.545674916231,Nearest barangay reference point
Patag,PTG-POST-154,154,IR78,A4/CONCRETE/35FT,8.45331207063452,124.545678212966,Nearest barangay reference point
Patag,PTG-POST-155,155,IR82,A5/CONCRETE/35FT,8.45192626638679,124.545681901002,Nearest barangay reference point
Patag,PTG-POST-156,156,JA3C,OS/STEEL/30FT,8.49685900113713,124.545692003827,Nearest barangay reference point
Patag,PTG-POST-157,157,L-C232,HT/Wood,8.48071368746538,124.545776357752,Nearest barangay reference point
Patag,PTG-POST-158,158,303-00095,303-00095,8.49086399615708,124.545811997145,Nearest barangay reference point
Patag,PTG-POST-159,159,481,,8.49092735943604,124.545824,Nearest barangay reference point
Patag,PTG-POST-160,160,IR75,A4/CONCRETE/35FT,8.4552530604776,124.545965473828,Nearest barangay reference point
Patag,PTG-POST-161,161,IR76,A3/CONCRETE/35FT,8.45458261626665,124.546015592021,Nearest barangay reference point
Patag,PTG-POST-162,162,IR82A,OS/WOOD/30FT,8.45243378542364,124.546055328101,Nearest barangay reference point
Patag,PTG-POST-163,163,IR33,A4/CONCRETE/35FT,8.47212064420557,124.546105941631,Nearest barangay reference point
Patag,PTG-POST-164,164,IR33,AN15KVA/COMMON,8.4722617880044,124.546121200421,Nearest barangay reference point
Patag,PTG-POST-165,165,J11D,OS/STEEL/30FT,8.48814563709438,124.546125398189,Nearest barangay reference point
Patag,PTG-POST-166,166,IR33A,OS/CONCRETE/30FT,8.47170713357628,124.546209219843,Nearest barangay reference point
Patag,PTG-POST-167,167,J11B,OS/STEEL/30FT,8.49033440030209,124.546287425258,Nearest barangay reference point
Patag,PTG-POST-168,168,IR33B,OS/CONCRETE/30FT,8.47096298821271,124.546371912584,Nearest barangay reference point
Patag,PTG-POST-169,169,IR33C,OS/WOOD/30FT,8.46982941962779,124.546373253688,Nearest barangay reference point
Patag,PTG-POST-170,170,J11C,OS/STEEL/30FT,8.48918993871766,124.546413821971,Nearest barangay reference point
Patag,PTG-POST-171,171,480,,8.49109498083496,124.546513853027,Nearest barangay reference point
Patag,PTG-POST-172,172,J11A,OS/STEEL/30FT,8.49092507774345,124.546518005766,Nearest barangay reference point
Patag,PTG-POST-173,173,IR32,A2/CONCRETE/35FT,8.47275345740163,124.546520598107,Nearest barangay reference point
Patag,PTG-POST-174,174,303-00090,303-00090,8.49104099761088,124.546525000247,Nearest barangay reference point
Patag,PTG-POST-175,175,Opol,PATAG,8.50236026684975,124.546563455593,Nearest barangay reference point
Patag,PTG-POST-176,176,Opol,Nahulugan,8.45256225506996,124.546578714382,Nearest barangay reference point
Patag,PTG-POST-177,177,IR32A,OS/WOOD/30FT,8.47296634688974,124.546586573124,Nearest barangay reference point
Patag,PTG-POST-178,178,IR31,A3/CONCRETE/35FT,8.47323867832471,124.546826913827,Nearest barangay reference point
Patag,PTG-POST-179,179,JA3D,OS/STEEL/30FT,8.49667199693149,124.546836002005,Nearest barangay reference point
Patag,PTG-POST-180,180,IR30,UB,8.47411734052003,124.546844983474,Nearest barangay reference point
Patag,PTG-POST-181,181,IR30,A2/CONCRETE/35FT,8.47411315482412,124.546861577654,Nearest barangay reference point
Patag,PTG-POST-182,182,IR82B,OS/WOOD/30FT,8.45230663195253,124.546880526468,Nearest barangay reference point
Patag,PTG-POST-183,183,L-C233,HT/Wood,8.4806393008679,124.546997060878,Nearest barangay reference point
Patag,PTG-POST-184,184,303-00085,303-00085,8.49107300234781,124.547106998327,Nearest barangay reference point
Patag,PTG-POST-185,185,479,,8.49112719329834,124.547112223633,Nearest barangay reference point
Patag,PTG-POST-186,186,IR29,A2/CONCRETE/35FT,8.47497239861527,124.547180168207,Nearest barangay reference point
Patag,PTG-POST-187,187,J11,C8/WOOD/35FT,8.49130724052671,124.547193143171,Nearest barangay reference point
Patag,PTG-POST-188,188,IR28,A2/CONCRETE/35FT,8.47557633708548,124.547564124565,Nearest barangay reference point
Patag,PTG-POST-189,189,303-00080,303-00080,8.49091299539419,124.547655003177,Nearest barangay reference point
Patag,PTG-POST-190,190,478,,8.49097077636719,124.547656853027,Nearest barangay reference point
Patag,PTG-POST-191,191,J10.4,C1/STEEL/35FT,8.49136589902484,124.547750585762,Nearest barangay reference point
Patag,PTG-POST-192,192,IR27,A2/CONCRETE/35FT,8.4765388924872,124.547894308221,Nearest barangay reference point
Patag,PTG-POST-193,193,IR26,A4/CONCRETE/35FT,8.47712068782904,124.54805937211,Nearest barangay reference point
Patag,PTG-POST-194,194,K2@15E,OS/STEEL/30FT,8.49917429499329,124.548187935725,Nearest barangay reference point
Patag,PTG-POST-195,195,L-C234,HT/Wood,8.48056109957321,124.54819487582,Nearest barangay reference point
Patag,PTG-POST-196,196,K2@15D,OS/STEEL/30FT,8.49980109371246,124.548472082242,Nearest barangay reference point
Patag,PTG-POST-197,197,303-00075,303-00075,8.49082800152573,124.548492003881,Nearest barangay reference point
Patag,PTG-POST-198,198,477,,8.4908781741333,124.548492629395,Nearest barangay reference point
Patag,PTG-POST-199,199,J10,C1/A5-1/STEEL/35FT,8.49145231746432,124.548612461379,Nearest barangay reference point
Patag,PTG-POST-200,200,J10,BN15KVA,8.491528800354,124.548624542969,Nearest barangay reference point
Patag,PTG-POST-201,201,Elsalvador,Mamis,8.49044438177916,124.548656416827,Nearest barangay reference point
Patag,PTG-POST-202,202,J10@1,A4/STEEL/35FT,8.49239400129736,124.54873125861,Nearest barangay reference point
Patag,PTG-POST-203,203,J10A,OS/WOOD/30FT,8.49084921909845,124.54874793334,Nearest barangay reference point
Patag,PTG-POST-204,204,J10B,OS/WOOD/30FT,8.49115993932398,124.548814981948,Nearest barangay reference point
Patag,PTG-POST-205,205,IR25A,OS/WOOD/30FT,8.47796196117998,124.548817500472,Nearest barangay reference point
Patag,PTG-POST-206,206,J10@2,A1/STEEL/35FT,8.49322254155416,124.548858894406,Nearest barangay reference point
Patag,PTG-POST-207,207,J10@3,A5/STEEL/35FT,8.49392755464215,124.548966616973,Nearest barangay reference point
Patag,PTG-POST-208,208,025,AN10KVA,8.49399988500977,124.549005888184,Nearest barangay reference point
Patag,PTG-POST-209,209,J10@3,AN10KVA,8.49399988500977,124.549005888184,Nearest barangay reference point
Patag,PTG-POST-210,210,K2@15C,OS/STEEL/30FT,8.50054616108537,124.549048338086,Nearest barangay reference point
Patag,PTG-POST-211,211,IR25,A4/CONCRETE/35FT,8.47760757023215,124.54907225619,Nearest barangay reference point
Patag,PTG-POST-212,212,303-00070,303-00070,8.49094800165141,124.549214996424,Nearest barangay reference point
Patag,PTG-POST-213,213,476,,8.4910091741333,124.549227,Nearest barangay reference point
Patag,PTG-POST-214,214,J9A,OS/WOOD/30FT,8.49111064948575,124.549415717793,Nearest barangay reference point
Patag,PTG-POST-215,215,L-C235,HT/Wood,8.48048099092986,124.549423208341,Nearest barangay reference point
Patag,PTG-POST-216,216,IR24,A2/CONCRETE/35FT,8.47799158246732,124.549497771887,Nearest barangay reference point
Patag,PTG-POST-217,217,J9,C1/WOOD/35FT,8.49146916957259,124.549514015795,Nearest barangay reference point
Patag,PTG-POST-218,218,J9,BN15KVA,8.49158602081299,124.549555329102,Nearest barangay reference point
Patag,PTG-POST-219,219,Opol,Mala-Oro,8.47775928418373,124.549592325222,Nearest barangay reference point
Patag,PTG-POST-220,220,Opol,MALANANG,8.47145168225502,124.549607584011,Nearest barangay reference point
Patag,PTG-POST-221,221,IR24A,OS/CONCRETE/30FT,8.47740685265261,124.549643612772,Nearest barangay reference point
Patag,PTG-POST-222,222,303-00065,303-00065,8.49110100067614,124.549756998773,Nearest barangay reference point
Patag,PTG-POST-223,223,475,,8.49116863739014,124.549762482422,Nearest barangay reference point
Patag,PTG-POST-224,224,K2@15B,OS/STEEL/30FT,8.50013989023865,124.549886612222,Nearest barangay reference point
Patag,PTG-POST-225,225,IR23,A4/CONCRETE/35FT,8.47836500183866,124.549987116708,Nearest barangay reference point
Patag,PTG-POST-226,226,J8A,OS/WOOD/30FT,8.49090751439776,124.550216803837,Nearest barangay reference point
Patag,PTG-POST-227,227,303-00060,303-00060,8.4913269989541,124.550446003831,Nearest barangay reference point
Patag,PTG-POST-228,228,474,,8.49138159106445,124.550454111816,Nearest barangay reference point
Patag,PTG-POST-229,229,J8,C14/STEEL/50FT,8.4914427758883,124.55049016479,Nearest barangay reference point
Patag,PTG-POST-230,230,L-C236,HT/Wood,8.48041074499264,124.550532512248,Nearest barangay reference point
Patag,PTG-POST-231,231,K2@14C,OS/WOOD/30FT,8.5066718235612,124.551088744775,Nearest barangay reference point
Patag,PTG-POST-232,232,473,,8.4915920079956,124.551142629395,Nearest barangay reference point
Patag,PTG-POST-233,233,303-00055,303-00055,8.4915310010509,124.551151996231,Nearest barangay reference point
Patag,PTG-POST-234,234,K2@12,A3/STEEL/35FT,8.5047361906618,124.551398037002,Nearest barangay reference point
Patag,PTG-POST-235,235,L-C237,HT/Wood,8.48039897493708,124.551437368498,Nearest barangay reference point
Patag,PTG-POST-236,236,K2@15A,OS/WOOD/30FT,8.50081086158753,124.551544636488,Nearest barangay reference point
Patag,PTG-POST-237,237,K2@11,A1/STEEL/35FT,8.50382423959673,124.551570788026,Nearest barangay reference point
Patag,PTG-POST-238,238,303-00050,303-00050,8.49158200349966,124.55171399826,Nearest barangay reference point
Patag,PTG-POST-239,239,472,,8.49164459106445,124.551722370605,Nearest barangay reference point
Patag,PTG-POST-240,240,K2@10,A4/STEEL/35FT,8.50295109674335,124.551738593727,Nearest barangay reference point
Patag,PTG-POST-241,241,J7,C2/STEEL/35FT,8.49148879253181,124.551801932639,Nearest barangay reference point
Patag,PTG-POST-242,242,K2@13,A2/STEEL/35FT,8.50564411841334,124.55206649378,Nearest barangay reference point
Patag,PTG-POST-243,243,IR15@3C,OS/STEEL/30FT,8.48150540795325,124.552101945398,Nearest barangay reference point
Patag,PTG-POST-244,244,IR22,A4/CONCRETE/35FT,8.47926755026282,124.552183514342,Nearest barangay reference point
Patag,PTG-POST-245,245,K2@9,A1/STEEL/35FT,8.50251238793135,124.552231868729,Nearest barangay reference point
Patag,PTG-POST-246,246,K2@15,A5/STEEL/35FT,8.50046854466201,124.552327673882,Nearest barangay reference point
Patag,PTG-POST-247,247,471,,8.49188275720215,124.552370370605,Nearest barangay reference point
Patag,PTG-POST-248,248,IR15@3B,OS/STEEL/30FT,8.48234032976908,124.552370671759,Nearest barangay reference point
Patag,PTG-POST-249,249,303-00045,303-00045,8.49183200101245,124.552378996311,Nearest barangay reference point
Patag,PTG-POST-250,250,K2@14A,OS/WOOD/30FT,8.50697013549507,124.552420796827,Nearest barangay reference point
Patag,PTG-POST-251,251,K2@14,A5/STEEL/35FT,8.5061728488654,124.552522804588,Nearest barangay reference point
Patag,PTG-POST-252,252,J6B,OS/WOOD/30FT,8.49226568121372,124.552775773811,Nearest barangay reference point
Patag,PTG-POST-253,253,Opol,Trifa,8.4831752006266,124.552781412136,Nearest barangay reference point
Patag,PTG-POST-254,254,K2@144AA,OS/WOOD/30FT,8.50703685544432,124.552814243361,Nearest barangay reference point
Patag,PTG-POST-255,255,470,,8.49209540576172,124.552936258789,Nearest barangay reference point
Patag,PTG-POST-256,256,303-00040,303-00040,8.49203499905802,124.55294800393,Nearest barangay reference point
Patag,PTG-POST-257,257,J6,C2/CONCRETE/35FT,8.49197972058788,124.552974812352,Nearest barangay reference point
Patag,PTG-POST-258,258,K2@8,A6A5/STEEL/35FT,8.5017741099,124.553008368239,Nearest barangay reference point
Patag,PTG-POST-259,259,IR21,A2/CONCRETE/35FT,8.47930181175655,124.553008688496,Nearest barangay reference point
Patag,PTG-POST-260,260,K2@144B,OS/CONCRETE/30FT,8.50818752311171,124.553032591939,Nearest barangay reference point
Patag,PTG-POST-261,261,J6E,OS/WOOD/30FT,8.49037639565153,124.553144318437,Nearest barangay reference point
Patag,PTG-POST-262,262,J6D,OS/WOOD/30FT,8.49114149889334,124.553157149699,Nearest barangay reference point
Patag,PTG-POST-263,263,J6C,OS/WOOD/30FT,8.49155490805324,124.553192735317,Nearest barangay reference point
Patag,PTG-POST-264,264,J6F,OS/WOOD/30FT,8.49001002429813,124.553194778661,Nearest barangay reference point
Patag,PTG-POST-265,265,IR21A,OS/WOOD/30FT,8.47952811978758,124.553287066519,Nearest barangay reference point
Patag,PTG-POST-266,266,IR15@3A,OS/STEEL/30FT,8.48263562633325,124.55349300912,Nearest barangay reference point
Patag,PTG-POST-267,267,303-00035,303-00035,8.49228499592968,124.553539998154,Nearest barangay reference point
Patag,PTG-POST-268,268,J6A,OS/WOOD/30FT,8.49215059561851,124.553548585366,Nearest barangay reference point
Patag,PTG-POST-269,269,J6A,OS/WOOD/30FT,8.49215059561851,124.553548585366,Nearest barangay reference point
Patag,PTG-POST-270,270,469,,8.4923351741333,124.553551258789,Nearest barangay reference point
Patag,PTG-POST-271,271,J6DA,OS/WOOD/30FT,8.49095700048577,124.5535820029,Nearest barangay reference point
Patag,PTG-POST-272,272,10070518,10070518,8.49516773223877,124.553642272949,Nearest barangay reference point
Patag,PTG-POST-273,273,K2@2G,OS/STEEL/30FT,8.49511579928957,124.553654709838,Nearest barangay reference point
Patag,PTG-POST-274,274,J6AB,OS/WOOD/30FT,8.49146462165952,124.553664669993,Nearest barangay reference point
Patag,PTG-POST-275,275,J6AA,OS/WOOD/30FT,8.49179478571187,124.553710102788,Nearest barangay reference point
Patag,PTG-POST-276,276,J5C,OS/WOOD/30FT,8.4927217137622,124.55381637371,Nearest barangay reference point
Patag,PTG-POST-277,277,K2@2F,OS/STEEL/30FT,8.49506100267476,124.553889002854,Nearest barangay reference point
Patag,PTG-POST-278,278,K2@7,A6/WOOD/35FT,8.50036427378655,124.553946554661,Nearest barangay reference point
Patag,PTG-POST-279,279,K2@2E,OS/STEEL/30FT,8.49514914041404,124.554089673484,Nearest barangay reference point
Patag,PTG-POST-280,280,J5,C2/WOOD/35FT,8.49238339303366,124.554107878026,Nearest barangay reference point
Patag,PTG-POST-281,281,012,BN10KVA,8.49244121246338,124.554111888184,Nearest barangay reference point
Patag,PTG-POST-282,282,IR15@4H,OS/STEEL/30FT,8.48618938267464,124.554126426837,Nearest barangay reference point
Patag,PTG-POST-283,283,IR15@3,A4/STEEL/35FT,8.48309805804367,124.554144704235,Nearest barangay reference point
Patag,PTG-POST-284,284,IR15@4,AN10KVA/COMMON,8.48436532009458,124.554154756741,Nearest barangay reference point
Patag,PTG-POST-285,285,IR15@4,A5/STEEL/35FT,8.4842566012225,124.554162386135,Nearest barangay reference point
Patag,PTG-POST-286,286,468,,8.49253522045898,124.554173370605,Nearest barangay reference point
Patag,PTG-POST-287,287,303-00030,303-00030,8.4924630038988,124.554184999368,Nearest barangay reference point
Patag,PTG-POST-288,288,K2@2D,OS/STEEL/30FT,8.49551328514738,124.55418706958,Nearest barangay reference point
Patag,PTG-POST-289,289,IR15@4G,OS/STEEL/30FT,8.48550182064125,124.554194068078,Nearest barangay reference point
Patag,PTG-POST-290,290,IR15@4A,OS/STEEL/30FT,8.48469078279716,124.554283509844,Nearest barangay reference point
Patag,PTG-POST-291,291,J4D,OS/STEEL/30FT,8.493505417232,124.554357294393,Nearest barangay reference point
Patag,PTG-POST-292,292,IR20,A2/CONCRETE/35FT,8.47961567677419,124.554421048494,Nearest barangay reference point
Patag,PTG-POST-293,293,J6DB,OS/WOOD/30FT,8.49082400059777,124.554423003023,Nearest barangay reference point
Patag,PTG-POST-294,294,K2@2C,OS/STEEL/30FT,8.49581289492275,124.554434304669,Nearest barangay reference point
Patag,PTG-POST-295,295,J4DA,OS/STEEL/30FT,8.493957,124.554457,Nearest barangay reference point
Patag,PTG-POST-296,296,J5B,OS/WOOD/30FT,8.49266735795729,124.554533536273,Nearest barangay reference point
Patag,PTG-POST-297,297,J4,A5/STEEL/35FT,8.493553,124.554534,Nearest barangay reference point
Patag,PTG-POST-298,298,J4,BN37.5KVA/SPOTLOAD,8.49358923962402,124.554534,Nearest barangay reference point
Patag,PTG-POST-299,299,J5A,OS/WOOD/30FT,8.49184624480104,124.554548795399,Nearest barangay reference point
Patag,PTG-POST-300,300,467,,8.492841,124.55457,Nearest barangay reference point
Patag,PTG-POST-301,301,J3B,OS/STEEL/30FT,8.49465192044212,124.554586512516,Nearest barangay reference point
Patag,PTG-POST-302,302,303-00025,303-00025,8.49278699932062,124.55459800415,Nearest barangay reference point
Patag,PTG-POST-303,303,K2@2B,OS/STEEL/30FT,8.49599972502216,124.55464681734,Nearest barangay reference point
Patag,PTG-POST-304,304,K2@6,A4/WOOD/35FT,8.49941711872817,124.554764041677,Nearest barangay reference point
Patag,PTG-POST-305,305,008,CN37.5KVA,8.49341079553223,124.554774629395,Nearest barangay reference point
Patag,PTG-POST-306,306,J4,C1/STEEL/35FT,8.4933478147927,124.554774993702,Nearest barangay reference point
Patag,PTG-POST-307,307,J4A,OS/WOOD/30FT,8.49317310677454,124.554788429457,Nearest barangay reference point
Patag,PTG-POST-308,308,Opol,Patag,8.49290659559927,124.554801428471,Nearest barangay reference point
Patag,PTG-POST-309,309,K2@5,A1/WOOD/35FT,8.49868403747679,124.554869066924,Nearest barangay reference point
Patag,PTG-POST-310,310,303-00020,303-00020,8.49351300121451,124.554905999864,Nearest barangay reference point
Patag,PTG-POST-311,311,466,,8.49358096966553,124.554919888184,Nearest barangay reference point
Patag,PTG-POST-312,312,K2@4,A2/WOOD/35FT,8.49791047163308,124.554983060807,Nearest barangay reference point
Patag,PTG-POST-313,313,L-C238,3T/Steel/Steel/Wood,8.48033036253713,124.554994199309,Nearest barangay reference point
Patag,PTG-POST-314,314,303-00015,303-00015,8.49392500058913,124.555015995471,Nearest barangay reference point
Patag,PTG-POST-315,315,465,,8.4939896182251,124.555019111816,Nearest barangay reference point
Patag,PTG-POST-316,316,J4AA,OS/STEEL/30FT,8.49292592019518,124.55502907413,Nearest barangay reference point
Patag,PTG-POST-317,317,IR19,UB,8.4801197834313,124.555036954582,Nearest barangay reference point
Patag,PTG-POST-318,318,J4B,OS/STEEL/30FT,8.492653091511,124.555040563754,Nearest barangay reference point
Patag,PTG-POST-319,319,IR19,A2/CONCRETE/35FT,8.48009550347432,124.555042385939,Nearest barangay reference point
Patag,PTG-POST-320,320,J1C,2J6/STEEL/30FT,8.49533929711914,124.555054258789,Nearest barangay reference point
Patag,PTG-POST-321,321,K2@2A,OS/STEEL/30FT,8.49606033414603,124.555075597018,Nearest barangay reference point
Patag,PTG-POST-322,322,IR15@2,A4/STEEL/35FT,8.48301088606442,124.555076267477,Nearest barangay reference point
Patag,PTG-POST-323,323,J3A,OS/STEEL/30FT,8.49439543771533,124.555076518057,Nearest barangay reference point
Patag,PTG-POST-324,324,IR15@4B,OS/STEEL/30FT,8.48467276173132,124.555134022947,Nearest barangay reference point
Patag,PTG-POST-325,325,303-00010,303-00010,8.49456500170958,124.55522899758,Nearest barangay reference point
Patag,PTG-POST-326,326,464,,8.49464259106445,124.555236,Nearest barangay reference point
Patag,PTG-POST-327,327,J4C,OS/STEEL/30FT,8.49230440576616,124.555301906878,Nearest barangay reference point
Patag,PTG-POST-328,328,J1B,OS/STEE/30FT,8.49519300175316,124.555327003397,Nearest barangay reference point
Patag,PTG-POST-329,329,K2@2,A4/WOOD/35FT,8.49658805876971,124.555345159024,Nearest barangay reference point
Patag,PTG-POST-330,330,MPC10,MPC10,8.49416225893626,124.555359734891,Nearest barangay reference point
Patag,PTG-POST-331,331,K2@3,A4/WOOD/35FT,8.49730521440507,124.555393522605,Nearest barangay reference point
Patag,PTG-POST-332,332,303-00005,303-00005,8.49533699531808,124.555477000724,Nearest barangay reference point
Patag,PTG-POST-333,333,463,,8.495431,124.555484,Nearest barangay reference point
Patag,PTG-POST-334,334,302-01725,302-01725,8.49579200210626,124.555525000929,Nearest barangay reference point
Patag,PTG-POST-335,335,J3,C2/STEEL/35FT,8.49431005725668,124.555527940067,Nearest barangay reference point
Patag,PTG-POST-336,336,MPC9.1,MPC9.1,8.49286826256946,124.55556487294,Nearest barangay reference point
Patag,PTG-POST-337,337,J1A,OS/WOOD/30FT,8.49562204061348,124.555564933242,Nearest barangay reference point
Patag,PTG-POST-338,338,IR15@1,A1/STEEL/35FT,8.48244032874616,124.55562930693,Nearest barangay reference point
Patag,PTG-POST-339,339,302-01720,302-01720,8.49609600219568,124.555730002683,Nearest barangay reference point
Patag,PTG-POST-340,340,MPC9,MPC9,8.49161777211514,124.555744046299,Nearest barangay reference point
Patag,PTG-POST-341,341,MPC11,MPC11,8.49482175254309,124.555747564449,Nearest barangay reference point
Patag,PTG-POST-342,342,304-00025,AIR BREAK SWITCH,8.49160886102295,124.555768517578,Nearest barangay reference point
Patag,PTG-POST-343,343,304-00025,TYPE HT/STEEL/70FT,8.49158799728766,124.555771001192,Nearest barangay reference point
Patag,PTG-POST-344,344,J2,C1-1/WOOD/35FT,8.49485031933408,124.555785244007,Nearest barangay reference point
Patag,PTG-POST-345,345,I3,C3/WOOD/40FT,8.4941798131931,124.555966304182,Nearest barangay reference point
Patag,PTG-POST-346,346,M6-OS,M6-OS,8.49528922680984,124.555977029993,Nearest barangay reference point
Patag,PTG-POST-347,347,302-01715,302-01715,8.49640100179442,124.556022001774,Nearest barangay reference point
Patag,PTG-POST-348,348,IR15@4C,OS/STEEL/30FT,8.48470804843313,124.556028281732,Nearest barangay reference point
Patag,PTG-POST-349,349,002,BN15KVA,8.49544195367432,124.556033811523,Nearest barangay reference point
Patag,PTG-POST-350,350,J1,C4/STEEL/35FT,8.49540263831328,124.556053904494,Nearest barangay reference point
Patag,PTG-POST-351,351,I2,C1/WOOD/35FT,8.49462086892664,124.556083064094,Nearest barangay reference point
Patag,PTG-POST-352,352,KL1,DC C8/WOOD/40FT,8.49541666837214,124.55610555325,Nearest barangay reference point
Patag,PTG-POST-353,353,RECLOSER,RECLOSER,8.49525092651367,124.556120258789,Nearest barangay reference point
Patag,PTG-POST-354,354,I1,C4-1/WOOD/40FT,8.49533073228859,124.556123129593,Nearest barangay reference point
Patag,PTG-POST-355,355,K1,DC C8/WOOD/40FT,8.49539722121307,124.55613888958,Nearest barangay reference point
Patag,PTG-POST-356,356,MPC8,MPC8,8.48903723572005,124.556177891169,Nearest barangay reference point
Patag,PTG-POST-357,357,I4,C1/WOOD/45FT,8.49365384878095,124.556233351616,Nearest barangay reference point
Patag,PTG-POST-358,358,302-01710,302-01710,8.49661599567715,124.556262003906,Nearest barangay reference point
Patag,PTG-POST-359,359,IR15@4D,OS/STEEL/30FT,8.4859284544446,124.556322903512,Nearest barangay reference point
Patag,PTG-POST-360,360,MPC7,MPC7,8.48777717909268,124.556370593505,Nearest barangay reference point
Patag,PTG-POST-361,361,K2@1,B7A5/WOOD/35FT,8.49626895971597,124.55641284585,Nearest barangay reference point
Patag,PTG-POST-362,362,IR15@4E,OS/STEEL/30FT,8.48588620902792,124.556628844272,Nearest barangay reference point
Patag,PTG-POST-363,363,KE17,A5/WOOD/35FT,8.50885404460133,124.55664476566,Nearest barangay reference point
Patag,PTG-POST-364,364,KE17,A5/WOOD/35FT,8.50866998545826,124.556675283238,Nearest barangay reference point
Patag,PTG-POST-365,365,302-01705,302-01705,8.49702899607792,124.556756999376,Nearest barangay reference point
Patag,PTG-POST-366,366,I5,C1/WOOD/35FT,8.49304155076696,124.556814049868,Nearest barangay reference point
Patag,PTG-POST-367,367,KL2,DC C1/WOOD/40FT,8.49620089817036,124.55720551724,Nearest barangay reference point
Patag,PTG-POST-368,368,Opol,Zone3 Patag,8.49717905653677,124.557219946538,Nearest barangay reference point
Patag,PTG-POST-369,369,Opol,Zone3 Patag,8.49717905653677,124.557219946538,Nearest barangay reference point
Patag,PTG-POST-370,370,K2,DC C1/WOOD/40FT,8.49616561638447,124.557228404602,Nearest barangay reference point
Patag,PTG-POST-371,371,I6,C1/WOOD/35FT,8.49215709236373,124.557388545511,Nearest barangay reference point
Patag,PTG-POST-372,372,302-01700,302-01700,8.49739699892629,124.557402004157,Nearest barangay reference point
Patag,PTG-POST-373,373,K2A,OS/WOOD/30FT,8.49593552760781,124.557469720021,Nearest barangay reference point
Patag,PTG-POST-374,374,KL3,DC C1/WOOD/40FT,8.4968161540748,124.557878375979,Nearest barangay reference point
Patag,PTG-POST-375,375,K3,DC C1/WOOD/40FT,8.49677132994387,124.557901266539,Nearest barangay reference point
Patag,PTG-POST-376,376,302-01695,302-01695,8.49763399813546,124.557916000487,Nearest barangay reference point
Patag,PTG-POST-377,377,K4.1,C7/WOOD/35FT,8.49762657657266,124.557960480452,Nearest barangay reference point
Patag,PTG-POST-378,378,K2B,OS/WOOD/30FT,8.49550369195641,124.557976657525,Nearest barangay reference point
Patag,PTG-POST-379,379,KE15@4,A5/WOOD/35FT,8.50809213705362,124.558175140992,Nearest barangay reference point
Patag,PTG-POST-380,380,KL4,DC C8/C8/WOOD/40FT,8.49716458005016,124.558236119674,Nearest barangay reference point
Patag,PTG-POST-381,381,K4,DC C8/C8/WOOD/40FT,8.49711498796399,124.558251378636,Nearest barangay reference point
Patag,PTG-POST-382,382,302-01690,302-01690,8.49777499587557,124.558271999249,Nearest barangay reference point
Patag,PTG-POST-383,383,302-01685,302-01685,8.49794099529742,124.558865000805,Nearest barangay reference point
Patag,PTG-POST-384,384,KL5,DC C2/WOOD/40FT,8.49795293587998,124.559209261591,Nearest barangay reference point
Patag,PTG-POST-385,385,K5,DC- C2/WOOD/40FT,8.4979100151997,124.559224519515,Nearest barangay reference point
Patag,PTG-POST-386,386,302-01680,302-01680,8.49793588397163,124.559305976915,Nearest barangay reference point
Patag,PTG-POST-387,387,KL5@1,DC C2/WOOD/40FT,8.49782514197734,124.559575473397,Nearest barangay reference point
Patag,PTG-POST-388,388,302-01675,TYPE D/STEEL/70FT,8.49774399810724,124.559579995576,Nearest barangay reference point
Patag,PTG-POST-389,389,K5.1,DC- C2/WOOD/40FT,8.49776700236644,124.559590996744,Nearest barangay reference point
Poblacion,POB-POST-001,1,K23C,OS/WOOD/30FT,8.5132550033681,124.566483998656,Nearest barangay reference point
Poblacion,POB-POST-002,2,KE2,C1/WOOD/35FT,8.51552202366293,124.567483663559,Nearest barangay reference point
Poblacion,POB-POST-003,3,302-01535,302-01535,8.51358599755222,124.567750997905,Nearest barangay reference point
Poblacion,POB-POST-004,4,K25AA,OS/WOOD/30FT,8.51444084429283,124.567840393163,Nearest barangay reference point
Poblacion,POB-POST-005,5,K25AA,OS/WOOD/30FT,8.51444084429283,124.567840393163,Nearest barangay reference point
Poblacion,POB-POST-006,6,KL25,DC C1/C8/WOOD/40FT,8.51392259404193,124.567975971874,Nearest barangay reference point
Poblacion,POB-POST-007,7,K25,DC C1/C8/WOOD/40FT,8.51388826540445,124.568021744128,Nearest barangay reference point
Poblacion,POB-POST-008,8,302-01530,302-01530,8.51421299683879,124.568038999917,Nearest barangay reference point
Poblacion,POB-POST-009,9,K25A,OS/WOOD/30FT,8.51411772384728,124.568105435291,Nearest barangay reference point
Poblacion,POB-POST-010,10,K25A,OS/WOOD/30FT,8.51411772384728,124.568105435291,Nearest barangay reference point
Poblacion,POB-POST-011,11,302-01525,302-01525,8.51463199561715,124.568241003243,Nearest barangay reference point
Poblacion,POB-POST-012,12,KL26,DC C8/WOOD/40FT,8.51468458308419,124.568319712326,Nearest barangay reference point
Poblacion,POB-POST-013,13,K25B,OS/WOOD/30FT,8.51404882028729,124.568325797688,Nearest barangay reference point
Poblacion,POB-POST-014,14,K25B,OS/WOOD/30FT,8.51404882028729,124.568325797688,Nearest barangay reference point
Poblacion,POB-POST-015,15,KE1,C1/STEEL/35FT,8.51557700894774,124.568341802806,Nearest barangay reference point
Poblacion,POB-POST-016,16,K26,DC C8/WOOD/40FT,8.51464548651692,124.56836548598,Nearest barangay reference point
Poblacion,POB-POST-017,17,302-01520,302-01520,8.51500999604581,124.568412003424,Nearest barangay reference point
Poblacion,POB-POST-018,18,302-01515,302-01515,8.51553399540568,124.568530000023,Nearest barangay reference point
Poblacion,POB-POST-019,19,KL27,DC C1/WOOD/40FT,8.51541077685197,124.568635877962,Nearest barangay reference point
Poblacion,POB-POST-020,20,K27,DC C1/WOOD/40FT,8.51537739428254,124.56868165137,Nearest barangay reference point
Poblacion,POB-POST-021,21,KL28,DC C1/WOOD/40FT,8.51570159728988,124.568747693337,Nearest barangay reference point
Poblacion,POB-POST-022,22,302-01510,302-01510,8.51624700184042,124.5687530035,Nearest barangay reference point
Poblacion,POB-POST-023,23,K29B,OS/STEEL/30FT,8.51652220672742,124.568755042109,Nearest barangay reference point
Poblacion,POB-POST-024,24,K28,DC C1/WOOD/40FT,8.51566154079264,124.568785838427,Nearest barangay reference point
Poblacion,POB-POST-025,25,K29A,OS/STEEL/30FT,8.51643732837181,124.569037331998,Nearest barangay reference point
Poblacion,POB-POST-026,26,302-01505,302-01505,8.51680299801977,124.569062001939,Nearest barangay reference point
Poblacion,POB-POST-027,27,K32@1E,OS/J6/WOOD/30FT,8.51940628141165,124.569174544886,Nearest barangay reference point
Poblacion,POB-POST-028,28,KL29,DC C1/WOOD/40FT,8.51655003332962,124.569264521141,Nearest barangay reference point
Poblacion,POB-POST-029,29,K32@1F,OS/J5/WOOD/30FT,8.51968581788243,124.569265991449,Nearest barangay reference point
Poblacion,POB-POST-030,30,K29,DC C1/WOOD/40FT,8.51651188484633,124.56930266658,Nearest barangay reference point
Poblacion,POB-POST-031,31,K32@1G,OS/J7/WOOD/30FT,8.51996761746705,124.569377554581,Nearest barangay reference point
Poblacion,POB-POST-032,32,K32@1D,OS/2J6/WOOD/30FT,8.51931148208678,124.56939582713,Nearest barangay reference point
Poblacion,POB-POST-033,33,KL29.1,DC C1/WOOD/40FT,8.51699186313902,124.56947299672,Nearest barangay reference point
Poblacion,POB-POST-034,34,K30A,OS/WOOD/30FT,8.5171714162137,124.569666479286,Nearest barangay reference point
Poblacion,POB-POST-035,35,K30A,OS/WOOD/30FT,8.5171714162137,124.569666479286,Nearest barangay reference point
Poblacion,POB-POST-036,36,302-01500,302-01500,8.51714900077336,124.569671002072,Nearest barangay reference point
Poblacion,POB-POST-037,37,K32.1CB,OS/J6/WOOD/30FT,8.51968749426306,124.569704364985,Nearest barangay reference point
Poblacion,POB-POST-038,38,K32@1I,OS/J6/WOOD/30FT,8.5200723912567,124.569712663069,Nearest barangay reference point
Poblacion,POB-POST-039,39,302-01495,302-01495,8.51773399885738,124.569839997097,Nearest barangay reference point
Poblacion,POB-POST-040,40,KL30,DC C1/WOOD/40FT,8.51788164916732,124.569897522513,Nearest barangay reference point
Poblacion,POB-POST-041,41,K30,DC C1/WOOD/40FT,8.51784636761481,124.569943295444,Nearest barangay reference point
Poblacion,POB-POST-042,42,K32@1C,OS/4J6/WOOD/30FT,8.51910076104105,124.569967472926,Nearest barangay reference point
Poblacion,POB-POST-043,43,K32@1CA,OS/J10/WOOD/30FT,8.51936311461032,124.569973340258,Nearest barangay reference point
Poblacion,POB-POST-044,44,K30B,OS/WOOD/30FT,8.51707041656953,124.570078200043,Nearest barangay reference point
Poblacion,POB-POST-045,45,K30B,OS/WOOD/30FT,8.51707041656953,124.570078200043,Nearest barangay reference point
Poblacion,POB-POST-046,46,302-01490,302-01490,8.51821200100184,124.570101003569,Nearest barangay reference point
Poblacion,POB-POST-047,47,K32@1B,OS/3J6/WOOD/30FT,8.52014271542431,124.570108791813,Nearest barangay reference point
Poblacion,POB-POST-048,48,K32@1A,OS/WOOD/30FT,8.51986217312515,124.570170817897,Nearest barangay reference point
Poblacion,POB-POST-049,49,Opol,Zone7Poblacion,8.5178705683025,124.570173784921,Nearest barangay reference point
Poblacion,POB-POST-050,50,Opol,Zone7Poblacion,8.5178705683025,124.570173784921,Nearest barangay reference point
Poblacion,POB-POST-051,51,Opol,Zone7Poblacion,8.5178705683025,124.570173784921,Nearest barangay reference point
Poblacion,POB-POST-052,52,KL31,DC C1/WOOD/40FT,8.51857148307366,124.570264983599,Nearest barangay reference point
Poblacion,POB-POST-053,53,K32@1,A5/WOOD/35FT,8.51935842074455,124.570267377421,Nearest barangay reference point
Poblacion,POB-POST-054,54,K31,DC C1/WOOD/40FT,8.51853333720449,124.570303134275,Nearest barangay reference point
Poblacion,POB-POST-055,55,L4@1E,OS/WOOD/30FT,8.5228610541197,124.570373408216,Nearest barangay reference point
Poblacion,POB-POST-056,56,302-01485,302-01485,8.51857500288738,124.570411997943,Nearest barangay reference point
Poblacion,POB-POST-057,57,KL31@1,DC-C1/STEEL/45FT,8.51906167296464,124.57050149862,Nearest barangay reference point
Poblacion,POB-POST-058,58,1778,,8.519059,124.570502,Nearest barangay reference point
Poblacion,POB-POST-059,59,035,,8.5190747220459,124.570537482422,Nearest barangay reference point
Poblacion,POB-POST-060,60,037,69KV/STEEL/70FT,8.519012,124.570594,Nearest barangay reference point
Poblacion,POB-POST-061,61,LY3B,OS/STEEL/30FT,8.5234748582371,124.570600721748,Nearest barangay reference point
Poblacion,POB-POST-062,62,305-00005,305-00005,8.51898599640277,124.570601003523,Nearest barangay reference point
Poblacion,POB-POST-063,63,302-01480,302-01480,8.51903999890122,124.570627001572,Nearest barangay reference point
Poblacion,POB-POST-064,64,036,69KV/STEEL/70FT,8.519091,124.570636,Nearest barangay reference point
Poblacion,POB-POST-065,65,KL32,DC C8/WOOD/40FT,8.51944296101283,124.570661780845,Nearest barangay reference point
Poblacion,POB-POST-066,66,K32,DC C8/WOOD/40FT,8.51940958692679,124.57069992426,Nearest barangay reference point
Poblacion,POB-POST-067,67,L4@1DA,OS/WOOD/30FT,8.52318227406845,124.570732986071,Nearest barangay reference point
Poblacion,POB-POST-068,68,L4@1I,OS/WOOD/30FT,8.52146562218147,124.570883034466,Nearest barangay reference point
Poblacion,POB-POST-069,69,038,69KV/STEEL/70FT,8.518886,124.570906,Nearest barangay reference point
Poblacion,POB-POST-070,70,305-00010,305-00010,8.51883238958614,124.570933995827,Nearest barangay reference point
Poblacion,POB-POST-071,71,302-01475,302-01475,8.5195920002286,124.57093699736,Nearest barangay reference point
Poblacion,POB-POST-072,72,L4@1D,OS/WOOD/30FT,8.52280405087507,124.570972962717,Nearest barangay reference point
Poblacion,POB-POST-073,73,MU7K,OS/WOOD/30FT,8.51660664193333,124.570974810049,Nearest barangay reference point
Poblacion,POB-POST-074,74,039,C14/STEEL/35FT,8.518857,124.570976,Nearest barangay reference point
Poblacion,POB-POST-075,75,L4@1F,OS/WOOD/30FT,8.52219116753042,124.570987463997,Nearest barangay reference point
Poblacion,POB-POST-076,76,LN1,C14/STEEL/35FT,8.51878557763721,124.571016367452,Nearest barangay reference point
Poblacion,POB-POST-077,77,302-01470,302-01470,8.5200129965306,124.571029001421,Nearest barangay reference point
Poblacion,POB-POST-078,78,MU6A,OS/WOOD/30FT,8.518833,124.571032,Nearest barangay reference point
Poblacion,POB-POST-079,79,040,10010576,8.51886637860108,124.571039629395,Nearest barangay reference point
Poblacion,POB-POST-080,80,040,10010591,8.51888926678467,124.571039629395,Nearest barangay reference point
Poblacion,POB-POST-081,81,LN13.8,POBLACION,8.51644944313238,124.571051201741,Nearest barangay reference point
Poblacion,POB-POST-082,82,KL33,DC C8/C8/WOOD/40FT,8.5201961821493,124.571070393222,Nearest barangay reference point
Poblacion,POB-POST-083,83,K33,DC C8/C8/WOOD/40FT,8.52016661488999,124.571108539527,Nearest barangay reference point
Poblacion,POB-POST-084,84,MU7G,OS/WOOD/30FT,8.51683714427055,124.571153176949,Nearest barangay reference point
Poblacion,POB-POST-085,85,L6A,OS/WOOD/30FT,8.52382161269663,124.571203806266,Nearest barangay reference point
Poblacion,POB-POST-086,86,302-01420,TYPE B/STEEL/70FT,8.52385699627475,124.571210000166,Nearest barangay reference point
Poblacion,POB-POST-087,87,K34A,OS/STEEL/30FT,8.52117259535676,124.571214116363,Nearest barangay reference point
Poblacion,POB-POST-088,88,L4@1C,OS/WOOD/30FT,8.52251420339341,124.571235571657,Nearest barangay reference point
Poblacion,POB-POST-089,89,L5,C2/WOOD/35FT,8.52334741052544,124.571290351118,Nearest barangay reference point
Poblacion,POB-POST-090,90,302-01465,302-01465,8.52054300288656,124.571299997015,Nearest barangay reference point
Poblacion,POB-POST-091,91,041,69KV/STEEL/70FT,8.518678,124.571333,Nearest barangay reference point
Poblacion,POB-POST-092,92,Opol,Tuburan,8.51840462591969,124.571348711679,Nearest barangay reference point
Poblacion,POB-POST-093,93,LN2,C14/STEEL/35FT,8.51861439429138,124.57137137243,Nearest barangay reference point
Poblacion,POB-POST-094,94,MU6,A4/STEEL/35FT,8.51861757754461,124.571389715432,Nearest barangay reference point
Poblacion,POB-POST-095,95,305-00015,305-00015,8.51860557672093,124.571402150441,Nearest barangay reference point
Poblacion,POB-POST-096,96,MU7F,OS/CONCRETE/30FT,8.51718499325217,124.571435144171,Nearest barangay reference point
Poblacion,POB-POST-097,97,L4@1B,OS/WOOD/30FT,8.52273484617429,124.571441415529,Nearest barangay reference point
Poblacion,POB-POST-098,98,KL34,DC C15/C8/WOOD/40FT,8.52106773969535,124.571507862573,Nearest barangay reference point
Poblacion,POB-POST-099,99,MU5,A1/WOOD/35FT,8.51894871331752,124.571524746716,Nearest barangay reference point
Poblacion,POB-POST-100,100,L4@1,A5/WOOD/35FT,8.52282658031302,124.571525663907,Nearest barangay reference point
Poblacion,POB-POST-101,101,K34,DC C15/C8/WOOD/40FT,8.52104699776036,124.571577000157,Nearest barangay reference point
Poblacion,POB-POST-102,102,MU7E,OS/WOOD/30FT,8.51766116917134,124.571593478322,Nearest barangay reference point
Poblacion,POB-POST-103,103,302-01425,TYPE B/STEEL/70FT,8.52330199845406,124.57159800022,Nearest barangay reference point
Poblacion,POB-POST-104,104,MU7A,OS/STEEL/30FT,8.51828235201538,124.571620132774,Nearest barangay reference point
Poblacion,POB-POST-105,105,302-01460,302-01460,8.52116099644369,124.571626995847,Nearest barangay reference point
Poblacion,POB-POST-106,106,MU7,A5/STEEL/35FT,8.51847907453894,124.571684421925,Nearest barangay reference point
Poblacion,POB-POST-107,107,MU7,AN50KVA/COMMON,8.51851817518591,124.571684421925,Nearest barangay reference point
Poblacion,POB-POST-108,108,L4,C14/A5-1/STEEL/35FT,8.52297890338809,124.571688529173,Nearest barangay reference point
Poblacion,POB-POST-109,109,LN3,C14/STEEL/35FT,8.51849099912159,124.571704998273,Nearest barangay reference point
Poblacion,POB-POST-110,110,MU4,A1/WOOD/35FT,8.51929815672339,124.571708815172,Nearest barangay reference point
Poblacion,POB-POST-111,111,MU7L,OS/WOOD/30FT,8.51691744290293,124.571708980948,Nearest barangay reference point
Poblacion,POB-POST-112,112,042,69KV/STEEL/70FT,8.518508,124.571714,Nearest barangay reference point
Poblacion,POB-POST-113,113,1774,,8.518457,124.571743,Nearest barangay reference point
Poblacion,POB-POST-114,114,L2@2,A5/STEEL/35FT,8.52231144797487,124.571744107328,Nearest barangay reference point
Poblacion,POB-POST-115,115,L2@2,AN25KVA/SPOTLOAD,8.52235340964479,124.571744107328,Nearest barangay reference point
Poblacion,POB-POST-116,116,L1,C8/STEEL/40FT,8.52153197775577,124.571751801899,Nearest barangay reference point
Poblacion,POB-POST-117,117,302-01455,TYPE A/STEEL/70FT,8.521497,124.571777,Nearest barangay reference point
Poblacion,POB-POST-118,118,L1,DISCONNECTING SWITCH,8.52161208639835,124.571789948871,Nearest barangay reference point
Poblacion,POB-POST-119,119,MU7D,OS/WOOD/30FT,8.51804899983109,124.57180059515,Nearest barangay reference point
Poblacion,POB-POST-120,120,Opol,Zone 4 Bonbon,8.5226141443523,124.571829363534,Nearest barangay reference point
Poblacion,POB-POST-121,121,MU3,A5/WOOD/35FT,8.51967740576172,124.571896482422,Nearest barangay reference point
Poblacion,POB-POST-122,122,MU3,AN15KVA/COMMON,8.51970446296037,124.571902772412,Nearest barangay reference point
Poblacion,POB-POST-123,123,L2,C14/STEEL/35FT,8.52191557233577,124.571949076601,Nearest barangay reference point
Poblacion,POB-POST-124,124,L2,AN25KVA/COMMON,8.52194227521663,124.571949076601,Nearest barangay reference point
Poblacion,POB-POST-125,125,M0,C14/WOOD/35FT,8.52088999988815,124.571957004195,Nearest barangay reference point
Poblacion,POB-POST-126,126,043,69KV/STEEL/70FT,8.518385,124.571971,Nearest barangay reference point
Poblacion,POB-POST-127,127,302-01430,TYPE B/STEEL/70FT,8.52299499894768,124.571971998046,Nearest barangay reference point
Poblacion,POB-POST-128,128,1773,,8.518347,124.57198,Nearest barangay reference point
Poblacion,POB-POST-129,129,302-01450,A-(N-1)/C14/STEEL/70FT,8.5218867220459,124.571988741211,Nearest barangay reference point
Poblacion,POB-POST-130,130,LN4,C14/STEEL/35FT,8.51835400416827,124.57199299781,Nearest barangay reference point
Poblacion,POB-POST-131,131,MU4A,OS/WOOD/30FT,8.51904929615558,124.572012824938,Nearest barangay reference point
Poblacion,POB-POST-132,132,MU7S,OS/WOOD/30FT,8.51840707473458,124.572068648413,Nearest barangay reference point
Poblacion,POB-POST-133,133,MU2,AN15KVA/COMMON,8.52004334144295,124.572069326416,Nearest barangay reference point
Poblacion,POB-POST-134,134,MU2,A1/WOOD/35FT,8.52001802716064,124.572070741211,Nearest barangay reference point
Poblacion,POB-POST-135,135,L3@1,C1-1/WOOD/35FT,8.522754579914,124.572074772434,Nearest barangay reference point
Poblacion,POB-POST-136,136,Opol,Poblacion,8.52025894138766,124.572113239973,Nearest barangay reference point
Poblacion,POB-POST-137,137,L2@1,C1/A5-1/STEEL/35FT,8.52222488083696,124.572115745163,Nearest barangay reference point
Poblacion,POB-POST-138,138,302-01445,302-01445,8.5221588637437,124.57213174036,Nearest barangay reference point
Poblacion,POB-POST-139,139,MU1,A14/STEEL/35FT,8.520312,124.572166,Nearest barangay reference point
Poblacion,POB-POST-140,140,MU3A,OS/2J10/WOOD/30FT,8.51944441907109,124.572262521833,Nearest barangay reference point
Poblacion,POB-POST-141,141,L3,2C7/STEEL/40FT,8.52256380539607,124.572281967389,Nearest barangay reference point
Poblacion,POB-POST-142,142,L3,CN15KVA/COMMON,8.52259050827693,124.572281967389,Nearest barangay reference point
Poblacion,POB-POST-143,143,MU7C,OS/WOOD/30FT,8.51819903589786,124.572286996991,Nearest barangay reference point
Poblacion,POB-POST-144,144,302-01440,E-(N-1)/2C7/STEEL/70FT,8.52252286102295,124.572308741211,Nearest barangay reference point
Poblacion,POB-POST-145,145,302-01435,TYPE D/STEEL/70FT,8.52284299894996,124.572309996385,Nearest barangay reference point
Poblacion,POB-POST-146,146,044,69KV/STEEL/70FT,8.51826230511475,124.572340741211,Nearest barangay reference point
Poblacion,POB-POST-147,147,MU4B,OS/WOOD/30FT,8.51888207718731,124.572346927598,Nearest barangay reference point
Poblacion,POB-POST-148,148,LN5,DISCONNECTING SWITCH,8.51821143553178,124.572390000599,Nearest barangay reference point
Poblacion,POB-POST-149,149,LN5,C14/STEEL/40FT,8.51824099943559,124.572390000599,Nearest barangay reference point
Poblacion,POB-POST-150,150,LN5,C14/STEEL/35FT,8.51824099943559,124.572390000599,Nearest barangay reference point
Poblacion,POB-POST-151,151,LN5,AN25KVA/COMMON,8.51826579496782,124.572390000599,Nearest barangay reference point
Poblacion,POB-POST-152,152,M1,C14/A5-1/WOOD/35FT,8.52069653577221,124.572406289981,Nearest barangay reference point
Poblacion,POB-POST-153,153,M1,BN25KVA/COMMON,8.5207194239558,124.572406289981,Nearest barangay reference point
Poblacion,POB-POST-154,154,1772,,8.518224,124.572413,Nearest barangay reference point
Poblacion,POB-POST-155,155,M1C,OS/WOOD/30FT,8.52180945259078,124.572576931162,Nearest barangay reference point
Poblacion,POB-POST-156,156,MU4C,OS/WOOD/30FT,8.51884712465108,124.572592014447,Nearest barangay reference point
Poblacion,POB-POST-157,157,M1E,OS/WOOD/30FT,8.52039727184641,124.572613642018,Nearest barangay reference point
Poblacion,POB-POST-158,158,045,69KV/STEEL/70FT,8.518038,124.572642,Nearest barangay reference point
Poblacion,POB-POST-159,159,LN6,C14/STEEL/40FT,8.51796715981469,124.572647221392,Nearest barangay reference point
Poblacion,POB-POST-160,160,045,RECLOSER,8.51799508465576,124.572649629395,Nearest barangay reference point
Poblacion,POB-POST-161,161,M1A,OS/WOOD/30FT,8.52112054412263,124.572653956303,Nearest barangay reference point
Poblacion,POB-POST-162,162,M1D,OS/WOOD/30FT,8.52060816130872,124.572689075859,Nearest barangay reference point
Poblacion,POB-POST-163,163,1771,,8.51796,124.572695,Nearest barangay reference point
Poblacion,POB-POST-164,164,M3@1D,J6/WOOD/30FT,8.51920210080579,124.572748419709,Nearest barangay reference point
Poblacion,POB-POST-165,165,M5@6,C7/WOOD/35FT,8.51804064550076,124.572785354572,Nearest barangay reference point
Poblacion,POB-POST-166,166,M5@6,ABCN15KVA/SPOTLOAD,8.51807784223743,124.572792986067,Nearest barangay reference point
Poblacion,POB-POST-167,167,M2B,OS/WOOD/30FT,8.51991246262593,124.572815139921,Nearest barangay reference point
Poblacion,POB-POST-168,168,M4@8D,OS/WOOD/30FT,8.52248554545925,124.572887058192,Nearest barangay reference point
Poblacion,POB-POST-169,169,M4@8E,OS/WOOD/30FT,8.52220265336331,124.572921253288,Nearest barangay reference point
Poblacion,POB-POST-170,170,M1B,OS/STEEL/30FT,8.52167593154797,124.572935676894,Nearest barangay reference point
Poblacion,POB-POST-171,171,M2A,OS/WOOD/30FT,8.52015109367199,124.57294623007,Nearest barangay reference point
Poblacion,POB-POST-172,172,M2C,OS/WOOD/30FT,8.51983703108656,124.572996692768,Nearest barangay reference point
Poblacion,POB-POST-173,173,M2,C14/STEEL/40FT,8.52041111003234,124.573063892186,Nearest barangay reference point
Poblacion,POB-POST-174,174,M2,BN15KVA/COMMON,8.52047119068221,124.57306389219,Nearest barangay reference point
Poblacion,POB-POST-175,175,M3@1C,4J6/WOOD/30FT,8.51903360590906,124.573118823673,Nearest barangay reference point
Poblacion,POB-POST-176,176,M4@8F,OS/WOOD/30FT,8.52214600599592,124.573119651334,Nearest barangay reference point
Poblacion,POB-POST-177,177,M4@8B,OS/WOOD/30FT,8.52187366179261,124.573221831057,Nearest barangay reference point
Poblacion,POB-POST-178,178,M3@1AA,J6/WOOD/30FT,8.51997038626151,124.573237003455,Nearest barangay reference point
Poblacion,POB-POST-179,179,M3@1B,J7/J10/WOOD/30FT,8.51936194107005,124.57325929973,Nearest barangay reference point
Poblacion,POB-POST-180,180,M3BA,OS/WOOD/30FT,8.52093753730619,124.573317479638,Nearest barangay reference point
Poblacion,POB-POST-181,181,M4@8C,OS/WOOD/30FT,8.52227130383827,124.573351165484,Nearest barangay reference point
Poblacion,POB-POST-182,182,LN7,C14/STEEL/40FT,8.51766124614579,124.57338274021,Nearest barangay reference point
Poblacion,POB-POST-183,183,M5@5,C7/C7/WOOD/40FT,8.5177533235054,124.573384554381,Nearest barangay reference point
Poblacion,POB-POST-184,184,M3@1A,J5/J8/WOOD/30FT,8.51969099509087,124.573412022968,Nearest barangay reference point
Poblacion,POB-POST-185,185,Opol,Opol,8.52384724334842,124.573426531465,Nearest barangay reference point
Poblacion,POB-POST-186,186,Opol,Opol,8.52384724334842,124.573426531465,Nearest barangay reference point
Poblacion,POB-POST-187,187,Opol,Opol,8.52384724334842,124.573426531465,Nearest barangay reference point
Poblacion,POB-POST-188,188,Opol,Opol,8.52384724334842,124.573426531465,Nearest barangay reference point
Poblacion,POB-POST-189,189,Opol,Opol,8.52384724334842,124.573426531465,Nearest barangay reference point
Poblacion,POB-POST-190,190,Opol,Opol,8.52384724334842,124.573426531465,Nearest barangay reference point
Poblacion,POB-POST-191,191,1770,,8.517636,124.573438,Nearest barangay reference point
Poblacion,POB-POST-192,192,M4D,OS/STEEL/30FT,8.51894083026715,124.573469762796,Nearest barangay reference point
Poblacion,POB-POST-193,193,M5@4,C8/WOOD/35FT,8.51778098875707,124.573482386428,Nearest barangay reference point
Poblacion,POB-POST-194,194,M5@4,BN25KVA/COMMON,8.5178467922849,124.573482386428,Nearest barangay reference point
Poblacion,POB-POST-195,195,M4@8A,OS/CONCRETE/30FT,8.52193803394546,124.573484686977,Nearest barangay reference point
Poblacion,POB-POST-196,196,M3@1,CN15KVA/SPOTLOAD,8.51986962860167,124.573504238074,Nearest barangay reference point
Poblacion,POB-POST-197,197,M3@1,A5/STEEL/35FT,8.51990968292296,124.573504238074,Nearest barangay reference point
Poblacion,POB-POST-198,198,M3@1,CN25KVA/COMMON,8.51995259826719,124.573504238074,Nearest barangay reference point
Poblacion,POB-POST-199,199,M3B,OS/WOOD/30FT,8.52082761031557,124.573590476469,Nearest barangay reference point
Poblacion,POB-POST-200,200,M3,C1/WOOD/35FT,8.52018624997663,124.573618680052,Nearest barangay reference point
Poblacion,POB-POST-201,201,M4@8,A5/CONCRETE/35FT,8.52203262548537,124.573649105703,Nearest barangay reference point
Poblacion,POB-POST-202,202,M4@8,CN50KVA/COMMON,8.52206314306349,124.573649105703,Nearest barangay reference point
Poblacion,POB-POST-203,203,M4C,OS/WOOD/30FT,8.51926613822315,124.573681156193,Nearest barangay reference point
Poblacion,POB-POST-204,204,M3CA,OS/WOOD/30FT,8.5212133342945,124.573698337309,Nearest barangay reference point
Poblacion,POB-POST-205,205,M4@14C,OS/STEEL/30FT,8.52145957916157,124.573699955025,Nearest barangay reference point
Poblacion,POB-POST-206,206,M4@7,A4/CONCRETE/35FT,8.52181968740353,124.573815772786,Nearest barangay reference point
Poblacion,POB-POST-207,207,M4@7,CN50KVA/SPOTLOAD,8.52184352926144,124.573815772786,Nearest barangay reference point
Poblacion,POB-POST-208,208,M3A,OS/WOOD/30FT,8.5207152868952,124.573848321504,Nearest barangay reference point
Poblacion,POB-POST-209,209,LN8,C14/STEEL/40FT,8.51743778094631,124.573853825243,Nearest barangay reference point
Poblacion,POB-POST-210,210,M4AA,OS/WOOD/30FT,8.51947258369925,124.573875868865,Nearest barangay reference point
Poblacion,POB-POST-211,211,M5@3,C1/WOOD/35FT,8.51832111671984,124.573886900803,Nearest barangay reference point
Poblacion,POB-POST-212,212,M4A,OS/WOOD/30FT,8.51965036317579,124.573899421523,Nearest barangay reference point
Poblacion,POB-POST-213,213,MN4.1A,OS/WOOD/30FT,8.51729655079544,124.573899460957,Nearest barangay reference point
Poblacion,POB-POST-214,214,M3AA,OS/WOOD/30FT,8.52006132380571,124.573926162203,Nearest barangay reference point
Poblacion,POB-POST-215,215,1769,,8.517494,124.573939,Nearest barangay reference point
Poblacion,POB-POST-216,216,M4@14A,OS/WOOD/30FT,8.52134978776387,124.573940078936,Nearest barangay reference point
Poblacion,POB-POST-217,217,MN4E,OS/WOOD/30FT,8.51682565941193,124.573970582666,Nearest barangay reference point
Poblacion,POB-POST-218,218,M4@6,A3/CONCRETE/35FT,8.52168900293047,124.573991995477,Nearest barangay reference point
Poblacion,POB-POST-219,219,M4@6,CN50KVA/SPOTLOAD,8.52171189111406,124.573991995477,Nearest barangay reference point
Poblacion,POB-POST-220,220,M3C,OS/WOOD/30FT,8.52110364702503,124.574006241196,Nearest barangay reference point
Poblacion,POB-POST-221,221,M4B,OS/WOOD/30FT,8.51938013106679,124.57406722489,Nearest barangay reference point
Poblacion,POB-POST-222,222,M4@14,A5/CONCRETE/35FT,8.52129004874372,124.574073808274,Nearest barangay reference point
Poblacion,POB-POST-223,223,M4@14B,OS/WOOD/30FT,8.52140235870258,124.574119571724,Nearest barangay reference point
Poblacion,POB-POST-224,224,M4,C1/C7/WOOD/35FT,8.51996542977171,124.574125040782,Nearest barangay reference point
Poblacion,POB-POST-225,225,M4,CN25KVA/COMMON,8.5199895996972,124.574127800429,Nearest barangay reference point
Poblacion,POB-POST-226,226,M5@2,BN25KVA/COMMON,8.51874012070499,124.574155295635,Nearest barangay reference point
Poblacion,POB-POST-227,227,M5@2,BN25KVA/COMMON,8.51882309037052,124.574155295635,Nearest barangay reference point
Poblacion,POB-POST-228,228,M5@2,C1/WOOD/35FT,8.51866611770741,124.574161907322,Nearest barangay reference point
Poblacion,POB-POST-229,229,LN9,C14/STEEL/40FT,8.51726925300979,124.574184738408,Nearest barangay reference point
Poblacion,POB-POST-230,230,1768,,8.51728,124.574202,Nearest barangay reference point
Poblacion,POB-POST-231,231,M4@6A,OS/WOOD/30FT,8.52183468949763,124.574243920907,Nearest barangay reference point
Poblacion,POB-POST-232,232,MN4D,OS/WOOD/30FT,8.51680688597308,124.574265712066,Nearest barangay reference point
Poblacion,POB-POST-233,233,M4@13,A1/STEEL/35FT,8.52116699556663,124.574355999684,Nearest barangay reference point
Poblacion,POB-POST-234,234,M5@1,C1/WOOD/35FT,8.51906543156377,124.574382351377,Nearest barangay reference point
Poblacion,POB-POST-235,235,M4@1,C14/C7-1/CONCRETE/40FT,8.52048195874843,124.574412817698,Nearest barangay reference point
Poblacion,POB-POST-236,236,M4.1,CN25KVA/COMMON,8.52050866079722,124.574412817702,Nearest barangay reference point
Poblacion,POB-POST-237,237,MN4B,OS/WOOD/30FT,8.51723637216136,124.574437874225,Nearest barangay reference point
Poblacion,POB-POST-238,238,M4@5,A1-1/CONCRETE/35FT,8.52167270629974,124.574488382458,Nearest barangay reference point
Poblacion,POB-POST-239,239,M5E,OS/WOOD/30FT,8.51988647737647,124.574492947634,Nearest barangay reference point
Poblacion,POB-POST-240,240,M4@4,A6/CONCRETE/35FT,8.52146047651633,124.574567256167,Nearest barangay reference point
Poblacion,POB-POST-241,241,M4@4,CN15KVA/SPOTLOAD,8.52149480879172,124.574567256167,Nearest barangay reference point
Poblacion,POB-POST-242,242,MN3B,OS/STEEL/30FT,8.518236,124.574615,Nearest barangay reference point
Poblacion,POB-POST-243,243,MN4,C14-1/A5-1STEEL/70FT,8.51707417271807,124.57461953509,Nearest barangay reference point
Poblacion,POB-POST-244,244,MN4,BN25KVA/COMMON,8.51715046666338,124.574642423274,Nearest barangay reference point
Poblacion,POB-POST-245,245,305-00055,D-(N-1)/C14-2/STEEL/70FT,8.51709465655518,124.574680482422,Nearest barangay reference point
Poblacion,POB-POST-246,246,M4@2,B7/STEEL/40FT,8.52077400215831,124.574703999656,Nearest barangay reference point
Poblacion,POB-POST-247,247,LN10,C4/CONCRETE/35FT,8.51703589590016,124.574705371691,Nearest barangay reference point
Poblacion,POB-POST-248,248,M4@3,AN25KVA/SPOTLOAD,8.52097875576886,124.574736004493,Nearest barangay reference point
Poblacion,POB-POST-249,249,M4@3,A2/A5-1/STEEL/35FT,8.52101499539288,124.574736004493,Nearest barangay reference point
Poblacion,POB-POST-250,250,M4@3,CN50KVA/COMMON,8.52104742031964,124.574736004493,Nearest barangay reference point
Poblacion,POB-POST-251,251,MN2@2,C7/STEEL/40FT,8.51857614844865,124.57473919671,Nearest barangay reference point
Poblacion,POB-POST-252,252,MN2.2,ABCN50KVA/COMMON,8.51860857254352,124.574739196714,Nearest barangay reference point
Poblacion,POB-POST-253,253,MN2@2,ABCN50KVA/COMMON,8.51860857254352,124.574739196714,Nearest barangay reference point
Poblacion,POB-POST-254,254,MN4A,OS/WOOD/30FT,8.51749629342892,124.574745997073,Nearest barangay reference point
Poblacion,POB-POST-255,255,M5,CN25KVA/SPOTLOAD,8.51968955993652,124.574775695801,Nearest barangay reference point
Poblacion,POB-POST-256,256,M5,C7/STEEL/35FT,8.51966434354397,124.574779222754,Nearest barangay reference point
Poblacion,POB-POST-257,257,M6@6,C2-1/C7/WOOD/45FT,8.51974200113854,124.574832595768,Nearest barangay reference point
Poblacion,POB-POST-258,258,MN3A,OS/STEEL/30FT,8.51777113998361,124.574846811229,Nearest barangay reference point
Poblacion,POB-POST-259,259,M4.1B,OS/WOOD/30FT,8.52023374635469,124.574849597857,Nearest barangay reference point
Poblacion,POB-POST-260,260,MN3@1,C14/STEEL/40FT,8.51755618508126,124.574880516055,Nearest barangay reference point
Poblacion,POB-POST-261,261,M4@11,2C7/CONCRETE/35FT,8.52030199635435,124.574922995808,Nearest barangay reference point
Poblacion,POB-POST-262,262,M4@9,A4/WOOD/35FT,8.52102243826584,124.574936981915,Nearest barangay reference point
Poblacion,POB-POST-263,263,M4@12,C7/CONCRETE/35FT,8.52037600372429,124.574967996429,Nearest barangay reference point
Poblacion,POB-POST-264,264,M4@12,ABCN50KVA/COMMON,8.5204055676281,124.574967996429,Nearest barangay reference point
Poblacion,POB-POST-265,265,MN3C,OS/STEEL/30FT,8.51776359361805,124.574975827759,Nearest barangay reference point
Poblacion,POB-POST-266,266,M5A,OS/WOOD/30FT,8.51978590088102,124.574990750812,Nearest barangay reference point
Poblacion,POB-POST-267,267,M5D,OS/WOOD/30FT,8.5196621817461,124.575016776145,Nearest barangay reference point
Poblacion,POB-POST-268,268,M4@10,A5/CONCRETE/35FT,8.52095881962189,124.575041923343,Nearest barangay reference point
Poblacion,POB-POST-269,269,M4@10,CN10KVA/COMMON,8.52099029087434,124.575041923343,Nearest barangay reference point
Poblacion,POB-POST-270,270,M4@12,ABCN50KVA/COMMON,8.52035161022949,124.575076035156,Nearest barangay reference point
Poblacion,POB-POST-271,271,MN3,C14/STEEL/40FT,8.5181789200071,124.575109939091,Nearest barangay reference point
Poblacion,POB-POST-272,272,MN3,BN25KVA/COMMON,8.51821897432838,124.575117568486,Nearest barangay reference point
Poblacion,POB-POST-273,273,MN2@3,A5/CONCRETE/35FT,8.51875299983046,124.575122996935,Nearest barangay reference point
Poblacion,POB-POST-274,274,MN2@1,C1/C7-1/STEEL/40FT,8.5184398561633,124.575192345183,Nearest barangay reference point
Poblacion,POB-POST-275,275,M5B,OS/WOOD/30FT,8.52008177883584,124.575192497365,Nearest barangay reference point
Poblacion,POB-POST-276,276,M6B,OS/WOOD/30FT,8.51949600126145,124.575239003165,Nearest barangay reference point
Poblacion,POB-POST-277,277,MN2,C2/A5-1/CONCRETE/40FT,8.51881100042411,124.575317974413,Nearest barangay reference point
Poblacion,POB-POST-278,278,M5C,OS/WOOD/30FT,8.520412616802,124.575404478642,Nearest barangay reference point
Poblacion,POB-POST-279,279,MN1,C1/WOOD/40FT,8.51915725325468,124.575450159924,Nearest barangay reference point
Poblacion,POB-POST-280,280,M6A,OS/WOOD/30FT,8.51928599616055,124.57545400217,Nearest barangay reference point
Poblacion,POB-POST-281,281,M6,C4-1/C7-1/CONCRETE/35FT,8.51946110822573,124.575566667417,Nearest barangay reference point
Poblacion,POB-POST-282,282,M6,AN25KVA/COMMON,8.51949353315249,124.575566667417,Nearest barangay reference point
Poblacion,POB-POST-283,283,M6.1,BN37.5KVA/SPOTLOAD,8.51987857507324,124.575765,Nearest barangay reference point
Poblacion,POB-POST-284,284,M6@1,C8/CONCRETE/35FT,8.519911,124.575765,Nearest barangay reference point
Poblacion,POB-POST-285,285,M6.1,BN25KVA/COMMON,8.51994151757813,124.575765,Nearest barangay reference point
Poblacion,POB-POST-286,286,M6.1,BN25KVA/COMMON,8.51997298883057,124.575765,Nearest barangay reference point
Poblacion,POB-POST-287,287,M6.2,BN25KVA/COMMON,8.52019265680984,124.575853914784,Nearest barangay reference point
Poblacion,POB-POST-288,288,M6@2,2C7/STEEL/70FT,8.520173,124.575862,Nearest barangay reference point
Poblacion,POB-POST-289,289,M6@5,AN25KVA/SPOTLOAD,8.51875370568713,124.57590599657,Nearest barangay reference point
Poblacion,POB-POST-290,290,M6@5,A5/STEEL/35FT,8.51882999963244,124.57590599657,Nearest barangay reference point
Poblacion,POB-POST-291,291,M6@5,AN15KVA/COMMON,8.51891106194934,124.57590599657,Nearest barangay reference point
Poblacion,POB-POST-292,292,M6@5B,OS/WOOD/30FT,8.51807700047174,124.575911996997,Nearest barangay reference point
Poblacion,POB-POST-293,293,M6@3,C7/STEEL/70FT,8.520086,124.575995,Nearest barangay reference point
Poblacion,POB-POST-294,294,M6@5A,OS/WOOD/30FT,8.51850800019158,124.576005000299,Nearest barangay reference point
Poblacion,POB-POST-295,295,M6.3,ABCN25KVA/SPOTLOAD,8.52009571936611,124.576022618407,Nearest barangay reference point
Poblacion,POB-POST-296,296,M6@4,C1-1/A5-1/CONCRETE/35FT,8.51927123073379,124.57603818665,Nearest barangay reference point
Poblacion,POB-POST-297,297,M7.2A,OS/WOOD/30FT,8.51812049574337,124.576203185587,Nearest barangay reference point
Poblacion,POB-POST-298,298,014,Opol Bridge,8.51908495521815,124.576260067358,Nearest barangay reference point
Poblacion,POB-POST-299,299,014,Opol Bridge,8.51908495521815,124.576260067358,Nearest barangay reference point
Poblacion,POB-POST-300,300,Opol,Opol Bridge,8.51993862224307,124.576400728733,Nearest barangay reference point
Poblacion,POB-POST-301,301,M7@2,A1/WOOD/35FT,8.51822057185949,124.576519847596,Nearest barangay reference point
Poblacion,POB-POST-302,302,M7,BN37.5KVA/COMMON,8.51906578313534,124.576580004166,Nearest barangay reference point
Poblacion,POB-POST-303,303,M7@1,A6/WOOD/35FT,8.5188267819512,124.576585293777,Nearest barangay reference point
Poblacion,POB-POST-304,304,M7,C8/A5-1/WOOD/35FT,8.51902954351131,124.576587633561,Nearest barangay reference point
Poblacion,POB-POST-305,305,M7A,OS/WOOD/30FT,8.51930712632678,124.576621949289,Nearest barangay reference point
Poblacion,POB-POST-306,306,M7B,OS/WOOD/30FT,8.51889300226064,124.576898002883,Nearest barangay reference point
Poblacion,POB-POST-307,307,M8A,OS/WOOD/30FT,8.51850000032039,124.577105002567,Nearest barangay reference point
Poblacion,POB-POST-308,308,M8,C1/CONCRETE/35FT,8.51873761428336,124.577299262866,Nearest barangay reference point
Poblacion,POB-POST-309,309,M9,C1/WOOD/35FT,8.51856075037835,124.577747632576,Nearest barangay reference point
Poblacion,POB-POST-310,310,M9B,OS/WOOD/30FT,8.51876597290997,124.578150100985,Nearest barangay reference point
Taboc,TAB-POST-001,1,K17@3,A5/WOOD/35FT,8.5076026333651,124.56253909909,Nearest barangay reference point
Taboc,TAB-POST-002,2,KA19@1B,OS/CONCRETE/30FT,8.50939719786639,124.563070173996,Nearest barangay reference point
Taboc,TAB-POST-003,3,K17@2,A5/WOOD/35FT,8.50746190866545,124.563082098668,Nearest barangay reference point
Taboc,TAB-POST-004,4,K17@1B,OS/WOOD/30FT,8.506836004123,124.563321381037,Nearest barangay reference point
Taboc,TAB-POST-005,5,K17@1,A1/WOOD/35FT,8.50732066668571,124.563627066091,Nearest barangay reference point
Taboc,TAB-POST-006,6,302-01605,302-01605,8.50558000076071,124.563780998445,Nearest barangay reference point
Taboc,TAB-POST-007,7,K17@1A,OS/WOOD/30FT,8.50683206437918,124.563824597324,Nearest barangay reference point
Taboc,TAB-POST-008,8,302-01600,302-01600,8.50603399935017,124.56401600383,Nearest barangay reference point
Taboc,TAB-POST-009,9,KL16,DC C8/WOOD/40FT,8.50599158703348,124.564181401642,Nearest barangay reference point
Taboc,TAB-POST-010,10,K16,DC C8/WOOD/40FT,8.50596393053775,124.564219545185,Nearest barangay reference point
Taboc,TAB-POST-011,11,K17@0,A1/WOOD/35FT,8.50712411105633,124.564404319972,Nearest barangay reference point
Taboc,TAB-POST-012,12,302-01595,302-01595,8.50668099743602,124.564416000707,Nearest barangay reference point
Taboc,TAB-POST-013,13,KL17,DC C1/WOOD/40FT,8.50710207559397,124.564679621109,Nearest barangay reference point
Taboc,TAB-POST-014,14,K17,DC C1/WOOD/40FT,8.50706774333715,124.564725393045,Nearest barangay reference point
Taboc,TAB-POST-015,15,302-01590,302-01590,8.50709499683783,124.564749003108,Nearest barangay reference point
Taboc,TAB-POST-016,16,K16A,OS/WOOD/30FT,8.50565870560625,124.564938579899,Nearest barangay reference point
Taboc,TAB-POST-017,17,302-01585,302-01585,8.50780100394816,124.565033999408,Nearest barangay reference point
Taboc,TAB-POST-018,18,KL18,DC C1/WOOD/40FT,8.50825326140625,124.565290154789,Nearest barangay reference point
Taboc,TAB-POST-019,19,K18,DC C1/WOOD/40FT,8.5082084365092,124.565328303344,Nearest barangay reference point
Taboc,TAB-POST-020,20,302-01580,302-01580,8.50848700005963,124.565390996994,Nearest barangay reference point
Taboc,TAB-POST-021,21,K19A,OS/WOOD/30FT,8.50875337342252,124.565632864796,Nearest barangay reference point
Taboc,TAB-POST-022,22,302-01575,302-01575,8.50912299654687,124.565664003674,Nearest barangay reference point
Taboc,TAB-POST-023,23,KL19,DC C1/WOOD/40FT,8.50911050210758,124.565708495162,Nearest barangay reference point
Taboc,TAB-POST-024,24,K16B,OS/WOOD/30FT,8.50543909828286,124.565709967924,Nearest barangay reference point
Taboc,TAB-POST-025,25,K19,DC C1/WOOD/40FT,8.50907235924607,124.565754271667,Nearest barangay reference point
Taboc,TAB-POST-026,26,K16D,OS/WOOD/30FT,8.50618873919448,124.565811396881,Nearest barangay reference point
Taboc,TAB-POST-027,27,302-01570,302-01570,8.50971700321183,124.565950001839,Nearest barangay reference point
Taboc,TAB-POST-028,28,K16C,OS/WOOD/30FT,8.5058872825671,124.566043481452,Nearest barangay reference point
Taboc,TAB-POST-029,29,K20.1,C7/WOOD/35FT,8.51017956621946,124.566115401685,Nearest barangay reference point
Taboc,TAB-POST-030,30,K19B,OS/WOOD/30FT,8.50909151305053,124.566175920792,Nearest barangay reference point
Taboc,TAB-POST-031,31,302-01565,302-01565,8.51023300100729,124.566185001554,Nearest barangay reference point
Taboc,TAB-POST-032,32,K19C,OS/WOOD/30FT,8.50856333823571,124.566236400489,Nearest barangay reference point
Taboc,TAB-POST-033,33,KL20,DC C1/WOOD/40FT,8.51017844308041,124.566238395945,Nearest barangay reference point
Taboc,TAB-POST-034,34,K21@2,C7/WOOD/35FT,8.51116102630389,124.566263217055,Nearest barangay reference point
Taboc,TAB-POST-035,35,K21@2,ABCN100KVA/SPOTLOAD,8.51118963653338,124.566263217055,Nearest barangay reference point
Taboc,TAB-POST-036,36,K20,DC C1/WOOD/40FT,8.51014029750069,124.566284175589,Nearest barangay reference point
Taboc,TAB-POST-037,37,KA2,C2/STEEL/35FT,8.51218169783716,124.56635681499,Nearest barangay reference point
Taboc,TAB-POST-038,38,K21@1,C7/WOOD/35FT,8.51116448035589,124.566438276472,Nearest barangay reference point
Taboc,TAB-POST-039,39,302-01560,302-01560,8.51084900219961,124.566481000431,Nearest barangay reference point
Taboc,TAB-POST-040,40,KL21,DC C1/WOOD/40FT,8.51114579004769,124.56667173961,Nearest barangay reference point
Taboc,TAB-POST-041,41,K21,DC C1/WOOD/40FT,8.51110287523543,124.566717519986,Nearest barangay reference point
Taboc,TAB-POST-042,42,KA1.1,C14/CONCRETE/35FT,8.51233912780762,124.566773888184,Nearest barangay reference point
Taboc,TAB-POST-043,43,302-01555,302-01555,8.51144700403143,124.566794003033,Nearest barangay reference point
Taboc,TAB-POST-044,44,026,Zone1LowerDanao,8.51216024801756,124.566960114785,Nearest barangay reference point
Taboc,TAB-POST-045,45,302-01550,302-01550,8.51184599719441,124.566975003828,Nearest barangay reference point
Taboc,TAB-POST-046,46,K23A,OS/WOOD/30FT,8.51295648660889,124.567007151116,Nearest barangay reference point
Taboc,TAB-POST-047,47,KL22,DC C1/WOOD/40FT,8.51217981735508,124.56716887382,Nearest barangay reference point
Taboc,TAB-POST-048,48,K22,DC C1/WOOD/40FT,8.51214834999024,124.567214650666,Nearest barangay reference point
Taboc,TAB-POST-049,49,KA1,C4/STEEL/35FT,8.51252090852496,124.56724579492,Nearest barangay reference point
Taboc,TAB-POST-050,50,302-01545,302-01545,8.51253799892381,124.567267999512,Nearest barangay reference point
Taboc,TAB-POST-051,51,302-01540,302-01540,8.51300600008961,124.567493997518,Nearest barangay reference point
Taboc,TAB-POST-052,52,KL23,DC C1/WOOD/40FT,8.51306115806615,124.567590065,Nearest barangay reference point
Taboc,TAB-POST-053,53,K24@1,C7/WOOD/35FT,8.51334996181933,124.567613670214,Nearest barangay reference point
Taboc,TAB-POST-054,54,K24@1,ABCN25KVA/SPOTLOAD,8.51339287716357,124.567613670214,Nearest barangay reference point
Taboc,TAB-POST-055,55,K23,DC C1/WOOD/40FT,8.51302777924762,124.567635841304,Nearest barangay reference point
Taboc,TAB-POST-056,56,KL24,DC C1/C8/WOOD/40FT,8.51355503374684,124.567796767954,Nearest barangay reference point
Taboc,TAB-POST-057,57,K24,DC C1/C8/WOOD/40FT,8.51352546684384,124.56785017402,Nearest barangay reference point
Taboc,TAB-POST-058,58,LN13@8H,OS/STEEL/30FT,8.5120065993928,124.568581041414,Nearest barangay reference point
Taboc,TAB-POST-059,59,LN13@8G,OS/STEEL/30FT,8.51244800049285,124.568952004291,Nearest barangay reference point
Taboc,TAB-POST-060,60,LN13@8E,OS/WOOD/30FT,8.510628,124.569515,Nearest barangay reference point
Taboc,TAB-POST-061,61,LN13@8D,OS/WOOD/30FT,8.511075,124.569806,Nearest barangay reference point
Taboc,TAB-POST-062,62,LN13@8F,OS/WOOD/30FT,8.512943,124.570334,Nearest barangay reference point
Taboc,TAB-POST-063,63,LN13@8C,OS/WOOD/30FT,8.511356,124.570509,Nearest barangay reference point
Taboc,TAB-POST-064,64,LN13@13,A5/STEEL/35FT,8.512122,124.570653,Nearest barangay reference point
Taboc,TAB-POST-065,65,LN13@13,CN15KVA/COMMON,8.51215065615799,124.570653191632,Nearest barangay reference point
Taboc,TAB-POST-066,66,LN13@8B,OS/WOOD/30FT,8.511712,124.570672,Nearest barangay reference point
Taboc,TAB-POST-067,67,MP17@4,A5/WOOD/35FT,8.50126561790162,124.570927858162,Nearest barangay reference point
Taboc,TAB-POST-068,68,MU7P,OS/WOOD/30FT,8.51503699852107,124.570998995811,Nearest barangay reference point
Taboc,TAB-POST-069,69,LN13@8,A6/STEEL/35FT,8.51200799984612,124.571191996776,Nearest barangay reference point
Taboc,TAB-POST-070,70,LN13@6B,OS/WOOD/30FT,8.51164195906252,124.571661877972,Nearest barangay reference point
Taboc,TAB-POST-071,71,LN13@7,A2/STEEL/35FT,8.5119802534164,124.571678726188,Nearest barangay reference point
Taboc,TAB-POST-072,72,MP17@3,A1/WOOD/35FT,8.50198945669729,124.571690797617,Nearest barangay reference point
Taboc,TAB-POST-073,73,LN13@5B,OS/STEEL/30FT,8.51271156900914,124.572022127785,Nearest barangay reference point
Taboc,TAB-POST-074,74,LN13@6,A4/STEEL/35FT,8.5118552728128,124.572043584213,Nearest barangay reference point
Taboc,TAB-POST-075,75,LN13@6A,OS/WOOD/30FT,8.511619,124.572087,Nearest barangay reference point
Taboc,TAB-POST-076,76,MP17A,OS/STEEL/30FT,8.50527556902632,124.57214543055,Nearest barangay reference point
Taboc,TAB-POST-077,77,MP17,B7/WOOD/35FT,8.50491937326552,124.572197045946,Nearest barangay reference point
Taboc,TAB-POST-078,78,LN13@11E,OS/WOOD/30FT,8.515463,124.572241,Nearest barangay reference point
Taboc,TAB-POST-079,79,MP17@1,A1/WOOD/35FT,8.50380642417573,124.572381112539,Nearest barangay reference point
Taboc,TAB-POST-080,80,LN13@5,A2/STEEL/35FT,8.51212375180648,124.572400656143,Nearest barangay reference point
Taboc,TAB-POST-081,81,LN13@5A,OS/WOOD/30FT,8.51260755374436,124.572407780866,Nearest barangay reference point
Taboc,TAB-POST-082,82,MP17@2,A3/WOOD/35FT,8.50271241818709,124.572457304037,Nearest barangay reference point
Taboc,TAB-POST-083,83,LN13@11D,OS/WOOD/30FT,8.5151491086302,124.572483971694,Nearest barangay reference point
Taboc,TAB-POST-084,84,LN13@11C,OS/WOOD/30FT,8.51484182951337,124.572719418608,Nearest barangay reference point
Taboc,TAB-POST-085,85,LN13@11B,OS/CONCRETE/30FT,8.51448300012726,124.572848002783,Nearest barangay reference point
Taboc,TAB-POST-086,86,TA4,DC-69KV/STEEL/70FT,8.51271373520397,124.573018626686,Nearest barangay reference point
Taboc,TAB-POST-087,87,TA5,DC-C14/STEEL/70FT,8.51336236547815,124.573021387603,Nearest barangay reference point
Taboc,TAB-POST-088,88,305-00100,TYPE E/DC-C14/STEEL/70FT,8.512726,124.573054,Nearest barangay reference point
Taboc,TAB-POST-089,89,LN13@4,A2/WOOD/35FT,8.5127581702114,124.573059557607,Nearest barangay reference point
Taboc,TAB-POST-090,90,305-00095,305-00095,8.513373,124.573065,Nearest barangay reference point
Taboc,TAB-POST-091,91,TB4,DC-69KV/STEEL/70FT,8.51273185573189,124.573087286696,Nearest barangay reference point
Taboc,TAB-POST-092,92,TB5,DC-69KV/STEEL/70FT,8.51337190773505,124.573090048667,Nearest barangay reference point
Taboc,TAB-POST-093,93,LN13@11,A5/STEEL/35FT,8.5145419968454,124.573215003655,Nearest barangay reference point
Taboc,TAB-POST-094,94,LN13@11,CN15KVA/COMMON,8.51458491218964,124.573215003655,Nearest barangay reference point
Taboc,TAB-POST-095,95,TA6,DC-C1-1/STEEL/40FT,8.51377457033818,124.573270256284,Nearest barangay reference point
Taboc,TAB-POST-096,96,LN13@11A,OS/WOOD/30FT,8.51441000025468,124.573279997839,Nearest barangay reference point
Taboc,TAB-POST-097,97,TB6,DC-C1-1/STEEL/40FT,8.51376789064096,124.573346543419,Nearest barangay reference point
Taboc,TAB-POST-098,98,MP16,B1/WOOD/35FT,8.50504976028464,124.57334687915,Nearest barangay reference point
Taboc,TAB-POST-099,99,LN13@11AA,OS/STEEL/30FT,8.51424500194105,124.573387001963,Nearest barangay reference point
Taboc,TAB-POST-100,100,LN13@3,A1-1/STEEL/35FT,8.5135409587579,124.573387704634,Nearest barangay reference point
Taboc,TAB-POST-101,101,TA3,DC-C1/STEEL/40FT,8.51238490982039,124.573399108843,Nearest barangay reference point
Taboc,TAB-POST-102,102,305-00105,305-00105,8.512403,124.57344,Nearest barangay reference point
Taboc,TAB-POST-103,103,305-00090,305-00090,8.513664,124.573444,Nearest barangay reference point
Taboc,TAB-POST-104,104,LN13@3A,OS/STEEL/30FT,8.5139103477234,124.573449569553,Nearest barangay reference point
Taboc,TAB-POST-105,105,TB3,DC-C1/STEEL/40FT,8.51241828906919,124.573467777882,Nearest barangay reference point
Taboc,TAB-POST-106,106,TA7,DC-C14/STEEL/70FT,8.51417003794197,124.573510156843,Nearest barangay reference point
Taboc,TAB-POST-107,107,305-00085,E-(N-1)/DC-C14/STEEL/70FT,8.514169,124.573551,Nearest barangay reference point
Taboc,TAB-POST-108,108,TA2,DC-C14/STEEL/40FT,8.51196551786725,124.57356220075,Nearest barangay reference point
Taboc,TAB-POST-109,109,TB7,DC-C14/STEEL/70FT,8.51416527132151,124.573586452107,Nearest barangay reference point
Taboc,TAB-POST-110,110,IA15C,OS/2J6/WOOD/30FT,8.50233343429864,124.57361837849,Nearest barangay reference point
Taboc,TAB-POST-111,111,TB2,DC-C14/STEEL/40FT,8.51199508238783,124.573623240349,Nearest barangay reference point
Taboc,TAB-POST-112,112,TA1,DC-C14/STEEL/40FT,8.51185781262473,124.573635041441,Nearest barangay reference point
Taboc,TAB-POST-113,113,TB1,DC-C14/STEEL/40FT,8.5118873771361,124.573696081026,Nearest barangay reference point
Taboc,TAB-POST-114,114,305-00110,305-00110,8.511902,124.573746,Nearest barangay reference point
Taboc,TAB-POST-115,115,TA8,DC-C14/STEEL/70FT,8.51489001247849,124.573767442065,Nearest barangay reference point
Taboc,TAB-POST-116,116,305-00080,TYPE A/DC-C14/STEEL/70FT,8.51488832427978,124.573807258789,Nearest barangay reference point
Taboc,TAB-POST-117,117,LN13@2,A2/A5-1/A5-1/WOOD/35FT,8.5146073078613,124.573824572027,Nearest barangay reference point
Taboc,TAB-POST-118,118,TB8,DC-C14/STEEL/70FT,8.51488333262742,124.573836109062,Nearest barangay reference point
Taboc,TAB-POST-119,119,MP15@1,A4/WOOD/35FT,8.50657690101123,124.573842435698,Nearest barangay reference point
Taboc,TAB-POST-120,120,TB0,TB0,8.51180389417285,124.573854326916,Nearest barangay reference point
Taboc,TAB-POST-121,121,TA0,TA0,8.51173332549977,124.5738619589,Nearest barangay reference point
Taboc,TAB-POST-122,122,TA9,DC-C14/STEEL/70FT,8.51532526803938,124.573923967027,Nearest barangay reference point
Taboc,TAB-POST-123,123,FEEDER4,FEEDER4,8.51181056989306,124.573930620861,Nearest barangay reference point
Taboc,TAB-POST-124,124,FEEDER3,FEEDER3,8.51173332549977,124.573938252846,Nearest barangay reference point
Taboc,TAB-POST-125,125,LN13@1,A3/WOOD/35FT,8.51498307132395,124.57393979882,Nearest barangay reference point
Taboc,TAB-POST-126,126,305-00075,TYPE A/DC-C14/STEEL/70FT,8.515339,124.573973,Nearest barangay reference point
Taboc,TAB-POST-127,127,TB9,DC-69KV/STEEL/70FT,8.51531859718905,124.573992634129,Nearest barangay reference point
Taboc,TAB-POST-128,128,1754,,8.511326,124.574006,Nearest barangay reference point
Taboc,TAB-POST-129,129,MP15@2,A2/WOOD/35FT,8.50703531106816,124.574051067123,Nearest barangay reference point
Taboc,TAB-POST-130,130,LN13@9,A2/WOOD/35FT,8.51416527029034,124.574067804853,Nearest barangay reference point
Taboc,TAB-POST-131,131,TA10,DC-C14/STEEL/70FT,8.51579001314609,124.574095227453,Nearest barangay reference point
Taboc,TAB-POST-132,132,LN13@10,A4/WOOD/35FT,8.51351900319313,124.574125001948,Nearest barangay reference point
Taboc,TAB-POST-133,133,LN13@10,CN15KVA/COMMON,8.51358003834938,124.574132631342,Nearest barangay reference point
Taboc,TAB-POST-134,134,Opol,Banbanon,8.51143919197834,124.574136744998,Nearest barangay reference point
Taboc,TAB-POST-135,135,305-00070,TYPE B/DC-C14/STEEL/70FT,8.515797,124.57415,Nearest barangay reference point
Taboc,TAB-POST-136,136,MN4F,OS/WOOD/30FT,8.51652003976522,124.574162237669,Nearest barangay reference point
Taboc,TAB-POST-137,137,MP15@3,A1/A5-1/WOOD/35FT,8.50803191313472,124.57417008851,Nearest barangay reference point
Taboc,TAB-POST-138,138,TB10,C14/A5-1/WOOD/35FT,8.51577417068322,124.574174957711,Nearest barangay reference point
Taboc,TAB-POST-139,139,LN13@0,A6/WOOD/35FT,8.51562699793347,124.574196998702,Nearest barangay reference point
Taboc,TAB-POST-140,140,LN13,C14/A5-1/WOOD/35FT,8.51574079208215,124.574220734078,Nearest barangay reference point
Taboc,TAB-POST-141,141,TA11,DC-C14/STEEL/70FT,8.5162468207843,124.574259398461,Nearest barangay reference point
Taboc,TAB-POST-142,142,305-00065,305-00065,8.51624474920654,124.574305447266,Nearest barangay reference point
Taboc,TAB-POST-143,143,LN12,DC-69KV/STEEL/70FT,8.51624300141981,124.574366208242,Nearest barangay reference point
Taboc,TAB-POST-144,144,MP15@4,A5/WOOD/35FT,8.50921099653123,124.57436848627,Nearest barangay reference point
Taboc,TAB-POST-145,145,MP15@5,A2/WOOD/35FT,8.50802516613761,124.5743938697,Nearest barangay reference point
Taboc,TAB-POST-146,146,LN13@10A,OS/WOOD/30FT,8.51395469911815,124.574398243745,Nearest barangay reference point
Taboc,TAB-POST-147,147,TA12,D/C14-2/STEEL/70FT,8.51669116915236,124.574445890378,Nearest barangay reference point
Taboc,TAB-POST-148,148,MP15,B1/A5-1/WOOD/35FT,8.50521093123984,124.574453141358,Nearest barangay reference point
Taboc,TAB-POST-149,149,305-00060,B-(N-1)/C14/STEEL/70FT,8.51669122363281,124.574494594238,Nearest barangay reference point
Taboc,TAB-POST-150,150,LN13@10B,OS/WOOD/30FT,8.51466613826732,124.574520310991,Nearest barangay reference point
Taboc,TAB-POST-151,151,LN11,C14/STEEL/45FT,8.5166775264414,124.57454610756,Nearest barangay reference point
Taboc,TAB-POST-152,152,MP12@3F,OS/WOOD/30FT,8.5032456368208,124.574546674267,Nearest barangay reference point
Taboc,TAB-POST-153,153,LN13@12,A5/STEEL/35FT,8.5130699956732,124.574570999286,Nearest barangay reference point
Taboc,TAB-POST-154,154,LN13@12,BN57.5KVA/SPOTLOAD,8.51311481836607,124.574570999286,Nearest barangay reference point
Taboc,TAB-POST-155,155,LN14,C14/STEEL/35FT,8.51557600609984,124.574659884772,Nearest barangay reference point
Taboc,TAB-POST-156,156,MP15@6,A5/WOOD/35FT,8.50806128777937,124.574688998638,Nearest barangay reference point
Taboc,TAB-POST-157,157,LN13@12A,OS/WOOD/30FT,8.51320857831517,124.574708290653,Nearest barangay reference point
Taboc,TAB-POST-158,158,MN4@1A,OS/WOOD/30FT,8.5167186241597,124.574776841328,Nearest barangay reference point
Taboc,TAB-POST-159,159,LN15A,OS/WOOD/30FT,8.51505156248115,124.574828835716,Nearest barangay reference point
Taboc,TAB-POST-160,160,MN4@1G,OS/WOOD/30FT,8.51585352793337,124.574860660359,Nearest barangay reference point
Taboc,TAB-POST-161,161,LN13@12B,OS/WOOD/30FT,8.5127165961749,124.574894776609,Nearest barangay reference point
Taboc,TAB-POST-162,162,MP12@3E,OS/WOOD/30FT,8.50397092290223,124.574899384752,Nearest barangay reference point
Taboc,TAB-POST-163,163,MP12.3S,STUB POLE/WOOD/30FT,8.50405323319138,124.574941042811,Nearest barangay reference point
Taboc,TAB-POST-164,164,LN13@12D,OS/STEEL/30FT,8.51184536570847,124.57500942843,Nearest barangay reference point
Taboc,TAB-POST-165,165,MN4@1,A5/WOOD/35FT,8.51699587323265,124.575104817375,Nearest barangay reference point
Taboc,TAB-POST-166,166,MN4@1D,OS/WOOD/30FT,8.51640790700913,124.575151260942,Nearest barangay reference point
Taboc,TAB-POST-167,167,LN13@12C,OS/WOOD/30FT,8.51228082929553,124.575170286218,Nearest barangay reference point
Taboc,TAB-POST-168,168,MN4@1E,OS/WOOD/30FT,8.51591488346458,124.575171796605,Nearest barangay reference point
Taboc,TAB-POST-169,169,LN15,C14/STEEL/35FT,8.51525019191368,124.575175889889,Nearest barangay reference point
Taboc,TAB-POST-170,170,MN4@1B,OS/STEEL/30FT,8.51711098104716,124.575181603432,Nearest barangay reference point
Taboc,TAB-POST-171,171,MN4@1F,OS/WOOD/30FT,8.51559402421118,124.575279420242,Nearest barangay reference point
Taboc,TAB-POST-172,172,MP12@3D,OS/WOOD/30FT,8.50360882468522,124.575298530981,Nearest barangay reference point
Taboc,TAB-POST-173,173,LN16,C14/STEEL/35FT,8.5149531423845,124.575541861727,Nearest barangay reference point
Taboc,TAB-POST-174,174,MP14,C8/WOOD/35FT,8.50537400954368,124.575551774173,Nearest barangay reference point
Taboc,TAB-POST-175,175,LN17@1,AN10KVA/SPOTLOAD,8.51483801799346,124.575604003492,Nearest barangay reference point
Taboc,TAB-POST-176,176,LN17@1,A5/STEEL/35FT,8.51485899882842,124.575604003492,Nearest barangay reference point
Taboc,TAB-POST-177,177,LN17@1,CN15KVA/SPOTLOAD,8.51488474803496,124.575604003492,Nearest barangay reference point
Taboc,TAB-POST-178,178,MN4@1C,OS/WOOD/30FT,8.51698022335768,124.575605560094,Nearest barangay reference point
Taboc,TAB-POST-179,179,MP13A,OS/WOOD/30FT,8.50588367102499,124.575657104537,Nearest barangay reference point
Taboc,TAB-POST-180,180,Opol,TABOC,8.51301780772891,124.575798006565,Nearest barangay reference point
Taboc,TAB-POST-181,181,MN4@1CA,OS/WOOD/30FT,8.51643422618509,124.575828015804,Nearest barangay reference point
Taboc,TAB-POST-182,182,MP12@3C,OS/WOOD/30FT,8.50316919386388,124.575837654993,Nearest barangay reference point
Taboc,TAB-POST-183,183,MP13B,OS/WOOD/30FT,8.50686460862656,124.575874957981,Nearest barangay reference point
Taboc,TAB-POST-184,184,LN17,C14/A5-1/STEEL/35FT,8.51477335122239,124.576061287511,Nearest barangay reference point
Taboc,TAB-POST-185,185,M7@3,A5/WOOD/35FT,8.51754599785374,124.576447000795,Nearest barangay reference point
Taboc,TAB-POST-186,186,M7@3,BN10KVA/SPOTLOAD,8.51763182854221,124.576454630189,Nearest barangay reference point
Taboc,TAB-POST-187,187,LN18,C14/STEEL/35FT,8.51457300122382,124.576541998866,Nearest barangay reference point
Taboc,TAB-POST-188,188,MP13,C1/WOOD/35FT,8.50553231947597,124.576658036381,Nearest barangay reference point
Taboc,TAB-POST-189,189,10013724,10013724,8.51531057122146,124.576738563357,Nearest barangay reference point
Taboc,TAB-POST-190,190,LN19@3,ABCN50KVA/SPOTLOAD,8.51525335076248,124.576822486696,Nearest barangay reference point
Taboc,TAB-POST-191,191,LN19@3,C7/STEEL/40FT,8.51522950890457,124.576822486697,Nearest barangay reference point
Taboc,TAB-POST-192,192,MP12@2,A1/WOOD/35FT,8.50399640388788,124.576927050948,Nearest barangay reference point
Taboc,TAB-POST-193,193,LN19@2,C1/STEEL/40FT,8.51496800011867,124.576956998237,Nearest barangay reference point
Taboc,TAB-POST-194,194,LN19,C14/C7-1/STEEL/40FT,8.5144970021943,124.576979003157,Nearest barangay reference point
Taboc,TAB-POST-195,195,LN19@1,2C7/STEEL/40FT,8.51466099793484,124.57706799701,Nearest barangay reference point
Taboc,TAB-POST-196,196,MP12@1,A1/WOOD/35FT,8.50480047985912,124.57713550888,Nearest barangay reference point
Taboc,TAB-POST-197,197,LN49C,OS/STEEL/30FT,8.51086444872282,124.577342623344,Nearest barangay reference point
Taboc,TAB-POST-198,198,LN20,C14/A5-1/STEEL/35FT,8.51435437459561,124.577348619808,Nearest barangay reference point
Taboc,TAB-POST-199,199,MP12,C2/A5-1/STEEL/35FT,8.50578981153712,124.577390458258,Nearest barangay reference point
Taboc,TAB-POST-200,200,LN49AA,OS/STEEL/30FT,8.51007200284945,124.577534995963,Nearest barangay reference point
Taboc,TAB-POST-201,201,LN20@1,C7/STEEL/35FT,8.51429452378047,124.577556128998,Nearest barangay reference point
Taboc,TAB-POST-202,202,LN20@1,CN15KVA/SPOTLOAD,8.51431550461544,124.577556128998,Nearest barangay reference point
Taboc,TAB-POST-203,203,M9D,OS/WOOD/30FT,8.51847499638508,124.577648999812,Nearest barangay reference point
Taboc,TAB-POST-204,204,MP12A,OS/WOOD/30FT,8.50656562887735,124.577651753551,Nearest barangay reference point
Taboc,TAB-POST-205,205,LN49A,OS/STEEL/30FT,8.51060343775868,124.577798184814,Nearest barangay reference point
Taboc,TAB-POST-206,206,LN21,C14/STEEL/35FT,8.51431928390827,124.57798300014,Nearest barangay reference point
Taboc,TAB-POST-207,207,LN21,C14/STEEL/35FT,8.51434121841754,124.57798300014,Nearest barangay reference point
Taboc,TAB-POST-208,208,M10CA,OS/WOOD/30FT,8.51812594292639,124.577988454392,Nearest barangay reference point
Taboc,TAB-POST-209,209,LN49B,OS/STEEL/30FT,8.51069220097808,124.578095066226,Nearest barangay reference point
Taboc,TAB-POST-210,210,LN51,C2/STEEL/35FT,8.50969299591919,124.578217197783,Nearest barangay reference point
Taboc,TAB-POST-211,211,LN52,C7/STEEL/35FT,8.50931153577489,124.578218278653,Nearest barangay reference point
Taboc,TAB-POST-212,212,LN52A,OS/STEEL/30FT,8.50886426090693,124.578294577072,Nearest barangay reference point
Taboc,TAB-POST-213,213,M9A,OS/STEEL/30FT,8.51843271970223,124.578304701528,Nearest barangay reference point
Taboc,TAB-POST-214,214,LN50,C2/WOOD/35FT,8.51005970433137,124.57831961876,Nearest barangay reference point
Taboc,TAB-POST-215,215,LN49@1,C8/STEEL/35FT,8.51026299981231,124.578358998908,Nearest barangay reference point
Taboc,TAB-POST-216,216,M10C,OS/STEEL/30FT,8.51800953294455,124.578407629896,Nearest barangay reference point
Taboc,TAB-POST-217,217,LN47A,OS/WOOD/30FT,8.51129201256773,124.578424895684,Nearest barangay reference point
Taboc,TAB-POST-218,218,LN22B,OS/STEEL/30FT,8.51384395688155,124.578438958004,Nearest barangay reference point
Taboc,TAB-POST-219,219,M10,C8/CONCRETE/35FT,8.51823500108943,124.57852200103,Nearest barangay reference point
Taboc,TAB-POST-220,220,M9C,OS/WOOD/30FT,8.51851628931454,124.578541992613,Nearest barangay reference point
Taboc,TAB-POST-221,221,LN22,C14/STEEL/35FT,8.5141189371283,124.578611779403,Nearest barangay reference point
Taboc,TAB-POST-222,222,MP10E,OS/STEEL/30FT,8.50816858503623,124.578618017434,Nearest barangay reference point
Taboc,TAB-POST-223,223,MP10C,OS/STEEL/30FT,8.50746047685687,124.578622374436,Nearest barangay reference point
Taboc,TAB-POST-224,224,LN49,C8/STEEL/35FT,8.51064999618537,124.578628999706,Nearest barangay reference point
Taboc,TAB-POST-225,225,MP10D,OS/STEEL/30FT,8.50774051515036,124.578645174618,Nearest barangay reference point
Taboc,TAB-POST-226,226,MP10@3A,OS/STEEL/30FT,8.50465304087846,124.578675093294,Nearest barangay reference point
Taboc,TAB-POST-227,227,M10E,OS/WOOD/30FT,8.51759394891686,124.578711223374,Nearest barangay reference point
Taboc,TAB-POST-228,228,MP10@3B,OS/STEEL/30FT,8.50500642589402,124.578711808233,Nearest barangay reference point
Taboc,TAB-POST-229,229,M10A,OS/WOOD/30FT,8.51849784935266,124.578760844726,Nearest barangay reference point
Taboc,TAB-POST-230,230,MP11A,OS/WOOD/30FT,8.50567421040642,124.578768720896,Nearest barangay reference point
Taboc,TAB-POST-231,231,LN47@2,C7/STEEL/35FT,8.51264900331458,124.578782997956,Nearest barangay reference point
Taboc,TAB-POST-232,232,LN47@2,ABCN50KVA/SPOTLOAD,8.51268047456702,124.578782997956,Nearest barangay reference point
Taboc,TAB-POST-233,233,MP10F,OS/STEEL/30FT,8.50858264570167,124.578791686606,Nearest barangay reference point
Taboc,TAB-POST-234,234,M10D,OS/WOOD/30FT,8.51770391598457,124.578802922009,Nearest barangay reference point
Taboc,TAB-POST-235,235,MP11,C8/WOOD/35FT,8.50582261159361,124.578805062568,Nearest barangay reference point
Taboc,TAB-POST-236,236,LN47@1,2C7/STEEL/35FT,8.51198499949803,124.578835000912,Nearest barangay reference point
Taboc,TAB-POST-237,237,MP10AA,OS/STEEL/30FT,8.50675092049787,124.578854132907,Nearest barangay reference point
Taboc,TAB-POST-238,238,LN22A,OS/STEEL/30FT,8.51447814649426,124.578866210468,Nearest barangay reference point
Taboc,TAB-POST-239,239,LN48,C14/STEEL/35FT,8.51117699660231,124.578885995984,Nearest barangay reference point
Taboc,TAB-POST-240,240,MP10@3,A4/WOOD/35FT,8.50449152069126,124.578952025836,Nearest barangay reference point
Taboc,TAB-POST-241,241,MP10B,OS/STEEL/30FT,8.5072997949502,124.579044654276,Nearest barangay reference point
Taboc,TAB-POST-242,242,LN47,C14/C7-1/STEEL/35FT,8.51196700353018,124.579076004217,Nearest barangay reference point
Taboc,TAB-POST-243,243,M10B,OS/WOOD/30FT,8.51829123621281,124.579086395033,Nearest barangay reference point
Taboc,TAB-POST-244,244,MP10@2,A1/WOOD/35FT,8.50483358488814,124.579164771516,Nearest barangay reference point
Taboc,TAB-POST-245,245,M11,C1/STEEL/35FT,8.51764100383873,124.579165002482,Nearest barangay reference point
Taboc,TAB-POST-246,246,MC5.5B,OS/STEEL/30FT,8.51089781373139,124.579216066267,Nearest barangay reference point
Taboc,TAB-POST-247,247,M11.1A,OS/WOOD/30FT,8.51736595457691,124.579225120823,Nearest barangay reference point
Taboc,TAB-POST-248,248,M12@1,ABCN15KVA/SPOTLOAD,8.51679429556289,124.57923163734,Nearest barangay reference point
Taboc,TAB-POST-249,249,M12@1,C7/STEEL/35FT,8.51685533071914,124.579239266735,Nearest barangay reference point
Taboc,TAB-POST-250,250,MP10A,OS/STEEL/30FT,8.50674751476007,124.579247997677,Nearest barangay reference point
Taboc,TAB-POST-251,251,LN23,C14/STEEL/35FT,8.51407999953793,124.579289004118,Nearest barangay reference point
Taboc,TAB-POST-252,252,LN23,AN15KVA/COMMON,8.51410670241879,124.579289004118,Nearest barangay reference point
Taboc,TAB-POST-253,253,LN45@1,C3/STEEL/35FT,8.51288928934516,124.579292060517,Nearest barangay reference point
Taboc,TAB-POST-254,254,LN45@1,ABCN167KVA/SPOTLOAD,8.51291217752875,124.579292060517,Nearest barangay reference point
Taboc,TAB-POST-255,255,LN45@2,C7/STEEL/35FT,8.51296076307654,124.579315151561,Nearest barangay reference point
Taboc,TAB-POST-256,256,LN45@2,ABCN100KVA/SPOTLOAD,8.51298365126013,124.579315151561,Nearest barangay reference point
Taboc,TAB-POST-257,257,LN46,C2/A5-1/STEEL/35FT,8.5122431826541,124.579320892887,Nearest barangay reference point
Taboc,TAB-POST-258,258,M10BA,OS/WOOD/30FT,8.51836072057738,124.579356381627,Nearest barangay reference point
Taboc,TAB-POST-259,259,LN45,CN10KVA/SPOTLOAD,8.51284398269423,124.57937955264,Nearest barangay reference point
Taboc,TAB-POST-260,260,LN45,C4/C7-1/STEEL/35FT,8.51281823432642,124.579379555147,Nearest barangay reference point
Taboc,TAB-POST-261,261,M11@1,C1/CONCRETE/35FT,8.51742700245058,124.579403997104,Nearest barangay reference point
Taboc,TAB-POST-262,262,M11@1,AN25KVA/COMMON,8.51749662067568,124.579403997104,Nearest barangay reference point
Taboc,TAB-POST-263,263,LN46@1,A4/CONCRETE/35FT,8.51226594401956,124.579428090231,Nearest barangay reference point
Taboc,TAB-POST-264,264,LN46@2,A4/CONCRETE/35FT,8.51222648355807,124.579437391521,Nearest barangay reference point
Taboc,TAB-POST-265,265,MP10@1,A2/WOOD/35FT,8.50528386083867,124.579476235608,Nearest barangay reference point
Taboc,TAB-POST-266,266,MP10,C1/A5-1/WOOD/35FT,8.50600991173154,124.579553257325,Nearest barangay reference point
Taboc,TAB-POST-267,267,M12,C1/C7-1/CONCRETE/35FT,8.51728399548388,124.579585996415,Nearest barangay reference point
Taboc,TAB-POST-268,268,LN47C,OS/STEEL/30FT,8.51075389242762,124.579594339035,Nearest barangay reference point
Taboc,TAB-POST-269,269,M13H,OS/WOOD/30FT,8.51688860620642,124.57968611257,Nearest barangay reference point
Taboc,TAB-POST-270,270,LN44,C1-1/WOOD/40FT,8.51360978314949,124.579699987213,Nearest barangay reference point
Taboc,TAB-POST-271,271,M13G,OS/WOOD/30FT,8.51835569299387,124.579736893291,Nearest barangay reference point
Taboc,TAB-POST-272,272,MC2A,OS,8.51445140102964,124.579762484046,Nearest barangay reference point
Taboc,TAB-POST-273,273,M13,C1/CONCRETE/35FT,8.51705200124564,124.579846997437,Nearest barangay reference point
Taboc,TAB-POST-274,274,LN46@3,A2/CONCRETE/35FT,8.51222968044896,124.579864287109,Nearest barangay reference point
Taboc,TAB-POST-275,275,M13A,OS/WOOD/30FT,8.51736134825135,124.579866587167,Nearest barangay reference point
Taboc,TAB-POST-276,276,M13D,OS/WOOD/30FT,8.51821160937382,124.57988100324,Nearest barangay reference point
Taboc,TAB-POST-277,277,MC3A,OS,8.51350894461356,124.579980077381,Nearest barangay reference point
Taboc,TAB-POST-278,278,LN24,C14/C7-1STEEL/35FT,8.51409114992099,124.58000029535,Nearest barangay reference point
Taboc,TAB-POST-279,279,Opol,Binuhan,8.51383499119235,124.580047810286,Nearest barangay reference point
Taboc,TAB-POST-280,280,M13B,OS/WOOD/30FT,8.51773685345004,124.580055682624,Nearest barangay reference point
Taboc,TAB-POST-281,281,LN25,C1/WOOD/35FT,8.51428986371468,124.58010988737,Nearest barangay reference point
Taboc,TAB-POST-282,282,M13F,OS/WOOD/30FT,8.51824362862286,124.580116284323,Nearest barangay reference point
Taboc,TAB-POST-283,283,M13C,OS/WOOD/30FT,8.5179582199843,124.580166822313,Nearest barangay reference point
Taboc,TAB-POST-284,284,M13AC,OS/WOOD/30FT,8.51649829652229,124.580169177714,Nearest barangay reference point
Taboc,TAB-POST-285,285,M13AB,OS/WOOD/30FT,8.51674133943617,124.580201856507,Nearest barangay reference point
Taboc,TAB-POST-286,286,M14C,OS/WOOD/30FT,8.51635406767306,124.580333632108,Nearest barangay reference point
Taboc,TAB-POST-287,287,LN46@4,A5/CONCRETE/35FT,8.51238337573622,124.580336440676,Nearest barangay reference point
Taboc,TAB-POST-288,288,LN46@4,CN15KVA/COMMON,8.51240721759413,124.580336440676,Nearest barangay reference point
Taboc,TAB-POST-289,289,LN26,C14/STEEL/35FT,8.51476300249535,124.580381999765,Nearest barangay reference point
Taboc,TAB-POST-290,290,LN46@4CA,OS/STEEL/30FT,8.51294408862446,124.580403029516,Nearest barangay reference point
Taboc,TAB-POST-291,291,LN46@4E,OS/STEEL/30FT,8.51404437829852,124.580437726477,Nearest barangay reference point
Taboc,TAB-POST-292,292,MP9,C1/STEEL/40FT,8.50623021048956,124.580438267093,Nearest barangay reference point
Taboc,TAB-POST-293,293,M14,C14/STEEL/40FT,8.51646199633379,124.58048399828,Nearest barangay reference point
Taboc,TAB-POST-294,294,M14,AN50KVA/COMMON,8.51650872637529,124.58048399828,Nearest barangay reference point
Taboc,TAB-POST-295,295,LN26@1,C14/C7-1/STEEL/40FT,8.515032,124.580507,Nearest barangay reference point
Taboc,TAB-POST-296,296,MP9A,OS/WOOD/30FT,8.50559164456219,124.580553142137,Nearest barangay reference point
Taboc,TAB-POST-297,297,LN46@4A,OS/STEEL/30FT,8.51244385718481,124.580556748247,Nearest barangay reference point
Taboc,TAB-POST-298,298,LN46@4B,OS/STEEL/30FT,8.51209734954662,124.58057426434,Nearest barangay reference point
Taboc,TAB-POST-299,299,M13E,OS/WOOD/30FT,8.51799309610275,124.580588852103,Nearest barangay reference point
Taboc,TAB-POST-300,300,LN27,C1/WOOD/35FT,8.51517779456104,124.580597713736,Nearest barangay reference point
Taboc,TAB-POST-301,301,14001681,14001681,8.51495289935303,124.580603,Nearest barangay reference point
Taboc,TAB-POST-302,302,LN26@2,C7/STEEL/40FT,8.514992,124.580603,Nearest barangay reference point
Taboc,TAB-POST-303,303,LN26@2,ABCN100KVA,8.51501107348633,124.580603,Nearest barangay reference point
Taboc,TAB-POST-304,304,M14A,OS/WOOD/30FT,8.51707276312061,124.580642496221,Nearest barangay reference point
Taboc,TAB-POST-305,305,LN46@4C,OS/STEEL/30FT,8.51282279649151,124.5806482779,Nearest barangay reference point
Taboc,TAB-POST-306,306,LN28@1,A5/CONCRETE/35FT,8.5159652278893,124.580673055236,Nearest barangay reference point
Taboc,TAB-POST-307,307,LN28@1,AN10KVA/SPOTLOAD,8.51602626304555,124.580673055236,Nearest barangay reference point
Taboc,TAB-POST-308,308,M14B,OS/WOOD/30FT,8.51746470148704,124.580763864332,Nearest barangay reference point
Taboc,TAB-POST-309,309,LN46@4D,OS/STEEL/30FT,8.51353215981826,124.580812900386,Nearest barangay reference point
Taboc,TAB-POST-310,310,LN28,C4/A5-1/STEEL/35FT,8.51577831030822,124.580879049096,Nearest barangay reference point
Taboc,TAB-POST-311,311,MC1A,OS,8.5155934357912,124.580898229941,Nearest barangay reference point
Taboc,TAB-POST-312,312,M15,CN25KVA/SPOTLOAD,8.51603092043885,124.580957160553,Nearest barangay reference point
Taboc,TAB-POST-313,313,M15,CN10KVA/SPOTLOAD,8.51611198275574,124.580957160553,Nearest barangay reference point
Taboc,TAB-POST-314,314,M15,C14/C7-1/CONCRETE/35FT,8.51607499596524,124.580958001709,Nearest barangay reference point
Taboc,TAB-POST-315,315,MW0,C1/CONCRETE/35FT,8.51650325878906,124.581071594238,Nearest barangay reference point
Taboc,TAB-POST-316,316,MW0,BN10KVA/SPOTLOAD,8.5165690623169,124.581071594238,Nearest barangay reference point
Taboc,TAB-POST-317,317,M15A,OS/WOOD/30FT,8.51624044569925,124.581084888513,Nearest barangay reference point
Taboc,TAB-POST-318,318,MW1,C4/C7-1/WOOD/45FT,8.51704500149999,124.581212002141,Nearest barangay reference point
Taboc,TAB-POST-319,319,MW1A,OS/WOOD/30FT,8.51760542940777,124.58121314119,Nearest barangay reference point
Taboc,TAB-POST-320,320,LN29,C1/STEEL/35FT,8.51547599554992,124.581230001244,Nearest barangay reference point
Taboc,TAB-POST-321,321,LN29,BN15KVA/SPOTLOAD,8.51551891089416,124.581230001244,Nearest barangay reference point
Taboc,TAB-POST-322,322,MP8,C1/WOOD/35FT,8.50644955557331,124.581315647467,Nearest barangay reference point
Taboc,TAB-POST-323,323,MW1@1,C7/WOOD/35FT,8.51738474981334,124.58131873166,Nearest barangay reference point
Taboc,TAB-POST-324,324,MW1@1,ABCN100KVA/SPOTLOAD,8.517422896786,124.58131873166,Nearest barangay reference point
Taboc,TAB-POST-325,325,M16,C1/STEEL/35FT,8.51574500924376,124.581356336176,Nearest barangay reference point
Taboc,TAB-POST-326,326,MW1@1,C7/WOOD/35FT,8.5174150210298,124.581366285377,Nearest barangay reference point
Taboc,TAB-POST-327,327,LN30,C1/STEEL/35FT,8.51522900396203,124.58149000292,Nearest barangay reference point
Taboc,TAB-POST-328,328,MW2,C14/CONCRETE/35FT,8.51700004421103,124.58177853972,Nearest barangay reference point
Taboc,TAB-POST-329,329,LN31,C1/STEEL/35FT,8.51482399619176,124.581925000516,Nearest barangay reference point
Taboc,TAB-POST-330,330,M17,C1/STEEL/35FT,8.51508069368444,124.582053406861,Nearest barangay reference point
Taboc,TAB-POST-331,331,MP5A,OS/WOOD/30FT,8.50885190459291,124.582160863135,Nearest barangay reference point
Taboc,TAB-POST-332,332,MP7,C4-1/WOOD/35FT,8.50666985433135,124.58219302784,Nearest barangay reference point
Taboc,TAB-POST-333,333,MW2A,OS/STEEL/30FT,8.51735514290547,124.582206816275,Nearest barangay reference point
Taboc,TAB-POST-334,334,LN32,C4/STEEL/35FT,8.51446000045025,124.582324996712,Nearest barangay reference point
Taboc,TAB-POST-335,335,MW3,BN15KVA/COMMON,8.51698157181467,124.582443373509,Nearest barangay reference point
Taboc,TAB-POST-336,336,MW3,C14-1/STEEL/35FT,8.51691099991526,124.582451002904,Nearest barangay reference point
Taboc,TAB-POST-337,337,M18,C1/STEEL/35FT,8.5146327588685,124.582486628238,Nearest barangay reference point
Taboc,TAB-POST-338,338,Opol,Roan,8.51721280127552,124.582533730035,Nearest barangay reference point
Taboc,TAB-POST-339,339,LN33,C1/STEEL/35FT,8.51470206769192,124.582559439996,Nearest barangay reference point
Taboc,TAB-POST-340,340,MP6,C2/WOOD/35FT,8.50756772377535,124.582590413873,Nearest barangay reference point
Taboc,TAB-POST-341,341,LN33@1,C7/STEEL/35FT,8.51475452557373,124.582600405762,Nearest barangay reference point
Taboc,TAB-POST-342,342,LN33@1,ABCN25KVA/SPOTLOAD,8.51477836743164,124.582600405762,Nearest barangay reference point
Taboc,TAB-POST-343,343,MP6BB,J6/WOOD/30FT,8.50658374781126,124.582710788706,Nearest barangay reference point
Taboc,TAB-POST-344,344,M18.1,C1/STEEL/35FT,8.5143348531336,124.582763751645,Nearest barangay reference point
Taboc,TAB-POST-345,345,LN34,C1/STEEL/35FT,8.51440134634418,124.582824260416,Nearest barangay reference point
Taboc,TAB-POST-346,346,MP5,C1/STEEL/40FT,8.50863834423968,124.582931734286,Nearest barangay reference point
Taboc,TAB-POST-347,347,MW4@2,A4/WOOD/35FT,8.51603533586079,124.583043816683,Nearest barangay reference point
Taboc,TAB-POST-348,348,MP6BB,OS/WOOD/30FT,8.50680500025267,124.583076999643,Nearest barangay reference point
Taboc,TAB-POST-349,349,MW4@1,A1/WOOD/35FT,8.51655460770684,124.583112874657,Nearest barangay reference point
Taboc,TAB-POST-350,350,MP4,C1/STEEL/40FT,8.50947410378354,124.583126017491,Nearest barangay reference point
Taboc,TAB-POST-351,351,MP6A,OS/WOOD/30FT,8.50728228179696,124.583181540022,Nearest barangay reference point
Taboc,TAB-POST-352,352,MW4,C4/A5-1/WOOD/35FT,8.51690142059135,124.583182150266,Nearest barangay reference point
Taboc,TAB-POST-353,353,M18.2,C1/STEEL/35FT,8.51392690796299,124.583193909487,Nearest barangay reference point
Taboc,TAB-POST-354,354,LN35,C1/STEEL/35FT,8.51398199833655,124.583269996161,Nearest barangay reference point
Taboc,TAB-POST-355,355,MW5,C4/WOOD/35FT,8.51725100368314,124.583274998642,Nearest barangay reference point
Taboc,TAB-POST-356,356,MW5A,OS/WOOD/30FT,8.51762500344223,124.583316002171,Nearest barangay reference point
Taboc,TAB-POST-357,357,MP6B,OS/WOOD/30FT,8.50639781988227,124.583334929334,Nearest barangay reference point
Taboc,TAB-POST-358,358,MP3,C1/WOOD/35FT,8.51041840897044,124.583408068535,Nearest barangay reference point
Taboc,TAB-POST-359,359,M19,C1/STEEL/35FT,8.5136857849758,124.583444722893,Nearest barangay reference point
Taboc,TAB-POST-360,360,LN36,C1/STEEL/40FT,8.51375799561219,124.583510997757,Nearest barangay reference point
Taboc,TAB-POST-361,361,MP1B,OS/STEEL/30FT,8.51251493452703,124.583518494651,Nearest barangay reference point
Taboc,TAB-POST-362,362,MP6E,OS/WOOD/30FT,8.50692076822286,124.583598205249,Nearest barangay reference point
Taboc,TAB-POST-363,363,MW6,C14-1/CONCRETE/40FT,8.51729299928557,124.583599996114,Nearest barangay reference point
Taboc,TAB-POST-364,364,MW4@3,A1/WOOD/35FT,8.51586786558963,124.583601628215,Nearest barangay reference point
Taboc,TAB-POST-365,365,MP2,C1/WOOD/35FT,8.51146773940147,124.58369531636,Nearest barangay reference point
Taboc,TAB-POST-366,366,MP1A,OS/WOOD/30FT,8.51278223414428,124.583882435175,Nearest barangay reference point
Taboc,TAB-POST-367,367,MP6F,OS/WOOD/30FT,8.50669956662956,124.583946390403,Nearest barangay reference point
Taboc,TAB-POST-368,368,M20,C1/STEEL/70FT,8.51323478837715,124.583948430072,Nearest barangay reference point
Taboc,TAB-POST-369,369,MW7,C14-1/CONCRETE/40FT,8.51729800402352,124.584006996771,Nearest barangay reference point
Taboc,TAB-POST-370,370,MW7A,OS/WOOD/30FT,8.51764200257052,124.584008003357,Nearest barangay reference point
Taboc,TAB-POST-371,371,LN37,C1/STEEL/50FT,8.5132980032336,124.584009999337,Nearest barangay reference point
Taboc,TAB-POST-372,372,MP1,C2/WOOD/40FT,8.51239318530656,124.584011565569,Nearest barangay reference point
Taboc,TAB-POST-373,373,020,Igpit Bridge,8.51307612349193,124.58401997185,Nearest barangay reference point
Taboc,TAB-POST-374,374,020,Igpit Bridge,8.51307612349193,124.58401997185,Nearest barangay reference point
Taboc,TAB-POST-375,375,MW4@4,A5/WOOD/35FT,8.515685049776,124.584132962877,Nearest barangay reference point
Taboc,TAB-POST-376,376,MW4@4,BN37.5KVA/SPOTLOAD,8.51575085330383,124.584132962877,Nearest barangay reference point
Taboc,TAB-POST-377,377,M21,C1/C7-1/A5-1/STEEL/70FT,8.51293560519223,124.584277188961,Nearest barangay reference point
Taboc,TAB-POST-378,378,LN38,C1/STEEL/50FT,8.51300953550441,124.584309737155,Nearest barangay reference point
Taboc,TAB-POST-379,379,MW8,C14-1/CONCRETE/40FT,8.51728399650738,124.584369003903,Nearest barangay reference point
Taboc,TAB-POST-380,380,MP1C,OS/WOOD/30FT,8.5122616651933,124.584380214175,Nearest barangay reference point
Taboc,TAB-POST-381,381,M21@2,C7/STEEL/50FT,8.51281150288899,124.584477064373,Nearest barangay reference point
Taboc,TAB-POST-382,382,M21A,OS/STEEL/30FT,8.51253831586996,124.58453061033,Nearest barangay reference point
Taboc,TAB-POST-383,383,M20@1,A5/WOOD/40FT,8.51344947271595,124.584564519725,Nearest barangay reference point
Taboc,TAB-POST-384,384,M21@1,C1/STEEL/70FT,8.51265414342089,124.584568617068,Nearest barangay reference point
Taboc,TAB-POST-385,385,MW8@1,C14-1/CONCRETE/35FT,8.5172360048341,124.584601003021,Nearest barangay reference point
Taboc,TAB-POST-386,386,LN39,C1/STEEL/50FT,8.51271300432588,124.584639996044,Nearest barangay reference point
Taboc,TAB-POST-387,387,M21B,OS/STEEL/30FT,8.51276655600994,124.584689781431,Nearest barangay reference point
Taboc,TAB-POST-388,388,MW9,A6/STEEL/35FT,8.51724059674644,124.584718637079,Nearest barangay reference point
Taboc,TAB-POST-389,389,M22,C8/STEEL/50FT,8.51244845253085,124.584804406203,Nearest barangay reference point
Taboc,TAB-POST-390,390,LN40,C3/STEEL/50FT,8.51253300304492,124.584817996821,Nearest barangay reference point
Taboc,TAB-POST-391,391,MW11,A5/WOOD/35FT,8.51747800018884,124.584828001191,Nearest barangay reference point
Taboc,TAB-POST-392,392,M21C,OS/STEEL/30FT,8.51222206588801,124.584842667304,Nearest barangay reference point
Taboc,TAB-POST-393,393,MW10,A4/WOOD/35FT,8.51723000244048,124.584862004195,Nearest barangay reference point
Taboc,TAB-POST-394,394,MW9B,OS/WOOD/30FT,8.5177869996556,124.58488599631,Nearest barangay reference point
Taboc,TAB-POST-395,395,M20@1A,OS/WOOD/30FT,8.5134738576832,124.584951244014,Nearest barangay reference point
Taboc,TAB-POST-396,396,LN41,C2/STEEL/40FT,8.5125359979772,124.585005996687,Nearest barangay reference point
Taboc,TAB-POST-397,397,MW9A,OS/STEEL/30FT,8.51755800066854,124.585026002942,Nearest barangay reference point
Taboc,TAB-POST-398,398,Opol,Marvilla,8.51725408121162,124.585045995035,Nearest barangay reference point
Taboc,TAB-POST-399,399,M21AA,OS/STEEL/30FT,8.51239395390617,124.585086336475,Nearest barangay reference point
Taboc,TAB-POST-400,400,M24C,OS/STEEL/30FT,8.51194127574496,124.58514651347,Nearest barangay reference point
Taboc,TAB-POST-401,401,MW9D,OS/WOOD/30FT,8.51758305024376,124.585264533731,Nearest barangay reference point
Taboc,TAB-POST-402,402,M26E,OS/WOOD/30FT,8.50769944396096,124.585438876422,Nearest barangay reference point
Taboc,TAB-POST-403,403,M26B,OS/WOOD/30FT,8.50919855181505,124.585456641863,Nearest barangay reference point
Taboc,TAB-POST-404,404,M26C,OS/WOOD/30FT,8.50865657585104,124.585460833736,Nearest barangay reference point
Taboc,TAB-POST-405,405,M23,C1/CONCRETE/35FT,8.51184375156116,124.585472531295,Nearest barangay reference point
Taboc,TAB-POST-406,406,M26D,OS/WOOD/30FT,8.50815005703822,124.585475253427,Nearest barangay reference point
Taboc,TAB-POST-407,407,M24B,OS/STEEL/30FT,8.51161463474729,124.585512133473,Nearest barangay reference point
Taboc,TAB-POST-408,408,MI1@9,C7/STEEL/35FT,8.51112942007448,124.585744286753,Nearest barangay reference point
Taboc,TAB-POST-409,409,MI1.9,ABCN100KVA/SPOTLOAD,8.51115135458376,124.585744286753,Nearest barangay reference point
Taboc,TAB-POST-410,410,LN42,C1-1/STEEL/35FT,8.51265500093365,124.585755003261,Nearest barangay reference point
Taboc,TAB-POST-411,411,M24,C1/C7-1/CONCRETE/35FT,8.51151501421565,124.585802664415,Nearest barangay reference point
Taboc,TAB-POST-412,412,M24A,OS/STEEL/30FT,8.51130601037264,124.585827708073,Nearest barangay reference point
Taboc,TAB-POST-413,413,MI1@7,C1/WOOD/35FT,8.51156126308777,124.585829485584,Nearest barangay reference point
Taboc,TAB-POST-414,414,MI1@6,C14/CONCRETE/35FT,8.51123146322634,124.585851098277,Nearest barangay reference point
Taboc,TAB-POST-415,415,MF5.14A,OS/WOOD/30FT,8.517599,124.585869,Nearest barangay reference point
Taboc,TAB-POST-416,416,MI1@8,C1/WOOD/35FT,8.51206413919561,124.585942356693,Nearest barangay reference point
Taboc,TAB-POST-417,417,MF1,C1/WOOD/35FT,8.51252314848947,124.586017054362,Nearest barangay reference point
Taboc,TAB-POST-418,418,MF1,RECLOSER,8.51256606383371,124.586024683757,Nearest barangay reference point
Taboc,TAB-POST-419,419,MI1@5,C14/CONCRETE/35FT,8.51094656697221,124.586152855134,Nearest barangay reference point
Taboc,TAB-POST-420,420,M26A,OS/WOOD/30FT,8.50975401808836,124.58623070833,Nearest barangay reference point
Taboc,TAB-POST-421,421,MFA1,C2/2C7-1/STEEL/35FT,8.51271263334677,124.586413437551,Nearest barangay reference point
Taboc,TAB-POST-422,422,M25,C8/C7-1/STEEL/40FT,8.5108969997351,124.586452001854,Nearest barangay reference point
Taboc,TAB-POST-423,423,MF5@14,A5/STEEL/35FT,8.51759200063469,124.586472004207,Nearest barangay reference point
Taboc,TAB-POST-424,424,M25@1,C8/STEEL/40FT,8.51079779062055,124.586556254387,Nearest barangay reference point
Taboc,TAB-POST-425,425,M25B,OS/STEEL/30FT,8.51056865180349,124.586575211277,Nearest barangay reference point
Taboc,TAB-POST-426,426,MI1@4,C14/CONCRETE/35FT,8.5105,124.586625,Nearest barangay reference point
Taboc,TAB-POST-427,427,M25@2,C14/STEEL/35FT,8.5111903871446,124.58668586037,Nearest barangay reference point
Taboc,TAB-POST-428,428,MF5@8E,OS/WOOD/30FT,8.51658074104508,124.586723231071,Nearest barangay reference point
Taboc,TAB-POST-429,429,10058197,SLB,8.51662174904068,124.586723231071,Nearest barangay reference point
Taboc,TAB-POST-430,430,MFA1@1,C14/CONCRETE/35FT,8.51273722432466,124.586766652304,Nearest barangay reference point
Taboc,TAB-POST-431,431,MI1@3,C14/CONCRETE/35FT,8.51025,124.5869,Nearest barangay reference point
Taboc,TAB-POST-432,432,M25@3,C8/STEEL/35FT,8.51146981371931,124.586907112811,Nearest barangay reference point
Taboc,TAB-POST-433,433,MF2,C1/WOOD/35FT,8.51325258180563,124.586907932219,Nearest barangay reference point
Taboc,TAB-POST-434,434,MF5@8C,OS/WOOD/30FT,8.51679934188724,124.586936300621,Nearest barangay reference point
Taboc,TAB-POST-435,435,M26AA,OS/STEEL/30FT,8.51053748279975,124.58700090207,Nearest barangay reference point
Taboc,TAB-POST-436,436,MI3A,OS/STEEL/30FT,8.50815198716425,124.5870437582,Nearest barangay reference point
Taboc,TAB-POST-437,437,M26,C1/WOOD/35FT,8.51032696057989,124.587091162527,Nearest barangay reference point
Taboc,TAB-POST-438,438,MFA2@1,A5/CONCRETE/35FT,8.51246347109892,124.587113914798,Nearest barangay reference point
Taboc,TAB-POST-439,439,MFA2@1,AN10KVA/SPOTLOAD,8.51249398867705,124.587113914798,Nearest barangay reference point
Taboc,TAB-POST-440,440,MI1@2,C14/CONCRETE/35FT,8.51003055555556,124.587136111111,Nearest barangay reference point
Taboc,TAB-POST-441,441,M27A,OS/STEEL/30FT,8.51005811297768,124.587147104104,Nearest barangay reference point
Taboc,TAB-POST-442,442,MI3@3,C14/STEEL/35FT,8.5081006198296,124.587176654042,Nearest barangay reference point
Taboc,TAB-POST-443,443,MI3@3,CN25KVA/SPOTLOAD,8.50815402559132,124.587176654042,Nearest barangay reference point
Taboc,TAB-POST-444,444,MFA2,C2/A5-1/CONCRETE/35FT,8.51271123379971,124.587190604676,Nearest barangay reference point
Taboc,TAB-POST-445,445,M28H,OS/WOOD/30FT,8.50928393961314,124.587190994223,Nearest barangay reference point
Taboc,TAB-POST-446,446,M25@4,C7/CONCRETE/35FT,8.51177028235652,124.587198653682,Nearest barangay reference point
Taboc,TAB-POST-447,447,MF5@8B,OS/WOOD/30FT,8.5170793812722,124.587209550664,Nearest barangay reference point
Taboc,TAB-POST-448,448,MFA3@4,C7/STEEL/35FT,8.51180407668685,124.58723734442,Nearest barangay reference point
Taboc,TAB-POST-449,449,MF5@8,A5/WOOD/35FT,8.51780978031457,124.587256489322,Nearest barangay reference point
Taboc,TAB-POST-450,450,MI3,C1/A5-1/A5-1/STEEL/35FT,8.50847901416559,124.587321755817,Nearest barangay reference point
Taboc,TAB-POST-451,451,MI2.1B,OS/STEEL/30FT,8.50887966156006,124.587440490723,Nearest barangay reference point
Taboc,TAB-POST-452,452,MI1@1,C15/CONCRETE/35FT,8.50975775407564,124.587446688161,Nearest barangay reference point
Taboc,TAB-POST-453,453,M27,C14/STEEL/40FT,8.5099856530845,124.587485151401,Nearest barangay reference point
Taboc,TAB-POST-454,454,M28G,OS/WOOD/30FT,8.50951127467171,124.58750082332,Nearest barangay reference point
Taboc,TAB-POST-455,455,MI2.1A,OS/STEEL/30FT,8.50898838043213,124.587509155273,Nearest barangay reference point
Taboc,TAB-POST-456,456,MF5@8A,OS/WOOD/30FT,8.51729404181243,124.587540468201,Nearest barangay reference point
Taboc,TAB-POST-457,457,MI3@1,A5/WOOD/35FT,8.5088337846352,124.587596407701,Nearest barangay reference point
Taboc,TAB-POST-458,458,MI3@1,CN5KVA/SPOTLOAD,8.5088805146767,124.587596407701,Nearest barangay reference point
Taboc,TAB-POST-459,459,MF5@8BA,OS/WOOD/30FT,8.51686382438619,124.587615969272,Nearest barangay reference point
Taboc,TAB-POST-460,460,MF3,C1/WOOD/35FT,8.51387150151753,124.587649479196,Nearest barangay reference point
Taboc,TAB-POST-461,461,MFA3@3,C4/STEEL/35FT,8.51166388656234,124.587672219908,Nearest barangay reference point
Taboc,TAB-POST-462,462,MI3@2,BN27.5KVA/COMMON,8.50822820258005,124.587742302124,Nearest barangay reference point
Taboc,TAB-POST-463,463,MI2,C2/WOOD/35FT,8.50928958946401,124.587747569499,Nearest barangay reference point
Taboc,TAB-POST-464,464,MI2,ABCN100KVA/SPOTLOAD,8.50931533867055,124.587747569499,Nearest barangay reference point
Taboc,TAB-POST-465,465,MI1,C4/WOOD/35FT,8.50943678048746,124.587801546202,Nearest barangay reference point
Taboc,TAB-POST-466,466,MFA2@1,AN10KVA/SPOTLOAD,8.51262273470976,124.587838707278,Nearest barangay reference point
Taboc,TAB-POST-467,467,MFA3,C14/CONCRETE/35FT,8.51256849509099,124.587839784056,Nearest barangay reference point
Taboc,TAB-POST-468,468,MF5@8D,OS/WOOD/30FT,8.51710586808623,124.587880857289,Nearest barangay reference point
Taboc,TAB-POST-469,469,MFA3@2,C2/STEEL/35FT,8.5119333360779,124.587913888649,Nearest barangay reference point
Taboc,TAB-POST-470,470,M28,C1/C7/STEEL/40FT,8.50959619272531,124.587930406461,Nearest barangay reference point
Taboc,TAB-POST-471,471,MI3.2A,OS/STEEL/30FT,8.50849379623423,124.587997453983,Nearest barangay reference point
Taboc,TAB-POST-472,472,M28A,OS/WOOD/30FT,8.51012608682707,124.588060393402,Nearest barangay reference point
Taboc,TAB-POST-473,473,MF5@7,A1/STEEL/35FT,8.51774104870857,124.588112952188,Nearest barangay reference point
Taboc,TAB-POST-474,474,M28B,OS/WOOD/30FT,8.51130776592919,124.588199625561,Nearest barangay reference point
Taboc,TAB-POST-475,475,M29B,OS/WOOD/30FT,8.50904649908199,124.588242540351,Nearest barangay reference point
Taboc,TAB-POST-476,476,M28@1,C1/A5-1/CONCRETE/35FT,8.50933330943594,124.588260552706,Nearest barangay reference point
Taboc,TAB-POST-477,477,M28@1,BN50KVA/SPOTLOAD,8.50939434459219,124.588260552706,Nearest barangay reference point
Taboc,TAB-POST-478,478,MF4,C1/WOOD/35FT,8.51409883734983,124.588268819886,Nearest barangay reference point
Taboc,TAB-POST-479,479,MFA3@1,C14/C7-1/STEEL/35FT,8.51248391525111,124.588302632292,Nearest barangay reference point
Taboc,TAB-POST-480,480,MF5@6B,OS/WOOD/30FT,8.51721131236422,124.588360304687,Nearest barangay reference point
Taboc,TAB-POST-481,481,M29A,OS/STEEL/30FT,8.50881121631271,124.588386785536,Nearest barangay reference point
Taboc,TAB-POST-482,482,M29@2,C7/CONCRETE/35FT,8.50883499900377,124.588415003713,Nearest barangay reference point
Taboc,TAB-POST-483,483,M29@2,ABCN37.5KVA/SPOTLOAD,8.50888363639391,124.588415003713,Nearest barangay reference point
Taboc,TAB-POST-484,484,M29,C14/STEEL/40FT,8.50913073906907,124.58846934761,Nearest barangay reference point
Taboc,TAB-POST-485,485,M28BA,OS/WOOD/30FT,8.51260488618697,124.588488711394,Nearest barangay reference point
Taboc,TAB-POST-486,486,M29@1,C14/C7-1/CONCRETE/35FT,8.5090479123768,124.58855177725,Nearest barangay reference point
Taboc,TAB-POST-487,487,MF5@6A,OS/WOOD/30FT,8.5172088816762,124.588673198596,Nearest barangay reference point
Taboc,TAB-POST-488,488,MF5@6,A2/WOOD/35FT,8.5177495982498,124.588712006807,Nearest barangay reference point
Taboc,TAB-POST-489,489,M28C,OS/WOOD/30FT,8.51145601804514,124.588757321125,Nearest barangay reference point
Taboc,TAB-POST-490,490,M29C,OS/WOOD/30FT,8.50940608548966,124.588765899023,Nearest barangay reference point
Taboc,TAB-POST-491,491,MFA4,C14/CONCRETE/35FT,8.51217345082083,124.588908647511,Nearest barangay reference point
Taboc,TAB-POST-492,492,M28@2E,OS/WOOD/30FT,8.51051727144893,124.588927585215,Nearest barangay reference point
Taboc,TAB-POST-493,493,M28@2,A5/WOOD/35FT,8.51021980152245,124.588938147999,Nearest barangay reference point
Taboc,TAB-POST-494,494,M29D,OS/WOOD/30FT,8.5095657273949,124.589038867214,Nearest barangay reference point
Taboc,TAB-POST-495,495,M28@2A,OS/WOOD/30FT,8.50993858744308,124.589061949049,Nearest barangay reference point
Taboc,TAB-POST-496,496,MF5@6C,OS/WOOD/30FT,8.51723749358021,124.589062296517,Nearest barangay reference point
Taboc,TAB-POST-497,497,MF5B,OS/WOOD/30FT,8.51544826072577,124.589068491472,Nearest barangay reference point
Taboc,TAB-POST-498,498,MF5,C1/WOOD/35FT,8.51438970800588,124.589069906314,Nearest barangay reference point
Taboc,TAB-POST-499,499,MF5A,OS/WOOD/30FT,8.51489726052129,124.589084074798,Nearest barangay reference point
Taboc,TAB-POST-500,500,M28@2F,OS/WOOD/30FT,8.51069446457964,124.589293207476,Nearest barangay reference point
Taboc,TAB-POST-501,501,MFA4@1,C14/CONCRETE/35FT,8.51214000891734,124.589338889598,Nearest barangay reference point
Taboc,TAB-POST-502,502,M28@2B,OS/WOOD/30FT,8.50996632663011,124.589385327998,Nearest barangay reference point
Taboc,TAB-POST-503,503,M29E,OS/WOOD/30FT,8.50951194794819,124.589447605381,Nearest barangay reference point
Taboc,TAB-POST-504,504,MF5@1,C4/A5-1//WOOD/35FT,8.51473982445896,124.589454391971,Nearest barangay reference point
Taboc,TAB-POST-505,505,MF5@2,A1/WOOD/35FT,8.51578035391868,124.589479789138,Nearest barangay reference point
Taboc,TAB-POST-506,506,MF5@3,A2/WOOD/35FT,8.51665718480945,124.589496385306,Nearest barangay reference point
Taboc,TAB-POST-507,507,M30BA,OS/WOOD/30FT,8.50922394664437,124.589535192257,Nearest barangay reference point
Taboc,TAB-POST-508,508,MF5@4,A1/WOOD/35FT,8.51724341511727,124.58957307972,Nearest barangay reference point
Taboc,TAB-POST-509,509,MF5@5,A4/A5-1/STEEL/35FT,8.51790801621974,124.589612809941,Nearest barangay reference point
Taboc,TAB-POST-510,510,M28@2C,OS/STEEL/30FT,8.51033462835992,124.589702827571,Nearest barangay reference point
Taboc,TAB-POST-511,511,MF6,C7/WOOD/35FT,8.51468153253458,124.589863367005,Nearest barangay reference point
Taboc,TAB-POST-512,512,MFA5,C14/CONCRETE/35FT,8.51213322306864,124.589888326246,Nearest barangay reference point
Taboc,TAB-POST-513,513,MF6A,OS/STEEL/30FT,8.51485004305226,124.589888822565,Nearest barangay reference point
Taboc,TAB-POST-514,514,MF5@4A,OS/WOOD/30FT,8.51729789748789,124.590003574267,Nearest barangay reference point
Taboc,TAB-POST-515,515,Opol,Malingin,8.51766702219063,124.590027989664,Nearest barangay reference point
Taboc,TAB-POST-516,516,M28@2D,OS/STEEL/30FT,8.5106141675005,124.590085965995,Nearest barangay reference point
Tingalan,TNG-POST-001,1,JCB21@15F,OS/STEEL/30FT,8.39877082819894,124.454129652575,Nearest barangay reference point
Tingalan,TNG-POST-002,2,JCB21@15E,OS/STEEL/30FT,8.39886026210891,124.454709180117,Nearest barangay reference point
Tingalan,TNG-POST-003,3,JCB21@15D,OS/STEEL/30FT,8.3983120046926,124.455472185984,Nearest barangay reference point
Tingalan,TNG-POST-004,4,JCB21@15C,OS/STEEL/30FT,8.39816883913872,124.456815974669,Nearest barangay reference point
Tingalan,TNG-POST-005,5,JCB21@15B,OS/STEEL/30FT,8.39784018537821,124.457698833687,Nearest barangay reference point
Tingalan,TNG-POST-006,6,JCB21@15A,OS/STEEL/30FT,8.39756408888628,124.458653951291,Nearest barangay reference point
Tingalan,TNG-POST-007,7,JCB21@15AA,OS/STEEL/30FT,8.39786684914841,124.459023266545,Nearest barangay reference point
Tingalan,TNG-POST-008,8,JCB21@15,A5/STEEL/35FT,8.39705832478064,124.459214454158,Nearest barangay reference point
Tingalan,TNG-POST-009,9,Opol,Megdaha,8.400207294906,124.459773439465,Nearest barangay reference point
Tingalan,TNG-POST-010,10,JCB21@14,A2/STEEL/35FT,8.39622776407171,124.460413317209,Nearest barangay reference point
Tingalan,TNG-POST-011,11,JCB21@13,A4/STEEL/35FT,8.39606808859474,124.462239821183,Nearest barangay reference point
Tingalan,TNG-POST-012,12,JCB21@13A,OS/STEEL/30FT,8.39585677340703,124.463104493345,Nearest barangay reference point
Tingalan,TNG-POST-013,13,TINGALAN,TINGALAN,8.40401649475098,124.464340209961,Nearest barangay reference point
Tingalan,TNG-POST-014,14,JCB21@12,A1/STEEL/35FT,8.39738966232934,124.464350803581,Nearest barangay reference point
Tingalan,TNG-POST-015,15,JCB21@11A,OS/STEEL/30FT,8.39955558437517,124.465130836904,Nearest barangay reference point
Tingalan,TNG-POST-016,16,JCB21@11,A1/STEEL/35FT,8.39901340535189,124.466228598254,Nearest barangay reference point
Tingalan,TNG-POST-017,17,JCB21@10,A1-1/STEEL/35FT,8.40139360657212,124.469199564135,Nearest barangay reference point
Tingalan,TNG-POST-018,18,JCB21@9,A1-1/STEEL/35FT,8.40229676106535,124.470805701644,Nearest barangay reference point
Tingalan,TNG-POST-019,19,JCB21@8AA,OS/STEEL/30FT,8.40341037969253,124.471938261884,Nearest barangay reference point
Tingalan,TNG-POST-020,20,JCB21@8B,OS/STEEL/30FT,8.40409208086987,124.472422739446,Nearest barangay reference point
Tingalan,TNG-POST-021,21,JCB21@8A,OS/STEEL/30FT,8.40367549664063,124.472627255362,Nearest barangay reference point
Tingalan,TNG-POST-022,22,JCB21@8,A4/STEEL/35FT,8.4032134852254,124.472867395739,Nearest barangay reference point
Tingalan,TNG-POST-023,23,JCB21@7,A4/STEEL/35FT,8.40281584833764,124.474607059946,Nearest barangay reference point
Tingalan,TNG-POST-024,24,JCB21@7A,OS/STEEL/30FT,8.40225258596082,124.474903115243,Nearest barangay reference point
Tingalan,TNG-POST-025,25,JCB40B,OS/WOOD/30FT,8.37980441654289,124.47524333495,Nearest barangay reference point
Tingalan,TNG-POST-026,26,JCB37,A3/WOOD/35FT,8.3830884909069,124.475296781677,Nearest barangay reference point
Tingalan,TNG-POST-027,27,JCB39C,OS/WOOD/30FT,8.38076231474607,124.475381295984,Nearest barangay reference point
Tingalan,TNG-POST-028,28,JCB36,A1-1/WOOD/35FT,8.38396381303764,124.475679164102,Nearest barangay reference point
Tingalan,TNG-POST-029,29,JCB39B,OS/WOOD/30FT,8.38053323163347,124.475809535222,Nearest barangay reference point
Tingalan,TNG-POST-030,30,JCB40A,OS/WOOD/30FT,8.38004950948331,124.475907093949,Nearest barangay reference point
Tingalan,TNG-POST-031,31,JCB38,A6/WOOD/35FT,8.38149626460803,124.475960460769,Nearest barangay reference point
Tingalan,TNG-POST-032,32,JCB39A,OS/WOOD/30FT,8.38045033963041,124.476053616034,Nearest barangay reference point
Tingalan,TNG-POST-033,33,JCB40,A3/WOOD/35FT,8.3801347921008,124.476096247599,Nearest barangay reference point
Tingalan,TNG-POST-034,34,JCB39,A4/WOOD/35FT,8.38071020974234,124.476252318637,Nearest barangay reference point
Tingalan,TNG-POST-035,35,JCB41,A1/WOOD/35FT,8.37932049022219,124.476310153767,Nearest barangay reference point
Tingalan,TNG-POST-036,36,JCB35,A2/WOOD/35FT,8.38493787398513,124.47631585347,Nearest barangay reference point
Tingalan,TNG-POST-037,37,JCB32C,OS/WOOD/30FT,8.39048546938086,124.476371814832,Nearest barangay reference point
Tingalan,TNG-POST-038,38,JCB42,A3/WOOD/35FT,8.37880860740447,124.476492124884,Nearest barangay reference point
Tingalan,TNG-POST-039,39,JCB34,AN10KVA/COMMON,8.38681621934066,124.476708117228,Nearest barangay reference point
Tingalan,TNG-POST-040,40,JCB34,A2/CONCRETE/35FT,8.38646145249495,124.476746264201,Nearest barangay reference point
Tingalan,TNG-POST-041,41,JCB21@6,AN10KVA/COMMON,8.40446834310802,124.476916691288,Nearest barangay reference point
Tingalan,TNG-POST-042,42,JCB21@6,A2/STEEL/35FT,8.40429668173106,124.476931950077,Nearest barangay reference point
Tingalan,TNG-POST-043,43,JCB32B,OS/WOOD/30FT,8.39041272865411,124.477511813791,Nearest barangay reference point
Tingalan,TNG-POST-044,44,JCB33,A6/CONCRETE/35FT,8.38802191137649,124.47768763575,Nearest barangay reference point
Tingalan,TNG-POST-045,45,JCB43,A1-1/WOOD/35FT,8.37802850368713,124.477698448389,Nearest barangay reference point
Tingalan,TNG-POST-046,46,JCB32A,OS/WOOD/30FT,8.38921604729503,124.477970055129,Nearest barangay reference point
Tingalan,TNG-POST-047,47,JCB21@5,A4/STEEL/35FT,8.40461369097303,124.47819937828,Nearest barangay reference point
Tingalan,TNG-POST-048,48,JCB44,A1/WOOD/35FT,8.37712325815706,124.47913460368,Nearest barangay reference point
Tingalan,TNG-POST-049,49,JCB32,A1-1/CONCRETE/35FT,8.38934943717165,124.479138207918,Nearest barangay reference point
Tingalan,TNG-POST-050,50,JCB21@4,A2/STEEL/35FT,8.40376996807663,124.479733939406,Nearest barangay reference point
Tingalan,TNG-POST-051,51,JCB45,A3/WOOD/35FT,8.37671422128806,124.479735083224,Nearest barangay reference point
Tingalan,TNG-POST-052,52,JCB31,A1-1/CONCRETE/35FT,8.39006558696272,124.479982684665,Nearest barangay reference point
Tingalan,TNG-POST-053,53,JCB46,A4/WOOD/35FT,8.37576865880774,124.48011193359,Nearest barangay reference point
Tingalan,TNG-POST-054,54,JCB30,A1-1/CONCRETE/35FT,8.39071040676003,124.480532872791,Nearest barangay reference point
Tingalan,TNG-POST-055,55,JCB21@3,A2/STEEL/35FT,8.40377055153254,124.480752171528,Nearest barangay reference point
Tingalan,TNG-POST-056,56,JCB47,A4/WOOD/35FT,8.37565416201008,124.480916596295,Nearest barangay reference point
Tingalan,TNG-POST-057,57,JCB29,A2/CONCRETE/35FT,8.39114559516309,124.481026399252,Nearest barangay reference point
Tingalan,TNG-POST-058,58,JCB28,A2/CONCRETE/35FT,8.39222887230707,124.481601230174,Nearest barangay reference point
Tingalan,TNG-POST-059,59,JCB26,A4/CONCRETE/35FT,8.3943308021262,124.481636937085,Nearest barangay reference point
Tingalan,TNG-POST-060,60,JCB21@2,A2/STEEL/35FT,8.40361749771126,124.481766469142,Nearest barangay reference point
Tingalan,TNG-POST-061,61,JCB27,A3/CONCRETE/35FT,8.39325506869233,124.481911276775,Nearest barangay reference point
Tingalan,TNG-POST-062,62,JCB25,A4/CONCRETE/35FT,8.39540200932971,124.482254515713,Nearest barangay reference point
Tingalan,TNG-POST-063,63,JCB24,A1/CONCRETE/35FT,8.39684143353453,124.482276243471,Nearest barangay reference point
Tingalan,TNG-POST-064,64,JCB23,AN10KVA/COMMON,8.39904099042826,124.482287034551,Nearest barangay reference point
Tingalan,TNG-POST-065,65,JCB23,A4/CONCRETE/35FT,8.39890270765238,124.482294663946,Nearest barangay reference point
Tingalan,TNG-POST-066,66,JCB23A,OS/WOOD/30FT,8.39789575514378,124.482328726333,Nearest barangay reference point
Tingalan,TNG-POST-067,67,JCB22A,OS/WOOD/30FT,8.40027731261858,124.483001124157,Nearest barangay reference point
Tingalan,TNG-POST-068,68,JCB22,A2/CONCRETE/35FT,8.4007984461254,124.483524290236,Nearest barangay reference point
Tingalan,TNG-POST-069,69,JCB21@1,A4/STEEL/35FT,8.40283538561972,124.483673349879,Nearest barangay reference point
Tingalan,TNG-POST-070,70,JCB21,A6/A5-1/CONCRETE/35FT,8.40319810113735,124.484315374262,Nearest barangay reference point
Tingalan,TNG-POST-071,71,JCB19,A1-1/CONCRETE/35FT,8.40481639515108,124.484814432781,Nearest barangay reference point
Tingalan,TNG-POST-072,72,JCB18,A1-1/CONCRETE/35FT,8.40655589148327,124.485035631209,Nearest barangay reference point
